ISO-10303-21;
HEADER;
FILE_DESCRIPTION (( 'STEP AP214' ),
    '1' );
FILE_NAME ('4040 Aluminum Extrusion Profile.STEP',
    '2021-03-27T14:58:13',
    ( '' ),
    ( '' ),
    'SwSTEP 2.0',
    'SolidWorks 2020',
    '' );
FILE_SCHEMA (( 'AUTOMOTIVE_DESIGN' ));
ENDSEC;

DATA;
#1 = VERTEX_POINT ( 'NONE', #6127 ) ;
#2 = DIRECTION ( 'NONE',  ( -0.0000000000000000000, -0.0000000000000000000, -1.000000000000000000 ) ) ;
#3 = DIRECTION ( 'NONE',  ( -0.0000000000000000000, -1.000000000000000000, -0.0000000000000000000 ) ) ;
#4 = AXIS2_PLACEMENT_3D ( 'NONE', #2088, #4068, #6050 ) ;
#5 = CARTESIAN_POINT ( 'NONE',  ( 39.20000000000000284, 15.10000000000001741, 50.00000000000000000 ) ) ;
#6 = EDGE_CURVE ( 'NONE', #2544, #3240, #5147, .T. ) ;
#7 = DIRECTION ( 'NONE',  ( 0.0000000000000000000, 1.000000000000000000, -0.0000000000000000000 ) ) ;
#8 = LINE ( 'NONE', #3960, #6129 ) ;
#9 = LINE ( 'NONE', #2068, #2190 ) ;
#10 = CARTESIAN_POINT ( 'NONE',  ( 7.449999999999992184, 31.54999999999986926, 50.00000000000000000 ) ) ;
#11 = ORIENTED_EDGE ( 'NONE', *, *, #735, .F. ) ;
#12 = AXIS2_PLACEMENT_3D ( 'NONE', #1720, #3115, #4630 ) ;
#13 = CARTESIAN_POINT ( 'NONE',  ( 13.59999999999998366, 4.199999999999997513, 0.0000000000000000000 ) ) ;
#14 = CARTESIAN_POINT ( 'NONE',  ( 32.55000000000005400, 37.70000000000000284, 50.00000000000000000 ) ) ;
#15 = VECTOR ( 'NONE', #2384, 1000.000000000000000 ) ;
#16 = ORIENTED_EDGE ( 'NONE', *, *, #2561, .T. ) ;
#17 = CARTESIAN_POINT ( 'NONE',  ( 4.200000000000001066, 26.10000000000001563, 50.00000000000000000 ) ) ;
#18 = AXIS2_PLACEMENT_3D ( 'NONE', #6363, #1437, #4732 ) ;
#19 = VERTEX_POINT ( 'NONE', #2202 ) ;
#20 = ORIENTED_EDGE ( 'NONE', *, *, #1985, .F. ) ;
#21 = CARTESIAN_POINT ( 'NONE',  ( 2.300000000000057998, 31.54999999999986926, 50.00000000000000000 ) ) ;
#22 = AXIS2_PLACEMENT_3D ( 'NONE', #3506, #5477, #1048 ) ;
#24 = ORIENTED_EDGE ( 'NONE', *, *, #656, .F. ) ;
#23 = DIRECTION ( 'NONE',  ( -1.000000000000000000, 0.0000000000000000000, 0.0000000000000000000 ) ) ;
#25 = DIRECTION ( 'NONE',  ( 0.0000000000000000000, -1.000000000000000000, 0.0000000000000000000 ) ) ;
#26 = EDGE_CURVE ( 'NONE', #627, #4295, #4174, .T. ) ;
#27 = DIRECTION ( 'NONE',  ( 1.000000000000000000, 0.0000000000000000000, -0.0000000000000000000 ) ) ;
#28 = CIRCLE ( 'NONE', #4893, 0.1999999999999987899 ) ;
#29 = ORIENTED_EDGE ( 'NONE', *, *, #5817, .F. ) ;
#30 = AXIS2_PLACEMENT_3D ( 'NONE', #1370, #3346, #782 ) ;
#31 = EDGE_LOOP ( 'NONE', ( #3553, #5594, #3775, #40 ) ) ;
#32 = EDGE_CURVE ( 'NONE', #3661, #1870, #5522, .T. ) ;
#33 = EDGE_LOOP ( 'NONE', ( #2112, #335, #4508, #1301 ) ) ;
#34 = PLANE ( 'NONE',  #6321 ) ;
#35 = DIRECTION ( 'NONE',  ( 1.000000000000000000, 0.0000000000000000000, 0.0000000000000000000 ) ) ;
#36 = DIRECTION ( 'NONE',  ( 1.000000000000000000, -0.0000000000000000000, -0.0000000000000000000 ) ) ;
#37 = FACE_BOUND ( 'NONE', #2664, .T. ) ;
#38 = CARTESIAN_POINT ( 'NONE',  ( 24.39999999999998437, 35.80000000000003979, 50.00000000000000000 ) ) ;
#39 = CARTESIAN_POINT ( 'NONE',  ( 32.55000000000037375, 7.450000000000006395, 50.00000000000000000 ) ) ;
#40 = ORIENTED_EDGE ( 'NONE', *, *, #2780, .T. ) ;
#41 = DIRECTION ( 'NONE',  ( -0.0000000000000000000, -0.0000000000000000000, -1.000000000000000000 ) ) ;
#42 = CARTESIAN_POINT ( 'NONE',  ( 37.50000000000036238, 9.749999999999610978, 50.00000000000000000 ) ) ;
#43 = ADVANCED_FACE ( 'NONE', ( #5177 ), #1748, .F. ) ;
#44 = ORIENTED_EDGE ( 'NONE', *, *, #2574, .T. ) ;
#45 = CYLINDRICAL_SURFACE ( 'NONE', #2500, 0.1999999999999987899 ) ;
#46 = ADVANCED_FACE ( 'NONE', ( #4236 ), #6225, .T. ) ;
#47 = ORIENTED_EDGE ( 'NONE', *, *, #4156, .F. ) ;
#48 = ORIENTED_EDGE ( 'NONE', *, *, #3767, .T. ) ;
#49 = CARTESIAN_POINT ( 'NONE',  ( 0.1999999999999988176, 25.30000000000001847, 50.00000000000000000 ) ) ;
#51 = ORIENTED_EDGE ( 'NONE', *, *, #735, .T. ) ;
#50 = LINE ( 'NONE', #4969, #4166 ) ;
#52 = LINE ( 'NONE', #1966, #2926 ) ;
#53 = DIRECTION ( 'NONE',  ( -0.0000000000000000000, -0.0000000000000000000, -1.000000000000000000 ) ) ;
#54 = VECTOR ( 'NONE', #2845, 1000.000000000000000 ) ;
#55 = ORIENTED_EDGE ( 'NONE', *, *, #5611, .T. ) ;
#56 = ORIENTED_EDGE ( 'NONE', *, *, #421, .T. ) ;
#57 = ADVANCED_FACE ( 'NONE', ( #3913 ), #5892, .F. ) ;
#58 = ORIENTED_EDGE ( 'NONE', *, *, #6164, .F. ) ;
#59 = VECTOR ( 'NONE', #3141, 1000.000000000000000 ) ;
#60 = ORIENTED_EDGE ( 'NONE', *, *, #885, .F. ) ;
#61 = AXIS2_PLACEMENT_3D ( 'NONE', #494, #4953, #4014 ) ;
#62 = LINE ( 'NONE', #980, #3833 ) ;
#63 = DIRECTION ( 'NONE',  ( -1.000000000000000000, 0.0000000000000000000, 0.0000000000000000000 ) ) ;
#64 = EDGE_CURVE ( 'NONE', #484, #2843, #5955, .T. ) ;
#65 = PLANE ( 'NONE',  #2653 ) ;
#66 = VECTOR ( 'NONE', #1279, 1000.000000000000000 ) ;
#67 = EDGE_CURVE ( 'NONE', #4996, #2578, #2100, .T. ) ;
#68 = EDGE_CURVE ( 'NONE', #1707, #461, #2737, .T. ) ;
#69 = DIRECTION ( 'NONE',  ( -0.0000000000000000000, 0.0000000000000000000, -1.000000000000000000 ) ) ;
#70 = CARTESIAN_POINT ( 'NONE',  ( 39.20000000000000284, 24.90000000000001990, 50.00000000000000000 ) ) ;
#71 = LINE ( 'NONE', #5422, #1579 ) ;
#72 = ORIENTED_EDGE ( 'NONE', *, *, #3988, .F. ) ;
#73 = CARTESIAN_POINT ( 'NONE',  ( 0.7999999999999970468, 14.90000000000001812, 0.0000000000000000000 ) ) ;
#74 = EDGE_CURVE ( 'NONE', #1870, #732, #3278, .T. ) ;
#75 = DIRECTION ( 'NONE',  ( -1.000000000000000000, 0.0000000000000000000, 0.0000000000000000000 ) ) ;
#76 = ORIENTED_EDGE ( 'NONE', *, *, #908, .F. ) ;
#77 = VERTEX_POINT ( 'NONE', #5466 ) ;
#78 = FACE_OUTER_BOUND ( 'NONE', #4850, .T. ) ;
#79 = EDGE_CURVE ( 'NONE', #4023, #2233, #2315, .T. ) ;
#80 = FACE_OUTER_BOUND ( 'NONE', #2998, .T. ) ;
#81 = EDGE_LOOP ( 'NONE', ( #2972, #1460, #2393, #2714, #661, #3263, #2557, #2955 ) ) ;
#82 = ORIENTED_EDGE ( 'NONE', *, *, #4476, .F. ) ;
#83 = DIRECTION ( 'NONE',  ( -1.000000000000000000, -7.032662740448345618E-16, 0.0000000000000000000 ) ) ;
#84 = EDGE_CURVE ( 'NONE', #2576, #5561, #3308, .T. ) ;
#85 = ORIENTED_EDGE ( 'NONE', *, *, #960, .T. ) ;
#86 = CARTESIAN_POINT ( 'NONE',  ( 35.50000000000000711, 4.500000000000000000, 50.00000000000000000 ) ) ;
#87 = CARTESIAN_POINT ( 'NONE',  ( 10.33578643762691307, 31.07842712474612767, 50.00000000000000000 ) ) ;
#88 = ORIENTED_EDGE ( 'NONE', *, *, #3098, .F. ) ;
#89 = ORIENTED_EDGE ( 'NONE', *, *, #2802, .T. ) ;
#90 = ORIENTED_EDGE ( 'NONE', *, *, #983, .T. ) ;
#91 = DIRECTION ( 'NONE',  ( 0.0000000000000000000, 0.0000000000000000000, 1.000000000000000000 ) ) ;
#92 = LINE ( 'NONE', #556, #580 ) ;
#93 = LINE ( 'NONE', #2066, #3486 ) ;
#94 = CARTESIAN_POINT ( 'NONE',  ( 1.199999999999999956, 15.90000000000001812, 50.00000000000000000 ) ) ;
#95 = DIRECTION ( 'NONE',  ( -0.0000000000000000000, -0.0000000000000000000, -1.000000000000000000 ) ) ;
#96 = DIRECTION ( 'NONE',  ( -0.0000000000000000000, -0.0000000000000000000, -1.000000000000000000 ) ) ;
#97 = AXIS2_PLACEMENT_3D ( 'NONE', #4009, #6413, #5438 ) ;
#98 = ORIENTED_EDGE ( 'NONE', *, *, #5315, .T. ) ;
#99 = CARTESIAN_POINT ( 'NONE',  ( 2.300000000000051337, 32.54999999999986926, 50.00000000000000000 ) ) ;
#100 = ADVANCED_FACE ( 'NONE', ( #1782 ), #3795, .F. ) ;
#101 = AXIS2_PLACEMENT_3D ( 'NONE', #219, #1108, #3139 ) ;
#102 = DIRECTION ( 'NONE',  ( -0.0000000000000000000, -0.0000000000000000000, -1.000000000000000000 ) ) ;
#103 = AXIS2_PLACEMENT_3D ( 'NONE', #5215, #4237, #5842 ) ;
#104 = ORIENTED_EDGE ( 'NONE', *, *, #5553, .F. ) ;
#105 = EDGE_CURVE ( 'NONE', #6009, #1131, #2423, .T. ) ;
#106 = DIRECTION ( 'NONE',  ( -0.0000000000000000000, -0.0000000000000000000, -1.000000000000000000 ) ) ;
#107 = VECTOR ( 'NONE', #3838, 1000.000000000000114 ) ;
#108 = CARTESIAN_POINT ( 'NONE',  ( 4.500000000000001776, 15.60000000000001741, 50.00000000000000000 ) ) ;
#109 = ORIENTED_EDGE ( 'NONE', *, *, #1355, .T. ) ;
#110 = DIRECTION ( 'NONE',  ( -0.0000000000000000000, -1.000000000000000000, -0.0000000000000000000 ) ) ;
#111 = ORIENTED_EDGE ( 'NONE', *, *, #5823, .T. ) ;
#112 = LINE ( 'NONE', #6079, #4834 ) ;
#113 = CARTESIAN_POINT ( 'NONE',  ( 40.00000000000000711, 14.70000000000001528, 0.0000000000000000000 ) ) ;
#114 = EDGE_LOOP ( 'NONE', ( #1186, #2060, #4393, #3262 ) ) ;
#115 = VERTEX_POINT ( 'NONE', #5743 ) ;
#116 = AXIS2_PLACEMENT_3D ( 'NONE', #4245, #4183, #3255 ) ;
#117 = AXIS2_PLACEMENT_3D ( 'NONE', #2288, #3235, #4784 ) ;
#118 = CIRCLE ( 'NONE', #1668, 0.1999999999999987899 ) ;
#119 = ORIENTED_EDGE ( 'NONE', *, *, #4650, .F. ) ;
#120 = VECTOR ( 'NONE', #1648, 1000.000000000000000 ) ;
#121 = EDGE_CURVE ( 'NONE', #733, #5737, #768, .T. ) ;
#122 = ORIENTED_EDGE ( 'NONE', *, *, #1950, .T. ) ;
#123 = CARTESIAN_POINT ( 'NONE',  ( 2.500000000000008438, 9.750000000000001776, 50.00000000000000000 ) ) ;
#124 = LINE ( 'NONE', #220, #1411 ) ;
#125 = AXIS2_PLACEMENT_3D ( 'NONE', #1778, #5242, #422 ) ;
#126 = EDGE_CURVE ( 'NONE', #484, #2129, #4282, .T. ) ;
#127 = AXIS2_PLACEMENT_3D ( 'NONE', #4030, #6015, #1031 ) ;
#128 = CARTESIAN_POINT ( 'NONE',  ( 15.59999999999998366, 4.200000000000000178, 50.00000000000000000 ) ) ;
#129 = CARTESIAN_POINT ( 'NONE',  ( 24.89999999999998792, 0.7999999999999999334, 0.0000000000000000000 ) ) ;
#130 = DIRECTION ( 'NONE',  ( 0.0000000000000000000, 0.0000000000000000000, 1.000000000000000000 ) ) ;
#131 = AXIS2_PLACEMENT_3D ( 'NONE', #5453, #2041, #4474 ) ;
#132 = CARTESIAN_POINT ( 'NONE',  ( 14.82842712474615787, 26.58578643762691129, 50.00000000000000000 ) ) ;
#133 = VERTEX_POINT ( 'NONE', #5245 ) ;
#134 = CARTESIAN_POINT ( 'NONE',  ( 14.82842712474618985, 13.41421356237309226, 50.00000000000000000 ) ) ;
#135 = CARTESIAN_POINT ( 'NONE',  ( 37.50000000000026290, 26.40000000000248548, 50.00000000000000000 ) ) ;
#136 = CARTESIAN_POINT ( 'NONE',  ( 25.17157287525369114, 13.41421356237308338, 0.0000000000000000000 ) ) ;
#137 = CARTESIAN_POINT ( 'NONE',  ( 15.59999999999998543, 35.50000000000003553, 0.0000000000000000000 ) ) ;
#138 = EDGE_CURVE ( 'NONE', #1695, #1295, #5926, .T. ) ;
#139 = ORIENTED_EDGE ( 'NONE', *, *, #4056, .T. ) ;
#140 = CARTESIAN_POINT ( 'NONE',  ( 8.921572875253820811, 29.66421356237268014, 0.0000000000000000000 ) ) ;
#141 = VECTOR ( 'NONE', #2299, 1000.000000000000000 ) ;
#142 = EDGE_CURVE ( 'NONE', #4664, #1641, #5947, .T. ) ;
#143 = DIRECTION ( 'NONE',  ( -0.0000000000000000000, -0.0000000000000000000, -1.000000000000000000 ) ) ;
#144 = ORIENTED_EDGE ( 'NONE', *, *, #1596, .T. ) ;
#145 = ADVANCED_FACE ( 'NONE', ( #4425 ), #6410, .F. ) ;
#146 = CARTESIAN_POINT ( 'NONE',  ( 39.20000000000000284, 15.10000000000001741, 50.00000000000000000 ) ) ;
#147 = ORIENTED_EDGE ( 'NONE', *, *, #610, .F. ) ;
#148 = LINE ( 'NONE', #4543, #555 ) ;
#149 = FACE_OUTER_BOUND ( 'NONE', #5750, .T. ) ;
#150 = ORIENTED_EDGE ( 'NONE', *, *, #4594, .T. ) ;
#151 = ORIENTED_EDGE ( 'NONE', *, *, #4735, .F. ) ;
#152 = ORIENTED_EDGE ( 'NONE', *, *, #3873, .F. ) ;
#153 = ORIENTED_EDGE ( 'NONE', *, *, #2109, .F. ) ;
#154 = LINE ( 'NONE', #2362, #5060 ) ;
#155 = VECTOR ( 'NONE', #1287, 1000.000000000000000 ) ;
#156 = CARTESIAN_POINT ( 'NONE',  ( 8.450000000000315481, 2.299999999999874145, 50.00000000000000000 ) ) ;
#157 = CIRCLE ( 'NONE', #3478, 0.1999999999999987899 ) ;
#158 = EDGE_LOOP ( 'NONE', ( #2494, #5428, #4966, #2174 ) ) ;
#159 = EDGE_CURVE ( 'NONE', #1700, #657, #1815, .T. ) ;
#160 = PLANE ( 'NONE',  #686 ) ;
#161 = DIRECTION ( 'NONE',  ( -0.0000000000000000000, -0.0000000000000000000, -1.000000000000000000 ) ) ;
#163 = LINE ( 'NONE', #2627, #120 ) ;
#162 = AXIS2_PLACEMENT_3D ( 'NONE', #4821, #4265, #5307 ) ;
#164 = VECTOR ( 'NONE', #1625, 1000.000000000000000 ) ;
#165 = ADVANCED_FACE ( 'NONE', ( #4454 ), #4395, .T. ) ;
#166 = CARTESIAN_POINT ( 'NONE',  ( 11.74999999999999822, 7.507359312880714342, 50.00000000000000000 ) ) ;
#167 = ORIENTED_EDGE ( 'NONE', *, *, #79, .T. ) ;
#168 = LINE ( 'NONE', #3211, #1251 ) ;
#169 = CARTESIAN_POINT ( 'NONE',  ( 7.449999999999992184, 38.69999999999979678, 0.0000000000000000000 ) ) ;
#170 = AXIS2_PLACEMENT_3D ( 'NONE', #1617, #1235, #6121 ) ;
#171 = FACE_OUTER_BOUND ( 'NONE', #5459, .T. ) ;
#172 = DIRECTION ( 'NONE',  ( 0.0000000000000000000, 0.0000000000000000000, 1.000000000000000000 ) ) ;
#173 = VECTOR ( 'NONE', #4925, 1000.000000000000000 ) ;
#174 = ORIENTED_EDGE ( 'NONE', *, *, #1284, .F. ) ;
#175 = CARTESIAN_POINT ( 'NONE',  ( 16.24264068711929809, 14.00000000000000178, 0.0000000000000000000 ) ) ;
#176 = LINE ( 'NONE', #2246, #1811 ) ;
#177 = EDGE_LOOP ( 'NONE', ( #3941, #248, #3932, #734 ) ) ;
#178 = DIRECTION ( 'NONE',  ( 0.0000000000000000000, -1.000000000000000000, 0.0000000000000000000 ) ) ;
#179 = VERTEX_POINT ( 'NONE', #4485 ) ;
#180 = DIRECTION ( 'NONE',  ( -1.000000000000000000, 0.0000000000000000000, 0.0000000000000000000 ) ) ;
#181 = CARTESIAN_POINT ( 'NONE',  ( 15.59999999999998188, 4.500000000000000000, 0.0000000000000000000 ) ) ;
#182 = EDGE_CURVE ( 'NONE', #4168, #6025, #50, .T. ) ;
#183 = ORIENTED_EDGE ( 'NONE', *, *, #3664, .F. ) ;
#184 = VERTEX_POINT ( 'NONE', #3004 ) ;
#185 = ORIENTED_EDGE ( 'NONE', *, *, #3360, .F. ) ;
#186 = VERTEX_POINT ( 'NONE', #2518 ) ;
#187 = EDGE_CURVE ( 'NONE', #4822, #1223, #1389, .T. ) ;
#188 = CARTESIAN_POINT ( 'NONE',  ( 29.25000000000000000, 37.50000000000004263, 50.00000000000000000 ) ) ;
#189 = DIRECTION ( 'NONE',  ( 1.000000000000000000, 0.0000000000000000000, 0.0000000000000000000 ) ) ;
#190 = ORIENTED_EDGE ( 'NONE', *, *, #908, .T. ) ;
#191 = DIRECTION ( 'NONE',  ( -0.0000000000000000000, -0.0000000000000000000, -1.000000000000000000 ) ) ;
#192 = CARTESIAN_POINT ( 'NONE',  ( 35.50000000000031264, 4.500000000000079936, 50.00000000000000000 ) ) ;
#193 = FACE_OUTER_BOUND ( 'NONE', #2834, .T. ) ;
#194 = ORIENTED_EDGE ( 'NONE', *, *, #1909, .F. ) ;
#195 = DIRECTION ( 'NONE',  ( 0.7071067811865358044, 0.7071067811865593411, 0.0000000000000000000 ) ) ;
#196 = EDGE_LOOP ( 'NONE', ( #2189, #4069, #4182, #4579 ) ) ;
#197 = CARTESIAN_POINT ( 'NONE',  ( -1.084202172485504434E-16, 14.70000000000001528, 50.00000000000000000 ) ) ;
#198 = EDGE_CURVE ( 'NONE', #4447, #1681, #3765, .T. ) ;
#199 = CYLINDRICAL_SURFACE ( 'NONE', #6377, 2.000000000000000000 ) ;
#200 = PLANE ( 'NONE',  #4473 ) ;
#201 = CARTESIAN_POINT ( 'NONE',  ( 13.99999999999999822, 16.24264068711919862, 50.00000000000000000 ) ) ;
#202 = VERTEX_POINT ( 'NONE', #4331 ) ;
#203 = LINE ( 'NONE', #2175, #4430 ) ;
#204 = VECTOR ( 'NONE', #3266, 1000.000000000000000 ) ;
#205 = CARTESIAN_POINT ( 'NONE',  ( 35.79999999999999005, 15.59999999999928200, 0.0000000000000000000 ) ) ;
#206 = ORIENTED_EDGE ( 'NONE', *, *, #1060, .T. ) ;
#207 = CIRCLE ( 'NONE', #313, 2.000000000000000000 ) ;
#208 = DIRECTION ( 'NONE',  ( 0.0000000000000000000, 1.000000000000000000, 0.0000000000000000000 ) ) ;
#209 = ORIENTED_EDGE ( 'NONE', *, *, #2015, .F. ) ;
#210 = CARTESIAN_POINT ( 'NONE',  ( 37.69999999999999574, 31.55000000000007887, 0.0000000000000000000 ) ) ;
#211 = DIRECTION ( 'NONE',  ( 1.000000000000000000, 0.0000000000000000000, 0.0000000000000000000 ) ) ;
#212 = VECTOR ( 'NONE', #1956, 1000.000000000000000 ) ;
#213 = ORIENTED_EDGE ( 'NONE', *, *, #1766, .T. ) ;
#214 = VERTEX_POINT ( 'NONE', #3366 ) ;
#215 = VECTOR ( 'NONE', #1958, 999.9999999999998863 ) ;
#216 = ORIENTED_EDGE ( 'NONE', *, *, #4747, .F. ) ;
#217 = EDGE_CURVE ( 'NONE', #2707, #3661, #4201, .T. ) ;
#218 = ORIENTED_EDGE ( 'NONE', *, *, #105, .F. ) ;
#219 = CARTESIAN_POINT ( 'NONE',  ( 2.300000000000051337, 32.54999999999986926, 50.00000000000000000 ) ) ;
#220 = CARTESIAN_POINT ( 'NONE',  ( 40.00000000000000000, 4.500000000000031974, 50.00000000000000000 ) ) ;
#221 = AXIS2_PLACEMENT_3D ( 'NONE', #1794, #2309, #1318 ) ;
#222 = VECTOR ( 'NONE', #3605, 1000.000000000000000 ) ;
#223 = VERTEX_POINT ( 'NONE', #6314 ) ;
#224 = DIRECTION ( 'NONE',  ( -1.000000000000000000, 0.0000000000000000000, 0.0000000000000000000 ) ) ;
#225 = EDGE_CURVE ( 'NONE', #5655, #3172, #4584, .T. ) ;
#226 = LINE ( 'NONE', #2198, #5718 ) ;
#227 = AXIS2_PLACEMENT_3D ( 'NONE', #3413, #5385, #5018 ) ;
#228 = CARTESIAN_POINT ( 'NONE',  ( 4.089858178284565156E-16, 35.49999999999998579, 50.00000000000000000 ) ) ;
#229 = ORIENTED_EDGE ( 'NONE', *, *, #68, .T. ) ;
#230 = DIRECTION ( 'NONE',  ( -0.0000000000000000000, -0.0000000000000000000, -1.000000000000000000 ) ) ;
#231 = DIRECTION ( 'NONE',  ( -0.0000000000000000000, -0.0000000000000000000, -1.000000000000000000 ) ) ;
#232 = CIRCLE ( 'NONE', #638, 0.1999999999999987899 ) ;
#233 = LINE ( 'NONE', #3629, #5912 ) ;
#234 = CARTESIAN_POINT ( 'NONE',  ( 39.20000000000000284, 25.10000000000001918, 50.00000000000000000 ) ) ;
#235 = AXIS2_PLACEMENT_3D ( 'NONE', #5923, #4875, #2879 ) ;
#236 = FACE_BOUND ( 'NONE', #4486, .T. ) ;
#237 = AXIS2_PLACEMENT_3D ( 'NONE', #2597, #3572, #6165 ) ;
#238 = CARTESIAN_POINT ( 'NONE',  ( 1.199999999999999956, 15.90000000000001812, 50.00000000000000000 ) ) ;
#239 = ORIENTED_EDGE ( 'NONE', *, *, #3400, .T. ) ;
#240 = DIRECTION ( 'NONE',  ( 1.000000000000000000, -0.0000000000000000000, -0.0000000000000000000 ) ) ;
#241 = CYLINDRICAL_SURFACE ( 'NONE', #1506, 0.3000000000000016542 ) ;
#242 = EDGE_CURVE ( 'NONE', #4063, #186, #2208, .T. ) ;
#244 = EDGE_LOOP ( 'NONE', ( #2431, #872, #6292, #2994 ) ) ;
#243 = EDGE_CURVE ( 'NONE', #2515, #6281, #386, .T. ) ;
#245 = DIRECTION ( 'NONE',  ( -1.000000000000000000, 0.0000000000000000000, 0.0000000000000000000 ) ) ;
#246 = PLANE ( 'NONE',  #3785 ) ;
#247 = ORIENTED_EDGE ( 'NONE', *, *, #801, .F. ) ;
#248 = ORIENTED_EDGE ( 'NONE', *, *, #5815, .F. ) ;
#249 = ADVANCED_FACE ( 'NONE', ( #4263 ), #3850, .F. ) ;
#250 = ORIENTED_EDGE ( 'NONE', *, *, #1982, .T. ) ;
#251 = ORIENTED_EDGE ( 'NONE', *, *, #952, .F. ) ;
#252 = CARTESIAN_POINT ( 'NONE',  ( 0.9999999999999985567, 24.30000000000001847, 50.00000000000000000 ) ) ;
#253 = DIRECTION ( 'NONE',  ( -1.000000000000000000, 0.0000000000000000000, 0.0000000000000000000 ) ) ;
#254 = ADVANCED_FACE ( 'NONE', ( #1330 ), #5796, .F. ) ;
#255 = ORIENTED_EDGE ( 'NONE', *, *, #2429, .T. ) ;
#256 = DIRECTION ( 'NONE',  ( -0.0000000000000000000, -0.0000000000000000000, -1.000000000000000000 ) ) ;
#257 = CARTESIAN_POINT ( 'NONE',  ( 15.59999999999998543, 35.50000000000003553, 50.00000000000000000 ) ) ;
#258 = ORIENTED_EDGE ( 'NONE', *, *, #4394, .F. ) ;
#259 = DIRECTION ( 'NONE',  ( -0.0000000000000000000, -0.0000000000000000000, -1.000000000000000000 ) ) ;
#260 = EDGE_LOOP ( 'NONE', ( #5867, #4885, #1769, #89 ) ) ;
#261 = LINE ( 'NONE', #4665, #3940 ) ;
#262 = DIRECTION ( 'NONE',  ( -1.000000000000000000, 0.0000000000000000000, 0.0000000000000000000 ) ) ;
#263 = ADVANCED_FACE ( 'NONE', ( #3335 ), #1362, .F. ) ;
#264 = EDGE_CURVE ( 'NONE', #1770, #3844, #1871, .T. ) ;
#265 = EDGE_CURVE ( 'NONE', #4514, #6337, #5605, .T. ) ;
#266 = DIRECTION ( 'NONE',  ( -1.000000000000000000, 0.0000000000000000000, 0.0000000000000000000 ) ) ;
#267 = AXIS2_PLACEMENT_3D ( 'NONE', #861, #6302, #3836 ) ;
#268 = AXIS2_PLACEMENT_3D ( 'NONE', #714, #2697, #4112 ) ;
#269 = CARTESIAN_POINT ( 'NONE',  ( 16.24264068711926257, 26.00000000000000355, 0.0000000000000000000 ) ) ;
#270 = ORIENTED_EDGE ( 'NONE', *, *, #3683, .F. ) ;
#271 = AXIS2_PLACEMENT_3D ( 'NONE', #3368, #3269, #6286 ) ;
#272 = DIRECTION ( 'NONE',  ( -0.0000000000000000000, 1.000000000000000000, -0.0000000000000000000 ) ) ;
#273 = ADVANCED_FACE ( 'NONE', ( #907 ), #5834, .F. ) ;
#274 = PLANE ( 'NONE',  #5752 ) ;
#275 = VECTOR ( 'NONE', #2294, 1000.000000000000000 ) ;
#276 = FACE_OUTER_BOUND ( 'NONE', #2691, .T. ) ;
#277 = EDGE_LOOP ( 'NONE', ( #5096, #1502, #3306, #5166 ) ) ;
#278 = FACE_OUTER_BOUND ( 'NONE', #5715, .T. ) ;
#279 = LINE ( 'NONE', #1765, #2862 ) ;
#280 = EDGE_CURVE ( 'NONE', #202, #4072, #5293, .T. ) ;
#281 = ORIENTED_EDGE ( 'NONE', *, *, #5323, .T. ) ;
#282 = ORIENTED_EDGE ( 'NONE', *, *, #4516, .T. ) ;
#283 = EDGE_LOOP ( 'NONE', ( #508, #477, #1051, #6322 ) ) ;
#284 = ORIENTED_EDGE ( 'NONE', *, *, #6244, .T. ) ;
#285 = DIRECTION ( 'NONE',  ( -1.000000000000000000, 0.0000000000000000000, 0.0000000000000000000 ) ) ;
#286 = CARTESIAN_POINT ( 'NONE',  ( 32.55000000000005400, 37.70000000000000284, 50.00000000000000000 ) ) ;
#287 = FACE_OUTER_BOUND ( 'NONE', #384, .T. ) ;
#288 = ORIENTED_EDGE ( 'NONE', *, *, #2389, .F. ) ;
#289 = DIRECTION ( 'NONE',  ( -0.0000000000000000000, -0.0000000000000000000, -1.000000000000000000 ) ) ;
#290 = FACE_OUTER_BOUND ( 'NONE', #4948, .T. ) ;
#291 = ORIENTED_EDGE ( 'NONE', *, *, #5817, .T. ) ;
#292 = DIRECTION ( 'NONE',  ( -0.0000000000000000000, -0.0000000000000000000, -1.000000000000000000 ) ) ;
#293 = DIRECTION ( 'NONE',  ( -0.0000000000000000000, -0.0000000000000000000, -1.000000000000000000 ) ) ;
#294 = LINE ( 'NONE', #1339, #5694 ) ;
#295 = DIRECTION ( 'NONE',  ( 0.0000000000000000000, 0.0000000000000000000, 1.000000000000000000 ) ) ;
#296 = CIRCLE ( 'NONE', #1636, 0.1999999999999994282 ) ;
#297 = LINE ( 'NONE', #3762, #5763 ) ;
#298 = DIRECTION ( 'NONE',  ( 8.163404592829867359E-15, 1.000000000000000000, -0.0000000000000000000 ) ) ;
#299 = DIRECTION ( 'NONE',  ( -0.0000000000000000000, -0.0000000000000000000, -1.000000000000000000 ) ) ;
#300 = ORIENTED_EDGE ( 'NONE', *, *, #5913, .T. ) ;
#301 = EDGE_CURVE ( 'NONE', #6112, #3813, #2752, .T. ) ;
#302 = DIRECTION ( 'NONE',  ( 0.0000000000000000000, 0.0000000000000000000, 1.000000000000000000 ) ) ;
#303 = CARTESIAN_POINT ( 'NONE',  ( 4.500000000000032863, 0.0000000000000000000, 50.00000000000000000 ) ) ;
#304 = ADVANCED_FACE ( 'NONE', ( #6216 ), #1772, .F. ) ;
#305 = DIRECTION ( 'NONE',  ( 0.0000000000000000000, -0.0000000000000000000, -1.000000000000000000 ) ) ;
#306 = ORIENTED_EDGE ( 'NONE', *, *, #3704, .F. ) ;
#307 = LINE ( 'NONE', #2280, #2115 ) ;
#308 = AXIS2_PLACEMENT_3D ( 'NONE', #3227, #4743, #6208 ) ;
#309 = DIRECTION ( 'NONE',  ( -1.000000000000000000, 0.0000000000000000000, 0.0000000000000000000 ) ) ;
#310 = VERTEX_POINT ( 'NONE', #3782 ) ;
#311 = ORIENTED_EDGE ( 'NONE', *, *, #2619, .T. ) ;
#312 = ORIENTED_EDGE ( 'NONE', *, *, #1850, .T. ) ;
#313 = AXIS2_PLACEMENT_3D ( 'NONE', #3760, #4923, #493 ) ;
#314 = VERTEX_POINT ( 'NONE', #5765 ) ;
#315 = DIRECTION ( 'NONE',  ( -0.0000000000000000000, -0.0000000000000000000, -1.000000000000000000 ) ) ;
#316 = CARTESIAN_POINT ( 'NONE',  ( 15.09999999999998366, 39.20000000000000995, 0.0000000000000000000 ) ) ;
#317 = DIRECTION ( 'NONE',  ( -0.0000000000000000000, -1.000000000000000000, -0.0000000000000000000 ) ) ;
#318 = ORIENTED_EDGE ( 'NONE', *, *, #2359, .F. ) ;
#319 = CARTESIAN_POINT ( 'NONE',  ( 32.55000000000037375, 1.300000000000078426, 50.00000000000000000 ) ) ;
#320 = CARTESIAN_POINT ( 'NONE',  ( 15.09999999999998543, 1.000000000000000000, 50.00000000000000000 ) ) ;
#321 = EDGE_CURVE ( 'NONE', #1126, #5162, #3300, .T. ) ;
#322 = ORIENTED_EDGE ( 'NONE', *, *, #4585, .T. ) ;
#323 = CARTESIAN_POINT ( 'NONE',  ( 35.50000000000002132, 24.39999999999928448, 50.00000000000000000 ) ) ;
#324 = DIRECTION ( 'NONE',  ( 0.0000000000000000000, -1.000000000000000000, 0.0000000000000000000 ) ) ;
#325 = CARTESIAN_POINT ( 'NONE',  ( 29.25000000000000000, 37.50000000000004263, 0.0000000000000000000 ) ) ;
#326 = EDGE_CURVE ( 'NONE', #5848, #4838, #2816, .T. ) ;
#327 = LINE ( 'NONE', #2302, #3997 ) ;
#328 = VECTOR ( 'NONE', #2045, 1000.000000000000000 ) ;
#329 = CARTESIAN_POINT ( 'NONE',  ( 12.59999999999997655, 1.499999999999999112, 50.00000000000000000 ) ) ;
#330 = EDGE_LOOP ( 'NONE', ( #5981, #3832, #1420, #5555 ) ) ;
#331 = DIRECTION ( 'NONE',  ( 0.0000000000000000000, -1.000000000000000000, 0.0000000000000000000 ) ) ;
#332 = FACE_OUTER_BOUND ( 'NONE', #1941, .T. ) ;
#333 = VECTOR ( 'NONE', #315, 1000.000000000000000 ) ;
#334 = AXIS2_PLACEMENT_3D ( 'NONE', #5811, #3382, #2376 ) ;
#335 = ORIENTED_EDGE ( 'NONE', *, *, #1136, .F. ) ;
#336 = VECTOR ( 'NONE', #383, 1000.000000000000000 ) ;
#337 = CARTESIAN_POINT ( 'NONE',  ( 24.89999999999998437, 39.00000000000002132, 50.00000000000000000 ) ) ;
#338 = AXIS2_PLACEMENT_3D ( 'NONE', #3385, #498, #3022 ) ;
#339 = EDGE_CURVE ( 'NONE', #2129, #5690, #4913, .T. ) ;
#340 = DIRECTION ( 'NONE',  ( 0.0000000000000000000, 0.0000000000000000000, 1.000000000000000000 ) ) ;
#341 = LINE ( 'NONE', #4320, #2493 ) ;
#342 = ORIENTED_EDGE ( 'NONE', *, *, #6086, .F. ) ;
#343 = VECTOR ( 'NONE', #1171, 1000.000000000000000 ) ;
#344 = CARTESIAN_POINT ( 'NONE',  ( 32.49264068711969600, 28.24999999999955236, 0.0000000000000000000 ) ) ;
#345 = DIRECTION ( 'NONE',  ( -1.000000000000000000, 0.0000000000000000000, 0.0000000000000000000 ) ) ;
#346 = VECTOR ( 'NONE', #4272, 1000.000000000000000 ) ;
#347 = EDGE_CURVE ( 'NONE', #4871, #2233, #3946, .T. ) ;
#348 = EDGE_CURVE ( 'NONE', #1609, #629, #5984, .T. ) ;
#349 = ORIENTED_EDGE ( 'NONE', *, *, #4343, .T. ) ;
#350 = ORIENTED_EDGE ( 'NONE', *, *, #1923, .T. ) ;
#351 = CARTESIAN_POINT ( 'NONE',  ( 12.60000000000082565, 37.50000000000004263, 0.0000000000000000000 ) ) ;
#352 = ORIENTED_EDGE ( 'NONE', *, *, #1435, .F. ) ;
#353 = VERTEX_POINT ( 'NONE', #1999 ) ;
#354 = CARTESIAN_POINT ( 'NONE',  ( 23.75735931288071967, 28.00000000000000000, 50.00000000000000000 ) ) ;
#355 = LINE ( 'NONE', #5766, #4443 ) ;
#356 = DIRECTION ( 'NONE',  ( 1.000000000000000000, -0.0000000000000000000, -0.0000000000000000000 ) ) ;
#357 = ORIENTED_EDGE ( 'NONE', *, *, #5044, .F. ) ;
#358 = FACE_OUTER_BOUND ( 'NONE', #1611, .T. ) ;
#359 = CARTESIAN_POINT ( 'NONE',  ( 38.69999999999999574, 32.55000000000008242, 50.00000000000000000 ) ) ;
#360 = ORIENTED_EDGE ( 'NONE', *, *, #5133, .T. ) ;
#361 = PLANE ( 'NONE',  #3550 ) ;
#362 = LINE ( 'NONE', #5277, #834 ) ;
#363 = CARTESIAN_POINT ( 'NONE',  ( 7.449999999999992184, 38.69999999999979678, 50.00000000000000000 ) ) ;
#364 = ADVANCED_FACE ( 'NONE', ( #4363 ), #6412, .F. ) ;
#365 = CARTESIAN_POINT ( 'NONE',  ( 26.58578643762728788, 14.82842712474584346, 0.0000000000000000000 ) ) ;
#366 = ORIENTED_EDGE ( 'NONE', *, *, #3513, .F. ) ;
#367 = FACE_OUTER_BOUND ( 'NONE', #3562, .T. ) ;
#368 = CYLINDRICAL_SURFACE ( 'NONE', #3027, 2.000000000000001776 ) ;
#369 = VERTEX_POINT ( 'NONE', #1005 ) ;
#370 = LINE ( 'NONE', #6267, #5712 ) ;
#371 = VECTOR ( 'NONE', #2841, 1000.000000000000000 ) ;
#372 = CIRCLE ( 'NONE', #1196, 0.3000000000000016542 ) ;
#373 = VECTOR ( 'NONE', #6276, 1000.000000000000000 ) ;
#374 = DIRECTION ( 'NONE',  ( 1.000000000000000000, 0.0000000000000000000, 0.0000000000000000000 ) ) ;
#375 = CARTESIAN_POINT ( 'NONE',  ( 25.29999999999998650, 39.80000000000003268, 0.0000000000000000000 ) ) ;
#376 = CIRCLE ( 'NONE', #2547, 0.3000000000000016542 ) ;
#377 = ORIENTED_EDGE ( 'NONE', *, *, #5658, .T. ) ;
#378 = CARTESIAN_POINT ( 'NONE',  ( 14.89999999999998259, 0.2000000000000014821, 50.00000000000000000 ) ) ;
#379 = CARTESIAN_POINT ( 'NONE',  ( 25.29999999999999005, 0.0000000000000000000, 50.00000000000000000 ) ) ;
#380 = CIRCLE ( 'NONE', #2030, 2.000000000000005329 ) ;
#381 = ORIENTED_EDGE ( 'NONE', *, *, #2499, .F. ) ;
#382 = EDGE_LOOP ( 'NONE', ( #973, #4571, #4391, #1247 ) ) ;
#383 = DIRECTION ( 'NONE',  ( -0.0000000000000000000, -0.0000000000000000000, -1.000000000000000000 ) ) ;
#384 = EDGE_LOOP ( 'NONE', ( #2016, #3460, #4357, #6313 ) ) ;
#385 = VERTEX_POINT ( 'NONE', #4487 ) ;
#386 = LINE ( 'NONE', #5338, #333 ) ;
#387 = CARTESIAN_POINT ( 'NONE',  ( 35.50000000000002132, 26.10000000000248122, 0.0000000000000000000 ) ) ;
#388 = CARTESIAN_POINT ( 'NONE',  ( 0.2000000000000001776, 25.10000000000001918, 50.00000000000000000 ) ) ;
#389 = ORIENTED_EDGE ( 'NONE', *, *, #5509, .T. ) ;
#390 = CARTESIAN_POINT ( 'NONE',  ( 0.7999999999999983791, 15.10000000000001741, 0.0000000000000000000 ) ) ;
#391 = CARTESIAN_POINT ( 'NONE',  ( 2.300000000000373745, 8.449999999999795008, 50.00000000000000000 ) ) ;
#392 = EDGE_CURVE ( 'NONE', #2486, #450, #485, .T. ) ;
#393 = ORIENTED_EDGE ( 'NONE', *, *, #3857, .F. ) ;
#394 = LINE ( 'NONE', #2333, #5614 ) ;
#395 = CARTESIAN_POINT ( 'NONE',  ( 4.199999999999999289, 13.60000000000001918, 50.00000000000000000 ) ) ;
#396 = DIRECTION ( 'NONE',  ( -0.0000000000000000000, -0.0000000000000000000, -1.000000000000000000 ) ) ;
#397 = LINE ( 'NONE', #5845, #5348 ) ;
#398 = EDGE_CURVE ( 'NONE', #5214, #2001, #5500, .T. ) ;
#399 = CARTESIAN_POINT ( 'NONE',  ( 0.7999999999999983791, 15.10000000000001741, 50.00000000000000000 ) ) ;
#400 = CARTESIAN_POINT ( 'NONE',  ( 24.89999999999998437, 39.00000000000002132, 50.00000000000000000 ) ) ;
#401 = EDGE_CURVE ( 'NONE', #645, #3748, #3465, .T. ) ;
#402 = ORIENTED_EDGE ( 'NONE', *, *, #2278, .T. ) ;
#403 = CARTESIAN_POINT ( 'NONE',  ( 9.749999999999998224, 7.507359312880706348, 0.0000000000000000000 ) ) ;
#404 = LINE ( 'NONE', #5785, #5490 ) ;
#405 = EDGE_CURVE ( 'NONE', #5002, #669, #3915, .T. ) ;
#406 = ORIENTED_EDGE ( 'NONE', *, *, #3273, .F. ) ;
#407 = DIRECTION ( 'NONE',  ( 0.0000000000000000000, -1.000000000000000000, 0.0000000000000000000 ) ) ;
#408 = EDGE_CURVE ( 'NONE', #3849, #3033, #52, .T. ) ;
#409 = VERTEX_POINT ( 'NONE', #4943 ) ;
#410 = ORIENTED_EDGE ( 'NONE', *, *, #5933, .F. ) ;
#411 = CARTESIAN_POINT ( 'NONE',  ( 24.29999999999998650, 1.000000000000000444, 50.00000000000000000 ) ) ;
#412 = CIRCLE ( 'NONE', #4, 1.999999999999998224 ) ;
#413 = EDGE_LOOP ( 'NONE', ( #250, #151, #1230, #2242 ) ) ;
#414 = ORIENTED_EDGE ( 'NONE', *, *, #2564, .F. ) ;
#415 = DIRECTION ( 'NONE',  ( -0.0000000000000000000, 1.000000000000000000, -0.0000000000000000000 ) ) ;
#416 = DIRECTION ( 'NONE',  ( 0.0000000000000000000, 0.0000000000000000000, 1.000000000000000000 ) ) ;
#417 = DIRECTION ( 'NONE',  ( -1.000000000000000000, 0.0000000000000000000, 0.0000000000000000000 ) ) ;
#418 = AXIS2_PLACEMENT_3D ( 'NONE', #3619, #5138, #1194 ) ;
#419 = ORIENTED_EDGE ( 'NONE', *, *, #1540, .F. ) ;
#420 = FACE_OUTER_BOUND ( 'NONE', #4876, .T. ) ;
#421 = EDGE_CURVE ( 'NONE', #1734, #3415, #1068, .T. ) ;
#422 = DIRECTION ( 'NONE',  ( 0.0000000000000000000, 0.0000000000000000000, 1.000000000000000000 ) ) ;
#423 = AXIS2_PLACEMENT_3D ( 'NONE', #4795, #5246, #5775 ) ;
#424 = ORIENTED_EDGE ( 'NONE', *, *, #1553, .T. ) ;
#425 = CARTESIAN_POINT ( 'NONE',  ( 14.69999999999997975, 40.00000000000001421, 50.00000000000000000 ) ) ;
#426 = CARTESIAN_POINT ( 'NONE',  ( 13.41421356237304963, 25.17157287525370535, 50.00000000000000000 ) ) ;
#427 = LINE ( 'NONE', #5317, #4504 ) ;
#428 = AXIS2_PLACEMENT_3D ( 'NONE', #375, #1350, #3357 ) ;
#429 = EDGE_CURVE ( 'NONE', #5983, #852, #5957, .T. ) ;
#430 = DIRECTION ( 'NONE',  ( 1.000000000000000000, 0.0000000000000000000, 0.0000000000000000000 ) ) ;
#431 = ADVANCED_FACE ( 'NONE', ( #3495 ), #2982, .T. ) ;
#432 = CARTESIAN_POINT ( 'NONE',  ( 10.75000000000000000, 37.50000000000004263, 50.00000000000000000 ) ) ;
#433 = CARTESIAN_POINT ( 'NONE',  ( 28.24999999999999645, 32.49264068711929099, 50.00000000000000000 ) ) ;
#434 = CARTESIAN_POINT ( 'NONE',  ( 0.2000000000000001776, 14.70000000000001705, 50.00000000000000000 ) ) ;
#435 = ORIENTED_EDGE ( 'NONE', *, *, #545, .T. ) ;
#436 = VECTOR ( 'NONE', #2271, 1000.000000000000114 ) ;
#437 = AXIS2_PLACEMENT_3D ( 'NONE', #544, #4456, #2520 ) ;
#438 = VECTOR ( 'NONE', #1532, 1000.000000000000000 ) ;
#439 = CARTESIAN_POINT ( 'NONE',  ( 7.450000000000308376, 1.299999999999867262, 0.0000000000000000000 ) ) ;
#440 = CARTESIAN_POINT ( 'NONE',  ( 15.89999999999998437, 35.80000000000004690, 50.00000000000000000 ) ) ;
#441 = VERTEX_POINT ( 'NONE', #5928 ) ;
#442 = CARTESIAN_POINT ( 'NONE',  ( 24.29999999999998295, 38.80000000000001847, 50.00000000000000000 ) ) ;
#443 = VECTOR ( 'NONE', #3657, 1000.000000000000000 ) ;
#444 = VECTOR ( 'NONE', #3330, 1000.000000000000000 ) ;
#445 = EDGE_CURVE ( 'NONE', #3589, #1357, #2291, .T. ) ;
#446 = ORIENTED_EDGE ( 'NONE', *, *, #5248, .T. ) ;
#447 = ORIENTED_EDGE ( 'NONE', *, *, #2601, .T. ) ;
#448 = DIRECTION ( 'NONE',  ( 6.854200608435435519E-17, -1.000000000000000000, 0.0000000000000000000 ) ) ;
#449 = EDGE_CURVE ( 'NONE', #3067, #5684, #513, .T. ) ;
#450 = VERTEX_POINT ( 'NONE', #1906 ) ;
#452 = EDGE_LOOP ( 'NONE', ( #4842, #4753, #318, #3334 ) ) ;
#451 = DIRECTION ( 'NONE',  ( 0.0000000000000000000, 0.0000000000000000000, 1.000000000000000000 ) ) ;
#453 = CARTESIAN_POINT ( 'NONE',  ( 35.49999999999998579, 40.00000000000001421, 50.00000000000000000 ) ) ;
#454 = LINE ( 'NONE', #4398, #3934 ) ;
#455 = DIRECTION ( 'NONE',  ( -1.000000000000000000, 0.0000000000000000000, 0.0000000000000000000 ) ) ;
#456 = EDGE_CURVE ( 'NONE', #1126, #314, #2394, .T. ) ;
#457 = ORIENTED_EDGE ( 'NONE', *, *, #3356, .F. ) ;
#458 = CARTESIAN_POINT ( 'NONE',  ( 2.500000000000008438, 9.750000000000001776, 50.00000000000000000 ) ) ;
#459 = DIRECTION ( 'NONE',  ( 0.7071067811865472397, 0.7071067811865479058, 0.0000000000000000000 ) ) ;
#460 = ORIENTED_EDGE ( 'NONE', *, *, #935, .T. ) ;
#461 = VERTEX_POINT ( 'NONE', #1424 ) ;
#462 = DIRECTION ( 'NONE',  ( -1.000000000000000000, 0.0000000000000000000, 0.0000000000000000000 ) ) ;
#463 = AXIS2_PLACEMENT_3D ( 'NONE', #2485, #4273, #4911 ) ;
#464 = CARTESIAN_POINT ( 'NONE',  ( 15.59999999999998188, 4.500000000000000000, 50.00000000000000000 ) ) ;
#465 = EDGE_CURVE ( 'NONE', #3364, #538, #3399, .T. ) ;
#466 = LINE ( 'NONE', #2440, #1827 ) ;
#467 = FACE_BOUND ( 'NONE', #5615, .T. ) ;
#468 = DIRECTION ( 'NONE',  ( -1.000000000000000000, -0.0000000000000000000, -0.0000000000000000000 ) ) ;
#469 = CARTESIAN_POINT ( 'NONE',  ( 35.50000000000000711, 4.500000000000000000, 0.0000000000000000000 ) ) ;
#470 = ORIENTED_EDGE ( 'NONE', *, *, #3529, .F. ) ;
#471 = ADVANCED_FACE ( 'NONE', ( #3431 ), #5403, .T. ) ;
#472 = CARTESIAN_POINT ( 'NONE',  ( 2.300000000000366640, 7.449999999999794120, 50.00000000000000000 ) ) ;
#473 = CARTESIAN_POINT ( 'NONE',  ( 26.00000000000038369, 16.24264068711893572, 0.0000000000000000000 ) ) ;
#474 = VERTEX_POINT ( 'NONE', #210 ) ;
#475 = ADVANCED_FACE ( 'NONE', ( #697 ), #6017, .F. ) ;
#476 = CYLINDRICAL_SURFACE ( 'NONE', #3327, 0.1999999999999987899 ) ;
#477 = ORIENTED_EDGE ( 'NONE', *, *, #4653, .F. ) ;
#478 = CIRCLE ( 'NONE', #5017, 0.1999999999999987899 ) ;
#479 = VERTEX_POINT ( 'NONE', #1155 ) ;
#480 = AXIS2_PLACEMENT_3D ( 'NONE', #99, #2477, #5546 ) ;
#481 = LINE ( 'NONE', #4843, #4365 ) ;
#482 = ADVANCED_FACE ( 'NONE', ( #6049 ), #1224, .T. ) ;
#484 = VERTEX_POINT ( 'NONE', #4067 ) ;
#483 = CARTESIAN_POINT ( 'NONE',  ( 14.69999999999997975, 40.00000000000001421, 50.00000000000000000 ) ) ;
#485 = LINE ( 'NONE', #4880, #3339 ) ;
#486 = LINE ( 'NONE', #4881, #933 ) ;
#487 = VECTOR ( 'NONE', #2063, 1000.000000000000000 ) ;
#488 = EDGE_LOOP ( 'NONE', ( #4811, #5105, #2798, #1377 ) ) ;
#489 = AXIS2_PLACEMENT_3D ( 'NONE', #4986, #4897, #2530 ) ;
#490 = ORIENTED_EDGE ( 'NONE', *, *, #392, .F. ) ;
#491 = ORIENTED_EDGE ( 'NONE', *, *, #5329, .F. ) ;
#492 = CARTESIAN_POINT ( 'NONE',  ( 11.74999999999999822, 32.49264068711923414, 0.0000000000000000000 ) ) ;
#493 = DIRECTION ( 'NONE',  ( -1.000000000000000000, 0.0000000000000000000, 0.0000000000000000000 ) ) ;
#494 = CARTESIAN_POINT ( 'NONE',  ( 15.69999999999998508, 38.80000000000001847, 50.00000000000000000 ) ) ;
#495 = CARTESIAN_POINT ( 'NONE',  ( 25.09999999999998721, 39.80000000000003268, 50.00000000000000000 ) ) ;
#496 = CARTESIAN_POINT ( 'NONE',  ( 39.00000000000000711, 15.10000000000001918, 50.00000000000000000 ) ) ;
#497 = DIRECTION ( 'NONE',  ( -0.0000000000000000000, 0.0000000000000000000, -1.000000000000000000 ) ) ;
#498 = DIRECTION ( 'NONE',  ( 0.0000000000000000000, 0.0000000000000000000, 1.000000000000000000 ) ) ;
#499 = ORIENTED_EDGE ( 'NONE', *, *, #3499, .T. ) ;
#500 = CARTESIAN_POINT ( 'NONE',  ( 25.09999999999998721, 0.2000000000000014266, 50.00000000000000000 ) ) ;
#501 = FACE_OUTER_BOUND ( 'NONE', #1056, .T. ) ;
#502 = EDGE_CURVE ( 'NONE', #694, #3404, #2182, .T. ) ;
#503 = FACE_OUTER_BOUND ( 'NONE', #4124, .T. ) ;
#504 = ORIENTED_EDGE ( 'NONE', *, *, #5248, .F. ) ;
#505 = CARTESIAN_POINT ( 'NONE',  ( 15.59999999999998188, 4.500000000000000000, 50.00000000000000000 ) ) ;
#506 = VECTOR ( 'NONE', #240, 1000.000000000000000 ) ;
#507 = EDGE_CURVE ( 'NONE', #5873, #2555, #4642, .T. ) ;
#508 = ORIENTED_EDGE ( 'NONE', *, *, #2282, .T. ) ;
#509 = ORIENTED_EDGE ( 'NONE', *, *, #2705, .T. ) ;
#510 = FACE_OUTER_BOUND ( 'NONE', #5093, .T. ) ;
#512 = ORIENTED_EDGE ( 'NONE', *, *, #2293, .F. ) ;
#511 = DIRECTION ( 'NONE',  ( -0.0000000000000000000, -0.0000000000000000000, -1.000000000000000000 ) ) ;
#513 = LINE ( 'NONE', #5468, #4361 ) ;
#514 = CYLINDRICAL_SURFACE ( 'NONE', #1044, 0.2000000000000005107 ) ;
#515 = EDGE_LOOP ( 'NONE', ( #4539, #3175, #777, #595 ) ) ;
#516 = ORIENTED_EDGE ( 'NONE', *, *, #5211, .T. ) ;
#517 = EDGE_LOOP ( 'NONE', ( #4725, #5786, #4483, #1993 ) ) ;
#518 = CARTESIAN_POINT ( 'NONE',  ( 30.25000000000000355, 7.507359312880496738, 50.00000000000000000 ) ) ;
#519 = VECTOR ( 'NONE', #6187, 1000.000000000000000 ) ;
#520 = CARTESIAN_POINT ( 'NONE',  ( 0.1999999999999988176, 25.30000000000001847, 50.00000000000000000 ) ) ;
#521 = VECTOR ( 'NONE', #5674, 1000.000000000000000 ) ;
#522 = EDGE_CURVE ( 'NONE', #5086, #664, #1413, .T. ) ;
#523 = CARTESIAN_POINT ( 'NONE',  ( 12.60000000000081855, 38.50000000000004263, 0.0000000000000000000 ) ) ;
#524 = CARTESIAN_POINT ( 'NONE',  ( 4.500000000000002665, 24.40000000000001990, 0.0000000000000000000 ) ) ;
#525 = CARTESIAN_POINT ( 'NONE',  ( 37.50000000000008527, 30.24999999999955236, 0.0000000000000000000 ) ) ;
#526 = ADVANCED_FACE ( 'NONE', ( #1127 ), #2054, .F. ) ;
#527 = CARTESIAN_POINT ( 'NONE',  ( 25.17157287525381903, 26.58578643762691485, 0.0000000000000000000 ) ) ;
#528 = EDGE_LOOP ( 'NONE', ( #5633, #4844, #4244, #291 ) ) ;
#529 = AXIS2_PLACEMENT_3D ( 'NONE', #695, #208, #2180 ) ;
#530 = DIRECTION ( 'NONE',  ( -1.000000000000000000, 0.0000000000000000000, 0.0000000000000000000 ) ) ;
#531 = ADVANCED_FACE ( 'NONE', ( #5062 ), #4613, .F. ) ;
#532 = CARTESIAN_POINT ( 'NONE',  ( 4.500000000000001776, 15.60000000000001741, 50.00000000000000000 ) ) ;
#533 = CIRCLE ( 'NONE', #1660, 0.3000000000000007661 ) ;
#534 = ORIENTED_EDGE ( 'NONE', *, *, #4902, .F. ) ;
#535 = CARTESIAN_POINT ( 'NONE',  ( 24.29999999999998295, 1.199999999999999956, 0.0000000000000000000 ) ) ;
#536 = ADVANCED_FACE ( 'NONE', ( #4158 ), #5034, .F. ) ;
#537 = VECTOR ( 'NONE', #1054, 1000.000000000000000 ) ;
#538 = VERTEX_POINT ( 'NONE', #5130 ) ;
#539 = EDGE_LOOP ( 'NONE', ( #2283, #5492, #2463, #4522 ) ) ;
#540 = CARTESIAN_POINT ( 'NONE',  ( 25.09999999999998721, 39.80000000000003268, 50.00000000000000000 ) ) ;
#541 = VECTOR ( 'NONE', #2472, 1000.000000000000000 ) ;
#543 = VERTEX_POINT ( 'NONE', #3676 ) ;
#542 = DIRECTION ( 'NONE',  ( 1.000000000000000000, -0.0000000000000000000, -0.0000000000000000000 ) ) ;
#544 = CARTESIAN_POINT ( 'NONE',  ( 35.80000000000002558, 26.10000000000248122, 50.00000000000000000 ) ) ;
#545 = EDGE_CURVE ( 'NONE', #314, #3155, #5656, .T. ) ;
#546 = LINE ( 'NONE', #1006, #4858 ) ;
#547 = VECTOR ( 'NONE', #3179, 1000.000000000000000 ) ;
#548 = EDGE_CURVE ( 'NONE', #2033, #3276, #573, .T. ) ;
#549 = ORIENTED_EDGE ( 'NONE', *, *, #4025, .T. ) ;
#550 = VERTEX_POINT ( 'NONE', #1605 ) ;
#551 = VERTEX_POINT ( 'NONE', #4518 ) ;
#552 = APPLICATION_PROTOCOL_DEFINITION ( 'draft international standard', 'automotive_design', 1998, #2313 ) ;
#553 = EDGE_CURVE ( 'NONE', #1295, #5629, #3979, .T. ) ;
#554 = CARTESIAN_POINT ( 'NONE',  ( 2.500000000000001332, 27.40000000000001634, 50.00000000000000000 ) ) ;
#555 = VECTOR ( 'NONE', #4093, 1000.000000000000000 ) ;
#556 = CARTESIAN_POINT ( 'NONE',  ( 8.450000000000315481, 7.449999999999787903, 50.00000000000000000 ) ) ;
#557 = CYLINDRICAL_SURFACE ( 'NONE', #796, 0.2999999999999999334 ) ;
#558 = LINE ( 'NONE', #1082, #541 ) ;
#559 = CARTESIAN_POINT ( 'NONE',  ( 25.17157287525381903, 26.58578643762691485, 50.00000000000000000 ) ) ;
#560 = LINE ( 'NONE', #1529, #1380 ) ;
#561 = ORIENTED_EDGE ( 'NONE', *, *, #5518, .T. ) ;
#562 = EDGE_CURVE ( 'NONE', #3207, #2195, #148, .T. ) ;
#563 = CARTESIAN_POINT ( 'NONE',  ( 35.50000000000002132, 24.39999999999928448, 0.0000000000000000000 ) ) ;
#564 = CARTESIAN_POINT ( 'NONE',  ( 35.80000000000002558, 24.09999999999928022, 0.0000000000000000000 ) ) ;
#565 = ORIENTED_EDGE ( 'NONE', *, *, #449, .T. ) ;
#566 = EDGE_LOOP ( 'NONE', ( #5366, #3328, #490, #1580 ) ) ;
#567 = DIRECTION ( 'NONE',  ( -0.0000000000000000000, -0.0000000000000000000, -1.000000000000000000 ) ) ;
#568 = DIRECTION ( 'NONE',  ( -0.0000000000000000000, -0.0000000000000000000, -1.000000000000000000 ) ) ;
#569 = EDGE_LOOP ( 'NONE', ( #185, #2881, #1184, #3395 ) ) ;
#570 = ORIENTED_EDGE ( 'NONE', *, *, #5456, .T. ) ;
#571 = DIRECTION ( 'NONE',  ( -1.000000000000000000, 0.0000000000000000000, 0.0000000000000000000 ) ) ;
#572 = ORIENTED_EDGE ( 'NONE', *, *, #2840, .T. ) ;
#573 = LINE ( 'NONE', #1187, #5102 ) ;
#574 = DIRECTION ( 'NONE',  ( 0.0000000000000000000, 0.0000000000000000000, 1.000000000000000000 ) ) ;
#575 = VECTOR ( 'NONE', #1569, 1000.000000000000000 ) ;
#576 = AXIS2_PLACEMENT_3D ( 'NONE', #3663, #4729, #5149 ) ;
#577 = ORIENTED_EDGE ( 'NONE', *, *, #1284, .T. ) ;
#578 = ORIENTED_EDGE ( 'NONE', *, *, #2840, .F. ) ;
#579 = EDGE_CURVE ( 'NONE', #4609, #1, #112, .T. ) ;
#580 = VECTOR ( 'NONE', #1552, 1000.000000000000000 ) ;
#581 = ORIENTED_EDGE ( 'NONE', *, *, #3045, .F. ) ;
#582 = CIRCLE ( 'NONE', #2025, 0.2999999999999999334 ) ;
#583 = DIRECTION ( 'NONE',  ( -1.000000000000000000, -1.172110456741085335E-16, -0.0000000000000000000 ) ) ;
#584 = DIRECTION ( 'NONE',  ( -0.0000000000000000000, -0.0000000000000000000, -1.000000000000000000 ) ) ;
#585 = DIRECTION ( 'NONE',  ( 0.0000000000000000000, 0.0000000000000000000, 1.000000000000000000 ) ) ;
#586 = AXIS2_PLACEMENT_3D ( 'NONE', #4754, #3856, #6288 ) ;
#587 = EDGE_CURVE ( 'NONE', #664, #5086, #4813, .T. ) ;
#588 = CARTESIAN_POINT ( 'NONE',  ( 37.50000000000036238, 9.749999999999610978, 50.00000000000000000 ) ) ;
#589 = CARTESIAN_POINT ( 'NONE',  ( 14.89999999999998259, 39.20000000000000995, 50.00000000000000000 ) ) ;
#590 = CARTESIAN_POINT ( 'NONE',  ( 35.49999999999999289, 15.59999999999928022, 50.00000000000000000 ) ) ;
#591 = ORIENTED_EDGE ( 'NONE', *, *, #6199, .F. ) ;
#592 = LINE ( 'NONE', #989, #6167 ) ;
#593 = DIRECTION ( 'NONE',  ( 1.000000000000000000, 1.172110456741085581E-16, 0.0000000000000000000 ) ) ;
#594 = ADVANCED_FACE ( 'NONE', ( #1635 ), #2149, .F. ) ;
#595 = ORIENTED_EDGE ( 'NONE', *, *, #1535, .T. ) ;
#596 = CARTESIAN_POINT ( 'NONE',  ( 2.500000000000008438, 13.60000000000001918, 50.00000000000000000 ) ) ;
#597 = DIRECTION ( 'NONE',  ( -1.000000000000000000, 0.0000000000000000000, 0.0000000000000000000 ) ) ;
#598 = ORIENTED_EDGE ( 'NONE', *, *, #3437, .T. ) ;
#599 = EDGE_CURVE ( 'NONE', #461, #353, #5259, .T. ) ;
#600 = DIRECTION ( 'NONE',  ( -1.000000000000000000, 0.0000000000000000000, 0.0000000000000000000 ) ) ;
#602 = ORIENTED_EDGE ( 'NONE', *, *, #729, .F. ) ;
#601 = EDGE_CURVE ( 'NONE', #4976, #4023, #3738, .T. ) ;
#603 = DIRECTION ( 'NONE',  ( -0.0000000000000000000, -0.0000000000000000000, -1.000000000000000000 ) ) ;
#604 = LINE ( 'NONE', #5035, #3418 ) ;
#605 = VERTEX_POINT ( 'NONE', #4678 ) ;
#606 = ORIENTED_EDGE ( 'NONE', *, *, #4577, .F. ) ;
#607 = ORIENTED_EDGE ( 'NONE', *, *, #4778, .T. ) ;
#608 = CARTESIAN_POINT ( 'NONE',  ( 13.90000000000083169, 35.50000000000001421, 50.00000000000000000 ) ) ;
#609 = LINE ( 'NONE', #4982, #3483 ) ;
#610 = EDGE_CURVE ( 'NONE', #4576, #2764, #2778, .T. ) ;
#611 = FACE_OUTER_BOUND ( 'NONE', #260, .T. ) ;
#612 = DIRECTION ( 'NONE',  ( -0.0000000000000000000, -0.0000000000000000000, -1.000000000000000000 ) ) ;
#613 = PLANE ( 'NONE',  #3126 ) ;
#614 = FACE_OUTER_BOUND ( 'NONE', #2984, .T. ) ;
#615 = AXIS2_PLACEMENT_3D ( 'NONE', #1264, #5205, #1299 ) ;
#616 = VERTEX_POINT ( 'NONE', #6307 ) ;
#617 = CYLINDRICAL_SURFACE ( 'NONE', #3318, 3.400000000000000355 ) ;
#618 = DIRECTION ( 'NONE',  ( 1.000000000000000000, 0.0000000000000000000, 0.0000000000000000000 ) ) ;
#619 = EDGE_CURVE ( 'NONE', #19, #4652, #6269, .T. ) ;
#620 = ADVANCED_FACE ( 'NONE', ( #278 ), #4251, .T. ) ;
#621 = DIRECTION ( 'NONE',  ( 0.0000000000000000000, 0.0000000000000000000, 1.000000000000000000 ) ) ;
#622 = CIRCLE ( 'NONE', #418, 0.3000000000000007661 ) ;
#623 = CYLINDRICAL_SURFACE ( 'NONE', #631, 0.9999999999999940048 ) ;
#624 = ORIENTED_EDGE ( 'NONE', *, *, #1759, .T. ) ;
#625 = CARTESIAN_POINT ( 'NONE',  ( 30.25000000000000000, 2.500000000000007550, 50.00000000000000000 ) ) ;
#626 = LINE ( 'NONE', #3885, #2017 ) ;
#627 = VERTEX_POINT ( 'NONE', #1290 ) ;
#628 = FACE_OUTER_BOUND ( 'NONE', #3114, .T. ) ;
#629 = VERTEX_POINT ( 'NONE', #5757 ) ;
#630 = CARTESIAN_POINT ( 'NONE',  ( 13.59999999999998366, 4.199999999999997513, 50.00000000000000000 ) ) ;
#631 = AXIS2_PLACEMENT_3D ( 'NONE', #14, #1089, #3967 ) ;
#632 = CARTESIAN_POINT ( 'NONE',  ( 38.50000000000027001, 27.40000000000258495, 0.0000000000000000000 ) ) ;
#633 = ADVANCED_FACE ( 'NONE', ( #829 ), #5685, .T. ) ;
#634 = ORIENTED_EDGE ( 'NONE', *, *, #5976, .F. ) ;
#635 = VERTEX_POINT ( 'NONE', #2809 ) ;
#636 = EDGE_CURVE ( 'NONE', #6275, #4649, #1254, .T. ) ;
#637 = VECTOR ( 'NONE', #1452, 1000.000000000000000 ) ;
#638 = AXIS2_PLACEMENT_3D ( 'NONE', #129, #2689, #4206 ) ;
#639 = ORIENTED_EDGE ( 'NONE', *, *, #5808, .T. ) ;
#640 = CIRCLE ( 'NONE', #3958, 0.1999999999999994282 ) ;
#641 = EDGE_LOOP ( 'NONE', ( #4464, #3675, #4763, #2847 ) ) ;
#642 = CARTESIAN_POINT ( 'NONE',  ( 37.70000000000030838, 8.450000000000006395, 50.00000000000000000 ) ) ;
#643 = CARTESIAN_POINT ( 'NONE',  ( 16.24264068711929809, 14.00000000000000178, 50.00000000000000000 ) ) ;
#644 = VECTOR ( 'NONE', #2474, 1000.000000000000000 ) ;
#645 = VERTEX_POINT ( 'NONE', #4220 ) ;
#646 = CYLINDRICAL_SURFACE ( 'NONE', #2554, 0.1999999999999987899 ) ;
#647 = CARTESIAN_POINT ( 'NONE',  ( 35.79999999999999005, 13.60000000000294307, 50.00000000000000000 ) ) ;
#648 = DIRECTION ( 'NONE',  ( -0.0000000000000000000, -0.0000000000000000000, -1.000000000000000000 ) ) ;
#649 = VECTOR ( 'NONE', #2105, 1000.000000000000000 ) ;
#650 = LINE ( 'NONE', #5638, #1170 ) ;
#651 = EDGE_LOOP ( 'NONE', ( #5028, #4326, #4967, #4422 ) ) ;
#652 = DIRECTION ( 'NONE',  ( -0.0000000000000000000, -0.0000000000000000000, -1.000000000000000000 ) ) ;
#653 = CARTESIAN_POINT ( 'NONE',  ( 14.82842712474618985, 13.41421356237309226, 50.00000000000000000 ) ) ;
#654 = DIRECTION ( 'NONE',  ( -0.0000000000000000000, -0.0000000000000000000, -1.000000000000000000 ) ) ;
#655 = PLANE ( 'NONE',  #4247 ) ;
#656 = EDGE_CURVE ( 'NONE', #1258, #1269, #2352, .T. ) ;
#657 = VERTEX_POINT ( 'NONE', #5196 ) ;
#658 = CARTESIAN_POINT ( 'NONE',  ( 2.500000000000001332, 10.75000000000000178, 50.00000000000000000 ) ) ;
#659 = AXIS2_PLACEMENT_3D ( 'NONE', #1514, #2459, #1997 ) ;
#660 = CARTESIAN_POINT ( 'NONE',  ( 35.79999999999999005, 13.90000000000294378, 50.00000000000000000 ) ) ;
#661 = ORIENTED_EDGE ( 'NONE', *, *, #6250, .T. ) ;
#662 = EDGE_CURVE ( 'NONE', #664, #19, #307, .T. ) ;
#663 = LINE ( 'NONE', #4120, #4965 ) ;
#664 = VERTEX_POINT ( 'NONE', #866 ) ;
#665 = DIRECTION ( 'NONE',  ( 1.000000000000000000, 0.0000000000000000000, 0.0000000000000000000 ) ) ;
#666 = DIRECTION ( 'NONE',  ( 3.464347907917157102E-16, 1.000000000000000000, -0.0000000000000000000 ) ) ;
#667 = ORIENTED_EDGE ( 'NONE', *, *, #5675, .F. ) ;
#668 = EDGE_CURVE ( 'NONE', #4317, #2676, #3810, .T. ) ;
#669 = VERTEX_POINT ( 'NONE', #1797 ) ;
#670 = ORIENTED_EDGE ( 'NONE', *, *, #1680, .T. ) ;
#671 = CARTESIAN_POINT ( 'NONE',  ( 35.50000000000002132, 24.39999999999928448, 50.00000000000000000 ) ) ;
#672 = CIRCLE ( 'NONE', #1100, 0.2999999999999981570 ) ;
#673 = VECTOR ( 'NONE', #1116, 1000.000000000000000 ) ;
#674 = DIRECTION ( 'NONE',  ( 0.0000000000000000000, 0.0000000000000000000, 1.000000000000000000 ) ) ;
#675 = CIRCLE ( 'NONE', #5117, 3.200000000000000622 ) ;
#676 = VERTEX_POINT ( 'NONE', #4709 ) ;
#677 = FACE_OUTER_BOUND ( 'NONE', #5033, .T. ) ;
#678 = DIRECTION ( 'NONE',  ( -0.0000000000000000000, -0.0000000000000000000, -1.000000000000000000 ) ) ;
#680 = CARTESIAN_POINT ( 'NONE',  ( 2.300000000000051337, 32.54999999999986926, 0.0000000000000000000 ) ) ;
#679 = AXIS2_PLACEMENT_3D ( 'NONE', #1741, #4132, #3595 ) ;
#681 = AXIS2_PLACEMENT_3D ( 'NONE', #5, #5939, #1495 ) ;
#682 = CARTESIAN_POINT ( 'NONE',  ( 26.58578643762728788, 25.17157287525333587, 0.0000000000000000000 ) ) ;
#683 = CARTESIAN_POINT ( 'NONE',  ( 24.09999999999998366, 38.80000000000001847, 50.00000000000000000 ) ) ;
#684 = DIRECTION ( 'NONE',  ( 0.0000000000000000000, 0.0000000000000000000, 1.000000000000000000 ) ) ;
#685 = LINE ( 'NONE', #2137, #5115 ) ;
#686 = AXIS2_PLACEMENT_3D ( 'NONE', #2562, #1201, #3143 ) ;
#687 = CARTESIAN_POINT ( 'NONE',  ( 29.24999999999999289, 1.500000000000000444, 50.00000000000000000 ) ) ;
#688 = DIRECTION ( 'NONE',  ( 1.000000000000000000, 0.0000000000000000000, 0.0000000000000000000 ) ) ;
#689 = CIRCLE ( 'NONE', #4312, 1.999999999999998224 ) ;
#690 = ORIENTED_EDGE ( 'NONE', *, *, #4307, .T. ) ;
#691 = CARTESIAN_POINT ( 'NONE',  ( 15.09999999999998366, 0.7999999999999997113, 50.00000000000000000 ) ) ;
#692 = EDGE_CURVE ( 'NONE', #1000, #2568, #1860, .T. ) ;
#693 = DIRECTION ( 'NONE',  ( -1.000000000000000000, 0.0000000000000000000, 0.0000000000000000000 ) ) ;
#694 = VERTEX_POINT ( 'NONE', #3772 ) ;
#695 = CARTESIAN_POINT ( 'NONE',  ( 32.55000000000037375, 1.300000000000078870, 50.00000000000000000 ) ) ;
#696 = ORIENTED_EDGE ( 'NONE', *, *, #2997, .T. ) ;
#697 = FACE_OUTER_BOUND ( 'NONE', #4325, .T. ) ;
#698 = PLANE ( 'NONE',  #5799 ) ;
#699 = EDGE_CURVE ( 'NONE', #4359, #202, #4288, .T. ) ;
#700 = ORIENTED_EDGE ( 'NONE', *, *, #2574, .F. ) ;
#701 = ORIENTED_EDGE ( 'NONE', *, *, #548, .T. ) ;
#702 = VERTEX_POINT ( 'NONE', #3291 ) ;
#703 = ORIENTED_EDGE ( 'NONE', *, *, #3574, .T. ) ;
#704 = DIRECTION ( 'NONE',  ( 1.000000000000000000, 0.0000000000000000000, 0.0000000000000000000 ) ) ;
#705 = DIRECTION ( 'NONE',  ( 1.000000000000000000, 0.0000000000000000000, 0.0000000000000000000 ) ) ;
#706 = ORIENTED_EDGE ( 'NONE', *, *, #429, .T. ) ;
#707 = CARTESIAN_POINT ( 'NONE',  ( 1.300000000000366862, 4.499999999999889866, 50.00000000000000000 ) ) ;
#708 = LINE ( 'NONE', #1137, #4674 ) ;
#709 = DIRECTION ( 'NONE',  ( 1.000000000000000000, 0.0000000000000000000, 0.0000000000000000000 ) ) ;
#710 = ORIENTED_EDGE ( 'NONE', *, *, #1967, .T. ) ;
#711 = DIRECTION ( 'NONE',  ( -0.0000000000000000000, -0.0000000000000000000, -1.000000000000000000 ) ) ;
#712 = CARTESIAN_POINT ( 'NONE',  ( 35.50000000000002132, 24.39999999999928448, 50.00000000000000000 ) ) ;
#713 = LINE ( 'NONE', #134, #1554 ) ;
#714 = CARTESIAN_POINT ( 'NONE',  ( 7.507359312880892865, 11.75000000000000178, 50.00000000000000000 ) ) ;
#715 = EDGE_CURVE ( 'NONE', #4744, #550, #1198, .T. ) ;
#716 = CARTESIAN_POINT ( 'NONE',  ( 25.29999999999998650, 0.2000000000000000389, 0.0000000000000000000 ) ) ;
#717 = DIRECTION ( 'NONE',  ( -1.000000000000000000, -4.704334850106715110E-15, -0.0000000000000000000 ) ) ;
#718 = EDGE_CURVE ( 'NONE', #1, #4603, #157, .T. ) ;
#719 = CIRCLE ( 'NONE', #5581, 3.200000000000000622 ) ;
#720 = VERTEX_POINT ( 'NONE', #378 ) ;
#721 = CYLINDRICAL_SURFACE ( 'NONE', #2925, 0.3000000000000016542 ) ;
#722 = AXIS2_PLACEMENT_3D ( 'NONE', #6217, #875, #3751 ) ;
#723 = EDGE_CURVE ( 'NONE', #6169, #3469, #675, .T. ) ;
#724 = DIRECTION ( 'NONE',  ( -1.000000000000000000, 0.0000000000000000000, 0.0000000000000000000 ) ) ;
#725 = AXIS2_PLACEMENT_3D ( 'NONE', #2631, #5640, #1242 ) ;
#726 = CARTESIAN_POINT ( 'NONE',  ( 0.9999999999999985567, 15.10000000000001918, 0.0000000000000000000 ) ) ;
#727 = EDGE_LOOP ( 'NONE', ( #4092, #2093, #1800, #4551 ) ) ;
#728 = DIRECTION ( 'NONE',  ( 0.0000000000000000000, 0.0000000000000000000, 1.000000000000000000 ) ) ;
#729 = EDGE_CURVE ( 'NONE', #2850, #202, #3458, .T. ) ;
#730 = CARTESIAN_POINT ( 'NONE',  ( 8.353015431920196533E-16, 4.500000000000032863, 0.0000000000000000000 ) ) ;
#731 = AXIS2_PLACEMENT_3D ( 'NONE', #6272, #2901, #2450 ) ;
#732 = VERTEX_POINT ( 'NONE', #5429 ) ;
#733 = VERTEX_POINT ( 'NONE', #5363 ) ;
#734 = ORIENTED_EDGE ( 'NONE', *, *, #1296, .T. ) ;
#735 = EDGE_CURVE ( 'NONE', #3559, #1935, #2177, .T. ) ;
#736 = VERTEX_POINT ( 'NONE', #1414 ) ;
#737 = EDGE_CURVE ( 'NONE', #1864, #5136, #2018, .T. ) ;
#738 = EDGE_CURVE ( 'NONE', #3364, #3855, #1445, .T. ) ;
#739 = DIRECTION ( 'NONE',  ( -1.000000000000000000, 0.0000000000000000000, 0.0000000000000000000 ) ) ;
#740 = CARTESIAN_POINT ( 'NONE',  ( 23.75735931288070901, 26.00000000000000355, 0.0000000000000000000 ) ) ;
#741 = VECTOR ( 'NONE', #3319, 1000.000000000000000 ) ;
#742 = VECTOR ( 'NONE', #25, 1000.000000000000000 ) ;
#743 = VECTOR ( 'NONE', #4242, 999.9999999999998863 ) ;
#744 = ORIENTED_EDGE ( 'NONE', *, *, #5832, .T. ) ;
#745 = DIRECTION ( 'NONE',  ( -0.0000000000000000000, -0.0000000000000000000, -1.000000000000000000 ) ) ;
#746 = LINE ( 'NONE', #647, #753 ) ;
#747 = VECTOR ( 'NONE', #1715, 1000.000000000000000 ) ;
#748 = FACE_OUTER_BOUND ( 'NONE', #4874, .T. ) ;
#749 = EDGE_CURVE ( 'NONE', #3013, #4058, #1976, .T. ) ;
#750 = VERTEX_POINT ( 'NONE', #928 ) ;
#751 = DIRECTION ( 'NONE',  ( -0.0000000000000000000, -0.0000000000000000000, -1.000000000000000000 ) ) ;
#752 = VERTEX_POINT ( 'NONE', #4481 ) ;
#753 = VECTOR ( 'NONE', #4592, 1000.000000000000000 ) ;
#754 = DIRECTION ( 'NONE',  ( -0.0000000000000000000, -0.0000000000000000000, -1.000000000000000000 ) ) ;
#755 = DIRECTION ( 'NONE',  ( 1.000000000000000000, 0.0000000000000000000, 0.0000000000000000000 ) ) ;
#756 = CIRCLE ( 'NONE', #235, 3.200000000000001510 ) ;
#757 = LINE ( 'NONE', #1244, #649 ) ;
#758 = AXIS2_PLACEMENT_3D ( 'NONE', #2330, #4305, #1877 ) ;
#759 = CARTESIAN_POINT ( 'NONE',  ( 4.089858178284565156E-16, 35.49999999999998579, 50.00000000000000000 ) ) ;
#760 = ADVANCED_FACE ( 'NONE', ( #3392 ), #45, .T. ) ;
#761 = ORIENTED_EDGE ( 'NONE', *, *, #4003, .F. ) ;
#762 = DIRECTION ( 'NONE',  ( 0.0000000000000000000, -0.0000000000000000000, -1.000000000000000000 ) ) ;
#763 = ADVANCED_FACE ( 'NONE', ( #1385 ), #476, .T. ) ;
#764 = LINE ( 'NONE', #3220, #994 ) ;
#765 = SURFACE_STYLE_USAGE ( .BOTH. , #5464 ) ;
#766 = ORIENTED_EDGE ( 'NONE', *, *, #2997, .F. ) ;
#767 = DIRECTION ( 'NONE',  ( 1.000000000000000000, 0.0000000000000000000, 0.0000000000000000000 ) ) ;
#768 = CIRCLE ( 'NONE', #6043, 0.1999999999999987899 ) ;
#769 = DIRECTION ( 'NONE',  ( -0.0000000000000000000, -0.0000000000000000000, -1.000000000000000000 ) ) ;
#770 = ORIENTED_EDGE ( 'NONE', *, *, #1563, .F. ) ;
#771 = ORIENTED_EDGE ( 'NONE', *, *, #5823, .F. ) ;
#772 = ORIENTED_EDGE ( 'NONE', *, *, #3988, .T. ) ;
#773 = VERTEX_POINT ( 'NONE', #4389 ) ;
#774 = DIRECTION ( 'NONE',  ( -1.000000000000000000, 0.0000000000000000000, 0.0000000000000000000 ) ) ;
#775 = CARTESIAN_POINT ( 'NONE',  ( 35.49999999999999289, 15.59999999999928022, 0.0000000000000000000 ) ) ;
#776 = CARTESIAN_POINT ( 'NONE',  ( 7.449999999999999289, 37.69999999999979678, 0.0000000000000000000 ) ) ;
#777 = ORIENTED_EDGE ( 'NONE', *, *, #445, .F. ) ;
#778 = DIRECTION ( 'NONE',  ( -0.0000000000000000000, -0.0000000000000000000, -1.000000000000000000 ) ) ;
#779 = EDGE_CURVE ( 'NONE', #736, #1981, #2480, .T. ) ;
#780 = LINE ( 'NONE', #2760, #3957 ) ;
#781 = ORIENTED_EDGE ( 'NONE', *, *, #1025, .F. ) ;
#782 = DIRECTION ( 'NONE',  ( -1.000000000000000000, 0.0000000000000000000, 0.0000000000000000000 ) ) ;
#783 = ORIENTED_EDGE ( 'NONE', *, *, #5653, .F. ) ;
#784 = FACE_OUTER_BOUND ( 'NONE', #6027, .T. ) ;
#785 = CARTESIAN_POINT ( 'NONE',  ( 38.70000000000031548, 7.449999999999999289, 0.0000000000000000000 ) ) ;
#786 = ADVANCED_FACE ( 'NONE', ( #5327 ), #2419, .F. ) ;
#787 = DIRECTION ( 'NONE',  ( -0.0000000000000000000, -1.000000000000000000, -0.0000000000000000000 ) ) ;
#788 = AXIS2_PLACEMENT_3D ( 'NONE', #2049, #6012, #597 ) ;
#789 = AXIS2_PLACEMENT_3D ( 'NONE', #1243, #3212, #1277 ) ;
#790 = DIRECTION ( 'NONE',  ( 0.0000000000000000000, 0.0000000000000000000, 1.000000000000000000 ) ) ;
#791 = LINE ( 'NONE', #4863, #4050 ) ;
#792 = ORIENTED_EDGE ( 'NONE', *, *, #4730, .F. ) ;
#793 = CIRCLE ( 'NONE', #5647, 2.000000000000000000 ) ;
#794 = CARTESIAN_POINT ( 'NONE',  ( 38.50000000000009948, 29.24999999999964118, 0.0000000000000000000 ) ) ;
#795 = DIRECTION ( 'NONE',  ( -9.376883653943613371E-14, 1.000000000000000000, 0.0000000000000000000 ) ) ;
#796 = AXIS2_PLACEMENT_3D ( 'NONE', #1916, #3535, #1555 ) ;
#797 = DIRECTION ( 'NONE',  ( -1.000000000000000000, 0.0000000000000000000, 0.0000000000000000000 ) ) ;
#798 = ORIENTED_EDGE ( 'NONE', *, *, #1192, .F. ) ;
#799 = DIRECTION ( 'NONE',  ( -0.0000000000000000000, -0.0000000000000000000, -1.000000000000000000 ) ) ;
#800 = DIRECTION ( 'NONE',  ( -0.0000000000000000000, -0.0000000000000000000, -1.000000000000000000 ) ) ;
#801 = EDGE_CURVE ( 'NONE', #186, #4267, #6373, .T. ) ;
#802 = ORIENTED_EDGE ( 'NONE', *, *, #737, .T. ) ;
#803 = ORIENTED_EDGE ( 'NONE', *, *, #4096, .T. ) ;
#804 = EDGE_CURVE ( 'NONE', #5134, #2102, #533, .T. ) ;
#805 = ORIENTED_EDGE ( 'NONE', *, *, #3750, .T. ) ;
#806 = ORIENTED_EDGE ( 'NONE', *, *, #2556, .F. ) ;
#807 = CARTESIAN_POINT ( 'NONE',  ( 39.20000000000000284, 14.90000000000001812, 50.00000000000000000 ) ) ;
#808 = DIRECTION ( 'NONE',  ( -0.0000000000000000000, -0.0000000000000000000, -1.000000000000000000 ) ) ;
#809 = CARTESIAN_POINT ( 'NONE',  ( 0.2000000000000002054, 25.10000000000001918, 0.0000000000000000000 ) ) ;
#810 = VERTEX_POINT ( 'NONE', #3938 ) ;
#811 = CARTESIAN_POINT ( 'NONE',  ( 8.449999999999999289, 37.69999999999978968, 0.0000000000000000000 ) ) ;
#812 = CARTESIAN_POINT ( 'NONE',  ( 25.17157287525369114, 13.41421356237308338, 50.00000000000000000 ) ) ;
#813 = ORIENTED_EDGE ( 'NONE', *, *, #4458, .T. ) ;
#814 = LINE ( 'NONE', #882, #5937 ) ;
#815 = CARTESIAN_POINT ( 'NONE',  ( 7.450000000000314593, 2.299999999999867040, 0.0000000000000000000 ) ) ;
#816 = DIRECTION ( 'NONE',  ( 1.000000000000000000, 0.0000000000000000000, 0.0000000000000000000 ) ) ;
#817 = CARTESIAN_POINT ( 'NONE',  ( 40.00000000000000000, 35.49999999999998579, 50.00000000000000000 ) ) ;
#818 = EDGE_CURVE ( 'NONE', #5565, #605, #3630, .T. ) ;
#819 = AXIS2_PLACEMENT_3D ( 'NONE', #5521, #1121, #2602 ) ;
#820 = CARTESIAN_POINT ( 'NONE',  ( 14.69999999999998153, 39.80000000000001847, 50.00000000000000000 ) ) ;
#821 = ORIENTED_EDGE ( 'NONE', *, *, #456, .F. ) ;
#822 = LINE ( 'NONE', #2270, #2599 ) ;
#823 = CARTESIAN_POINT ( 'NONE',  ( 23.75735931288070901, 26.00000000000000355, 50.00000000000000000 ) ) ;
#824 = EDGE_LOOP ( 'NONE', ( #2953, #76, #5666, #3076 ) ) ;
#825 = ADVANCED_FACE ( 'NONE', ( #5394 ), #2943, .F. ) ;
#826 = CYLINDRICAL_SURFACE ( 'NONE', #116, 0.1999999999999987899 ) ;
#827 = DIRECTION ( 'NONE',  ( -0.0000000000000000000, -0.0000000000000000000, -1.000000000000000000 ) ) ;
#828 = DIRECTION ( 'NONE',  ( 1.000000000000000000, -3.614007241618369971E-16, 0.0000000000000000000 ) ) ;
#829 = FACE_OUTER_BOUND ( 'NONE', #3261, .T. ) ;
#830 = DIRECTION ( 'NONE',  ( -1.000000000000000000, -1.172110456741085335E-16, -0.0000000000000000000 ) ) ;
#831 = ORIENTED_EDGE ( 'NONE', *, *, #5895, .T. ) ;
#832 = ORIENTED_EDGE ( 'NONE', *, *, #4549, .F. ) ;
#833 = EDGE_LOOP ( 'NONE', ( #5432, #1512, #3561, #3757 ) ) ;
#834 = VECTOR ( 'NONE', #3796, 1000.000000000000000 ) ;
#835 = EDGE_CURVE ( 'NONE', #450, #1609, #1367, .T. ) ;
#836 = VERTEX_POINT ( 'NONE', #1479 ) ;
#837 = DIRECTION ( 'NONE',  ( -1.000000000000000000, -0.0000000000000000000, -0.0000000000000000000 ) ) ;
#838 = LINE ( 'NONE', #775, #519 ) ;
#839 = LINE ( 'NONE', #2756, #5547 ) ;
#840 = EDGE_CURVE ( 'NONE', #2397, #4148, #5813, .T. ) ;
#841 = ORIENTED_EDGE ( 'NONE', *, *, #4737, .F. ) ;
#842 = CARTESIAN_POINT ( 'NONE',  ( 38.69999999999999574, 35.50000000000000000, 0.0000000000000000000 ) ) ;
#843 = AXIS2_PLACEMENT_3D ( 'NONE', #4354, #4937, #5461 ) ;
#844 = DIRECTION ( 'NONE',  ( -0.0000000000000000000, -0.0000000000000000000, -1.000000000000000000 ) ) ;
#845 = VERTEX_POINT ( 'NONE', #1028 ) ;
#846 = CARTESIAN_POINT ( 'NONE',  ( 9.749999999999998224, 7.507359312880706348, 50.00000000000000000 ) ) ;
#847 = DIRECTION ( 'NONE',  ( 1.000000000000000000, 0.0000000000000000000, 0.0000000000000000000 ) ) ;
#848 = DIRECTION ( 'NONE',  ( -0.0000000000000000000, -0.0000000000000000000, -1.000000000000000000 ) ) ;
#849 = DIRECTION ( 'NONE',  ( -0.0000000000000000000, -0.0000000000000000000, -1.000000000000000000 ) ) ;
#850 = AXIS2_PLACEMENT_3D ( 'NONE', #432, #1344, #3866 ) ;
#851 = CARTESIAN_POINT ( 'NONE',  ( 37.50000000000036238, 9.749999999999610978, 0.0000000000000000000 ) ) ;
#852 = VERTEX_POINT ( 'NONE', #2999 ) ;
#853 = DIRECTION ( 'NONE',  ( -0.0000000000000000000, -0.0000000000000000000, -1.000000000000000000 ) ) ;
#854 = CARTESIAN_POINT ( 'NONE',  ( 35.50000000000029843, 1.300000000000078870, 50.00000000000000000 ) ) ;
#855 = VECTOR ( 'NONE', #1542, 1000.000000000000000 ) ;
#856 = AXIS2_PLACEMENT_3D ( 'NONE', #1168, #3144, #4170 ) ;
#857 = EDGE_LOOP ( 'NONE', ( #3135, #183, #2615, #4627 ) ) ;
#858 = AXIS2_PLACEMENT_3D ( 'NONE', #38, #4438, #1528 ) ;
#859 = PLANE ( 'NONE',  #5256 ) ;
#860 = CIRCLE ( 'NONE', #4781, 0.2999999999999999334 ) ;
#861 = CARTESIAN_POINT ( 'NONE',  ( 7.450000000000314593, 2.299999999999867040, 50.00000000000000000 ) ) ;
#862 = AXIS2_PLACEMENT_3D ( 'NONE', #1273, #4726, #3245 ) ;
#863 = EDGE_CURVE ( 'NONE', #6120, #4303, #1876, .T. ) ;
#864 = LINE ( 'NONE', #4905, #212 ) ;
#865 = VERTEX_POINT ( 'NONE', #175 ) ;
#866 = CARTESIAN_POINT ( 'NONE',  ( 23.40000000000000213, 20.00000000000000000, 50.00000000000000000 ) ) ;
#867 = CARTESIAN_POINT ( 'NONE',  ( 26.09999999999998010, 4.500000000000000888, 50.00000000000000000 ) ) ;
#868 = EDGE_CURVE ( 'NONE', #1913, #773, #1058, .T. ) ;
#869 = VERTEX_POINT ( 'NONE', #2108 ) ;
#870 = EDGE_LOOP ( 'NONE', ( #922, #3010, #5365, #570 ) ) ;
#871 = CARTESIAN_POINT ( 'NONE',  ( 40.00000000000000000, 35.49999999999998579, 50.00000000000000000 ) ) ;
#872 = ORIENTED_EDGE ( 'NONE', *, *, #5681, .F. ) ;
#873 = ORIENTED_EDGE ( 'NONE', *, *, #3043, .T. ) ;
#874 = DIRECTION ( 'NONE',  ( -0.0000000000000000000, -0.0000000000000000000, -1.000000000000000000 ) ) ;
#875 = DIRECTION ( 'NONE',  ( 1.000000000000000000, -3.614007241618369971E-16, 0.0000000000000000000 ) ) ;
#876 = LINE ( 'NONE', #2327, #1820 ) ;
#877 = VERTEX_POINT ( 'NONE', #625 ) ;
#878 = ADVANCED_FACE ( 'NONE', ( #1600 ), #3093, .T. ) ;
#879 = CARTESIAN_POINT ( 'NONE',  ( 37.50000000000009237, 29.24999999999955236, 50.00000000000000000 ) ) ;
#880 = DIRECTION ( 'NONE',  ( -1.000000000000000000, 0.0000000000000000000, 0.0000000000000000000 ) ) ;
#881 = VERTEX_POINT ( 'NONE', #3064 ) ;
#882 = CARTESIAN_POINT ( 'NONE',  ( 16.60000000000000142, 20.00000000000000000, 50.00000000000000000 ) ) ;
#883 = CARTESIAN_POINT ( 'NONE',  ( 0.9999999999999986677, 24.90000000000001634, 0.0000000000000000000 ) ) ;
#884 = CARTESIAN_POINT ( 'NONE',  ( 1.199999999999999956, 15.90000000000001812, 50.00000000000000000 ) ) ;
#885 = EDGE_CURVE ( 'NONE', #2600, #1700, #5042, .T. ) ;
#886 = DIRECTION ( 'NONE',  ( -6.854200608435435519E-17, 1.000000000000000000, 0.0000000000000000000 ) ) ;
#887 = CARTESIAN_POINT ( 'NONE',  ( 0.9999999999999981126, 24.90000000000001634, 0.0000000000000000000 ) ) ;
#888 = DIRECTION ( 'NONE',  ( -1.000000000000000000, 0.0000000000000000000, 0.0000000000000000000 ) ) ;
#889 = EDGE_CURVE ( 'NONE', #1141, #4514, #2048, .T. ) ;
#890 = ORIENTED_EDGE ( 'NONE', *, *, #3515, .F. ) ;
#891 = VECTOR ( 'NONE', #4185, 1000.000000000000000 ) ;
#892 = AXIS2_PLACEMENT_3D ( 'NONE', #2766, #6227, #6131 ) ;
#893 = DIRECTION ( 'NONE',  ( -1.000000000000000000, -0.0000000000000000000, -0.0000000000000000000 ) ) ;
#894 = LINE ( 'NONE', #1383, #3322 ) ;
#895 = AXIS2_PLACEMENT_3D ( 'NONE', #3620, #3718, #1710 ) ;
#896 = VECTOR ( 'NONE', #2587, 1000.000000000000000 ) ;
#897 = ORIENTED_EDGE ( 'NONE', *, *, #3214, .T. ) ;
#898 = AXIS2_PLACEMENT_3D ( 'NONE', #4580, #5094, #2677 ) ;
#899 = CARTESIAN_POINT ( 'NONE',  ( 13.41421356237304963, 25.17157287525370535, 50.00000000000000000 ) ) ;
#900 = EDGE_CURVE ( 'NONE', #3155, #5228, #296, .T. ) ;
#901 = CIRCLE ( 'NONE', #3798, 0.2000000000000002887 ) ;
#902 = VERTEX_POINT ( 'NONE', #596 ) ;
#903 = EDGE_LOOP ( 'NONE', ( #460, #821, #1106, #2221 ) ) ;
#904 = DIRECTION ( 'NONE',  ( -1.000000000000000000, 0.0000000000000000000, 0.0000000000000000000 ) ) ;
#905 = ORIENTED_EDGE ( 'NONE', *, *, #280, .F. ) ;
#906 = VERTEX_POINT ( 'NONE', #4510 ) ;
#907 = FACE_OUTER_BOUND ( 'NONE', #1289, .T. ) ;
#908 = EDGE_CURVE ( 'NONE', #4295, #4547, #6042, .T. ) ;
#909 = PLANE ( 'NONE',  #722 ) ;
#910 = EDGE_CURVE ( 'NONE', #1387, #6141, #3548, .T. ) ;
#911 = DIRECTION ( 'NONE',  ( 0.0000000000000000000, 1.000000000000000000, 0.0000000000000000000 ) ) ;
#912 = ORIENTED_EDGE ( 'NONE', *, *, #4984, .F. ) ;
#913 = DIRECTION ( 'NONE',  ( -1.000000000000000000, 0.0000000000000000000, 0.0000000000000000000 ) ) ;
#914 = CARTESIAN_POINT ( 'NONE',  ( 4.500000000000001776, 15.60000000000001741, 0.0000000000000000000 ) ) ;
#915 = ORIENTED_EDGE ( 'NONE', *, *, #2369, .F. ) ;
#916 = DIRECTION ( 'NONE',  ( -1.000000000000000000, 0.0000000000000000000, 0.0000000000000000000 ) ) ;
#917 = CARTESIAN_POINT ( 'NONE',  ( 26.39999999999998082, 4.199999999999997513, 0.0000000000000000000 ) ) ;
#918 = LINE ( 'NONE', #2269, #2338 ) ;
#919 = LINE ( 'NONE', #2894, #6339 ) ;
#920 = CARTESIAN_POINT ( 'NONE',  ( 4.500000000000002665, 24.40000000000001990, 50.00000000000000000 ) ) ;
#921 = LINE ( 'NONE', #527, #5084 ) ;
#922 = ORIENTED_EDGE ( 'NONE', *, *, #2173, .T. ) ;
#923 = EDGE_CURVE ( 'NONE', #5848, #1141, #3608, .T. ) ;
#924 = EDGE_CURVE ( 'NONE', #5067, #5470, #4115, .T. ) ;
#925 = CARTESIAN_POINT ( 'NONE',  ( 7.449999999999999289, 32.54999999999986926, 50.00000000000000000 ) ) ;
#926 = CARTESIAN_POINT ( 'NONE',  ( 38.80000000000001137, 24.09999999999928022, 50.00000000000000000 ) ) ;
#927 = ORIENTED_EDGE ( 'NONE', *, *, #5460, .F. ) ;
#928 = CARTESIAN_POINT ( 'NONE',  ( 26.40000000000043912, 37.50000000000003553, 50.00000000000000000 ) ) ;
#929 = ADVANCED_FACE ( 'NONE', ( #78 ), #2077, .F. ) ;
#930 = EDGE_LOOP ( 'NONE', ( #2880, #6211, #4372, #6386 ) ) ;
#931 = VERTEX_POINT ( 'NONE', #1182 ) ;
#932 = CARTESIAN_POINT ( 'NONE',  ( 39.00000000000000711, 24.29999999999928306, 0.0000000000000000000 ) ) ;
#933 = VECTOR ( 'NONE', #3948, 1000.000000000000000 ) ;
#934 = ORIENTED_EDGE ( 'NONE', *, *, #6291, .T. ) ;
#935 = EDGE_CURVE ( 'NONE', #1283, #314, #5568, .T. ) ;
#936 = VERTEX_POINT ( 'NONE', #3153 ) ;
#937 = DIRECTION ( 'NONE',  ( -0.0000000000000000000, -0.0000000000000000000, -1.000000000000000000 ) ) ;
#938 = DIRECTION ( 'NONE',  ( 0.0000000000000000000, 0.0000000000000000000, 1.000000000000000000 ) ) ;
#939 = CARTESIAN_POINT ( 'NONE',  ( 32.55000000000037375, 8.450000000000006395, 50.00000000000000000 ) ) ;
#940 = AXIS2_PLACEMENT_3D ( 'NONE', #5380, #4408, #6393 ) ;
#941 = ORIENTED_EDGE ( 'NONE', *, *, #2050, .F. ) ;
#942 = LINE ( 'NONE', #2543, #2120 ) ;
#943 = CYLINDRICAL_SURFACE ( 'NONE', #4260, 1.999999999999998224 ) ;
#944 = VECTOR ( 'NONE', #816, 1000.000000000000000 ) ;
#945 = ADVANCED_FACE ( 'NONE', ( #4998 ), #4026, .F. ) ;
#946 = ORIENTED_EDGE ( 'NONE', *, *, #2846, .F. ) ;
#947 = EDGE_LOOP ( 'NONE', ( #350, #1942, #5322, #85 ) ) ;
#948 = CARTESIAN_POINT ( 'NONE',  ( 35.49999999999999289, 13.90000000000294555, 50.00000000000000000 ) ) ;
#949 = LINE ( 'NONE', #4275, #2232 ) ;
#950 = AXIS2_PLACEMENT_3D ( 'NONE', #146, #3771, #4249 ) ;
#951 = CARTESIAN_POINT ( 'NONE',  ( 4.199999999999999289, 13.60000000000001918, 0.0000000000000000000 ) ) ;
#952 = EDGE_CURVE ( 'NONE', #3844, #4684, #2784, .T. ) ;
#953 = DIRECTION ( 'NONE',  ( 0.0000000000000000000, -1.000000000000000000, 0.0000000000000000000 ) ) ;
#954 = CARTESIAN_POINT ( 'NONE',  ( 35.50000000000000000, 35.50000000000000711, 50.00000000000000000 ) ) ;
#955 = CARTESIAN_POINT ( 'NONE',  ( 29.24999999999999289, 38.50000000000004263, 50.00000000000000000 ) ) ;
#956 = VERTEX_POINT ( 'NONE', #5054 ) ;
#957 = AXIS2_PLACEMENT_3D ( 'NONE', #6349, #1489, #5370 ) ;
#958 = VECTOR ( 'NONE', #2207, 1000.000000000000000 ) ;
#959 = CARTESIAN_POINT ( 'NONE',  ( 37.50000000000036238, 9.749999999999609201, 50.00000000000000000 ) ) ;
#960 = EDGE_CURVE ( 'NONE', #2519, #1807, #2672, .T. ) ;
#961 = CIRCLE ( 'NONE', #2929, 1.000000000000000888 ) ;
#962 = DIRECTION ( 'NONE',  ( -0.0000000000000000000, -0.0000000000000000000, -1.000000000000000000 ) ) ;
#963 = VERTEX_POINT ( 'NONE', #140 ) ;
#964 = DIRECTION ( 'NONE',  ( 0.0000000000000000000, 1.000000000000000000, 0.0000000000000000000 ) ) ;
#965 = AXIS2_PLACEMENT_3D ( 'NONE', #399, #4764, #6298 ) ;
#966 = AXIS2_PLACEMENT_3D ( 'NONE', #49, #2483, #3974 ) ;
#967 = VERTEX_POINT ( 'NONE', #4637 ) ;
#968 = ORIENTED_EDGE ( 'NONE', *, *, #6266, .T. ) ;
#969 = EDGE_CURVE ( 'NONE', #3345, #3187, #203, .T. ) ;
#970 = CARTESIAN_POINT ( 'NONE',  ( 13.60000000000082743, 35.80000000000002558, 50.00000000000000000 ) ) ;
#971 = PRESENTATION_LAYER_ASSIGNMENT (  '', '', ( #4377 ) ) ;
#973 = ORIENTED_EDGE ( 'NONE', *, *, #121, .T. ) ;
#972 = DIRECTION ( 'NONE',  ( 0.0000000000000000000, 0.0000000000000000000, 1.000000000000000000 ) ) ;
#974 = CARTESIAN_POINT ( 'NONE',  ( 15.69999999999998508, 1.199999999999999734, 50.00000000000000000 ) ) ;
#975 = FACE_OUTER_BOUND ( 'NONE', #517, .T. ) ;
#976 = ORIENTED_EDGE ( 'NONE', *, *, #5895, .F. ) ;
#977 = ORIENTED_EDGE ( 'NONE', *, *, #3416, .F. ) ;
#978 = VERTEX_POINT ( 'NONE', #3288 ) ;
#979 = CARTESIAN_POINT ( 'NONE',  ( 0.0000000000000000000, 0.0000000000000000000, 0.0000000000000000000 ) ) ;
#980 = CARTESIAN_POINT ( 'NONE',  ( 35.49999999999998579, 40.00000000000001421, 50.00000000000000000 ) ) ;
#981 = VECTOR ( 'NONE', #4297, 1000.000000000000000 ) ;
#982 = CARTESIAN_POINT ( 'NONE',  ( 13.99999999999999822, 16.24264068711919862, 0.0000000000000000000 ) ) ;
#983 = EDGE_CURVE ( 'NONE', #3391, #6210, #4802, .T. ) ;
#984 = CARTESIAN_POINT ( 'NONE',  ( 2.300000000000366640, 7.449999999999794120, 0.0000000000000000000 ) ) ;
#985 = LINE ( 'NONE', #4471, #4775 ) ;
#986 = CARTESIAN_POINT ( 'NONE',  ( 29.24999999999999289, 38.50000000000004263, 50.00000000000000000 ) ) ;
#987 = DIRECTION ( 'NONE',  ( 0.0000000000000000000, 0.0000000000000000000, 1.000000000000000000 ) ) ;
#988 = ORIENTED_EDGE ( 'NONE', *, *, #3688, .F. ) ;
#989 = CARTESIAN_POINT ( 'NONE',  ( 0.9999999999999985567, 15.10000000000001918, 0.0000000000000000000 ) ) ;
#990 = ADVANCED_FACE ( 'NONE', ( #1248 ), #859, .T. ) ;
#991 = DIRECTION ( 'NONE',  ( 1.000000000000000000, 0.0000000000000000000, 0.0000000000000000000 ) ) ;
#992 = CARTESIAN_POINT ( 'NONE',  ( 25.09999999999998721, 0.7999999999999987121, 50.00000000000000000 ) ) ;
#993 = VERTEX_POINT ( 'NONE', #794 ) ;
#994 = VECTOR ( 'NONE', #5191, 1000.000000000000000 ) ;
#995 = DIRECTION ( 'NONE',  ( -0.0000000000000000000, -0.0000000000000000000, -1.000000000000000000 ) ) ;
#996 = AXIS2_PLACEMENT_3D ( 'NONE', #4992, #2569, #3511 ) ;
#997 = AXIS2_PLACEMENT_3D ( 'NONE', #4122, #4742, #1352 ) ;
#998 = ORIENTED_EDGE ( 'NONE', *, *, #5733, .F. ) ;
#999 = VECTOR ( 'NONE', #2430, 1000.000000000000000 ) ;
#1000 = VERTEX_POINT ( 'NONE', #6138 ) ;
#1001 = VECTOR ( 'NONE', #3761, 1000.000000000000000 ) ;
#1002 = DIRECTION ( 'NONE',  ( -1.000000000000000000, 0.0000000000000000000, 0.0000000000000000000 ) ) ;
#1004 = ORIENTED_EDGE ( 'NONE', *, *, #610, .T. ) ;
#1003 = DIRECTION ( 'NONE',  ( -0.0000000000000000000, -0.0000000000000000000, -1.000000000000000000 ) ) ;
#1005 = CARTESIAN_POINT ( 'NONE',  ( 4.199999999999999289, 13.60000000000001918, 0.0000000000000000000 ) ) ;
#1006 = CARTESIAN_POINT ( 'NONE',  ( 13.59999999999998366, 4.199999999999997513, 50.00000000000000000 ) ) ;
#1007 = ADVANCED_FACE ( 'NONE', ( #3768 ), #826, .F. ) ;
#1008 = AXIS2_PLACEMENT_3D ( 'NONE', #1851, #1311, #2833 ) ;
#1009 = ORIENTED_EDGE ( 'NONE', *, *, #587, .T. ) ;
#1010 = EDGE_CURVE ( 'NONE', #441, #3001, #1696, .T. ) ;
#1011 = VECTOR ( 'NONE', #3304, 1000.000000000000000 ) ;
#1012 = ORIENTED_EDGE ( 'NONE', *, *, #456, .T. ) ;
#1013 = EDGE_LOOP ( 'NONE', ( #2358, #5990, #5703, #4657 ) ) ;
#1014 = DIRECTION ( 'NONE',  ( -1.000000000000000000, 0.0000000000000000000, 0.0000000000000000000 ) ) ;
#1015 = CARTESIAN_POINT ( 'NONE',  ( 27.39999999999999147, 1.500000000000000444, 50.00000000000000000 ) ) ;
#1016 = DIRECTION ( 'NONE',  ( 0.0000000000000000000, 1.000000000000000000, 0.0000000000000000000 ) ) ;
#1017 = CARTESIAN_POINT ( 'NONE',  ( 32.55000000000037375, 8.450000000000006395, 50.00000000000000000 ) ) ;
#1018 = LINE ( 'NONE', #1499, #4567 ) ;
#1019 = CARTESIAN_POINT ( 'NONE',  ( 4.500000000000001776, 15.60000000000001741, 0.0000000000000000000 ) ) ;
#1020 = CARTESIAN_POINT ( 'NONE',  ( 30.25000000000000711, 7.507359312880497626, 50.00000000000000000 ) ) ;
#1021 = ORIENTED_EDGE ( 'NONE', *, *, #5044, .T. ) ;
#1022 = EDGE_CURVE ( 'NONE', #967, #5561, #3540, .T. ) ;
#1023 = CARTESIAN_POINT ( 'NONE',  ( 37.50000000000027001, 27.40000000000248548, 50.00000000000000000 ) ) ;
#1024 = LINE ( 'NONE', #532, #438 ) ;
#1025 = EDGE_CURVE ( 'NONE', #2033, #1057, #5188, .T. ) ;
#1026 = EDGE_CURVE ( 'NONE', #4822, #5790, #1285, .T. ) ;
#1027 = ORIENTED_EDGE ( 'NONE', *, *, #579, .F. ) ;
#1028 = CARTESIAN_POINT ( 'NONE',  ( 25.29999999999999005, 0.0000000000000000000, 0.0000000000000000000 ) ) ;
#1029 = EDGE_LOOP ( 'NONE', ( #3880, #6205, #3002, #1538 ) ) ;
#1030 = ORIENTED_EDGE ( 'NONE', *, *, #3428, .F. ) ;
#1031 = DIRECTION ( 'NONE',  ( 6.802837160693386290E-16, -1.000000000000000000, 0.0000000000000000000 ) ) ;
#1033 = VERTEX_POINT ( 'NONE', #3219 ) ;
#1032 = DIRECTION ( 'NONE',  ( -0.0000000000000000000, -0.0000000000000000000, -1.000000000000000000 ) ) ;
#1034 = CARTESIAN_POINT ( 'NONE',  ( 38.69999999999999574, 35.50000000000000000, 50.00000000000000000 ) ) ;
#1035 = DIRECTION ( 'NONE',  ( -0.0000000000000000000, -0.0000000000000000000, -1.000000000000000000 ) ) ;
#1036 = VERTEX_POINT ( 'NONE', #5286 ) ;
#1037 = EDGE_LOOP ( 'NONE', ( #2783, #1704, #2219, #111 ) ) ;
#1038 = AXIS2_PLACEMENT_3D ( 'NONE', #4459, #5469, #938 ) ;
#1039 = ADVANCED_FACE ( 'NONE', ( #2244 ), #2803, .F. ) ;
#1040 = ORIENTED_EDGE ( 'NONE', *, *, #1417, .F. ) ;
#1041 = EDGE_LOOP ( 'NONE', ( #311, #4617, #3617, #4780 ) ) ;
#1042 = DIRECTION ( 'NONE',  ( -1.000000000000000000, 0.0000000000000000000, 0.0000000000000000000 ) ) ;
#1043 = LINE ( 'NONE', #5903, #2805 ) ;
#1044 = AXIS2_PLACEMENT_3D ( 'NONE', #5007, #2029, #2488 ) ;
#1045 = DIRECTION ( 'NONE',  ( 0.0000000000000000000, 0.0000000000000000000, 1.000000000000000000 ) ) ;
#1046 = VECTOR ( 'NONE', #4142, 1000.000000000000000 ) ;
#1047 = CARTESIAN_POINT ( 'NONE',  ( 14.82842712474615787, 26.58578643762691129, 0.0000000000000000000 ) ) ;
#1048 = DIRECTION ( 'NONE',  ( -1.000000000000000000, 0.0000000000000000000, 0.0000000000000000000 ) ) ;
#1049 = CARTESIAN_POINT ( 'NONE',  ( 37.70000000000031548, 7.450000000000006395, 50.00000000000000000 ) ) ;
#1050 = DIRECTION ( 'NONE',  ( -0.0000000000000000000, -0.0000000000000000000, -1.000000000000000000 ) ) ;
#1051 = ORIENTED_EDGE ( 'NONE', *, *, #2883, .F. ) ;
#1052 = VECTOR ( 'NONE', #5258, 1000.000000000000000 ) ;
#1053 = CYLINDRICAL_SURFACE ( 'NONE', #2019, 4.500000000000000000 ) ;
#1054 = DIRECTION ( 'NONE',  ( -1.000000000000000000, -3.464347907917258175E-16, 0.0000000000000000000 ) ) ;
#1055 = AXIS2_PLACEMENT_3D ( 'NONE', #3907, #6404, #3970 ) ;
#1056 = EDGE_LOOP ( 'NONE', ( #3341, #2860, #5730, #5212 ) ) ;
#1057 = VERTEX_POINT ( 'NONE', #3669 ) ;
#1058 = LINE ( 'NONE', #1092, #1128 ) ;
#1059 = AXIS2_PLACEMENT_3D ( 'NONE', #1855, #2346, #5816 ) ;
#1060 = EDGE_CURVE ( 'NONE', #902, #5855, #3703, .T. ) ;
#1061 = CARTESIAN_POINT ( 'NONE',  ( 24.39999999999998437, 35.80000000000003979, 50.00000000000000000 ) ) ;
#1063 = VERTEX_POINT ( 'NONE', #4703 ) ;
#1062 = CIRCLE ( 'NONE', #2606, 0.1999999999999987899 ) ;
#1064 = EDGE_LOOP ( 'NONE', ( #5250, #4509, #2630, #2815 ) ) ;
#1065 = CARTESIAN_POINT ( 'NONE',  ( 26.10000000000043840, 35.80000000000003268, 50.00000000000000000 ) ) ;
#1066 = CIRCLE ( 'NONE', #1159, 0.2999999999999999334 ) ;
#1067 = ORIENTED_EDGE ( 'NONE', *, *, #3986, .T. ) ;
#1068 = LINE ( 'NONE', #2427, #3541 ) ;
#1069 = DIRECTION ( 'NONE',  ( -0.0000000000000000000, 0.0000000000000000000, -1.000000000000000000 ) ) ;
#1070 = AXIS2_PLACEMENT_3D ( 'NONE', #970, #2422, #2947 ) ;
#1071 = EDGE_CURVE ( 'NONE', #4283, #2707, #370, .T. ) ;
#1072 = CIRCLE ( 'NONE', #1165, 1.000000000000000888 ) ;
#1073 = ORIENTED_EDGE ( 'NONE', *, *, #3384, .T. ) ;
#1074 = AXIS2_PLACEMENT_3D ( 'NONE', #1847, #292, #5176 ) ;
#1075 = VERTEX_POINT ( 'NONE', #5751 ) ;
#1076 = ORIENTED_EDGE ( 'NONE', *, *, #3482, .T. ) ;
#1077 = EDGE_CURVE ( 'NONE', #1644, #1807, #1266, .T. ) ;
#1078 = DIRECTION ( 'NONE',  ( 1.000000000000000000, 0.0000000000000000000, 0.0000000000000000000 ) ) ;
#1079 = CARTESIAN_POINT ( 'NONE',  ( 1.199999999999999956, 24.10000000000001563, 50.00000000000000000 ) ) ;
#1080 = EDGE_CURVE ( 'NONE', #1346, #4559, #6236, .T. ) ;
#1081 = DIRECTION ( 'NONE',  ( 0.0000000000000000000, 0.0000000000000000000, 1.000000000000000000 ) ) ;
#1082 = CARTESIAN_POINT ( 'NONE',  ( 1.500000000000001332, 12.60000000000001030, 50.00000000000000000 ) ) ;
#1083 = CARTESIAN_POINT ( 'NONE',  ( 24.89999999999998437, 1.000000000000000000, 0.0000000000000000000 ) ) ;
#1084 = VECTOR ( 'NONE', #3944, 1000.000000000000000 ) ;
#1085 = CARTESIAN_POINT ( 'NONE',  ( 37.70000000000031548, 7.450000000000006395, 50.00000000000000000 ) ) ;
#1086 = ORIENTED_EDGE ( 'NONE', *, *, #1646, .T. ) ;
#1087 = FACE_OUTER_BOUND ( 'NONE', #4415, .T. ) ;
#1088 = ADVANCED_FACE ( 'NONE', ( #3188 ), #721, .T. ) ;
#1089 = DIRECTION ( 'NONE',  ( -0.0000000000000000000, -0.0000000000000000000, -1.000000000000000000 ) ) ;
#1090 = ADVANCED_FACE ( 'NONE', ( #3734 ), #2773, .F. ) ;
#1091 = EDGE_LOOP ( 'NONE', ( #5772, #491, #4977, #5203 ) ) ;
#1092 = CARTESIAN_POINT ( 'NONE',  ( 38.80000000000001137, 24.09999999999928022, 50.00000000000000000 ) ) ;
#1093 = CARTESIAN_POINT ( 'NONE',  ( 16.60000000000000142, 20.00000000000000000, 0.0000000000000000000 ) ) ;
#1094 = ORIENTED_EDGE ( 'NONE', *, *, #3178, .T. ) ;
#1095 = CARTESIAN_POINT ( 'NONE',  ( 35.49999999999997868, 38.70000000000000284, 50.00000000000000000 ) ) ;
#1096 = ORIENTED_EDGE ( 'NONE', *, *, #3333, .T. ) ;
#1097 = DIRECTION ( 'NONE',  ( -1.000000000000000000, 0.0000000000000000000, 0.0000000000000000000 ) ) ;
#1098 = EDGE_CURVE ( 'NONE', #2046, #1391, #4768, .T. ) ;
#1099 = CARTESIAN_POINT ( 'NONE',  ( 15.69999999999998508, 38.80000000000001847, 50.00000000000000000 ) ) ;
#1100 = AXIS2_PLACEMENT_3D ( 'NONE', #1061, #1429, #3094 ) ;
#1101 = AXIS2_PLACEMENT_3D ( 'NONE', #5457, #3570, #4931 ) ;
#1102 = ORIENTED_EDGE ( 'NONE', *, *, #445, .T. ) ;
#1103 = VERTEX_POINT ( 'NONE', #3804 ) ;
#1104 = ADVANCED_FACE ( 'NONE', ( #6301 ), #3834, .T. ) ;
#1105 = CIRCLE ( 'NONE', #162, 4.500000000000001776 ) ;
#1106 = ORIENTED_EDGE ( 'NONE', *, *, #4421, .F. ) ;
#1107 = EDGE_CURVE ( 'NONE', #479, #956, #4318, .T. ) ;
#1108 = DIRECTION ( 'NONE',  ( -0.0000000000000000000, -0.0000000000000000000, -1.000000000000000000 ) ) ;
#1109 = FACE_OUTER_BOUND ( 'NONE', #2360, .T. ) ;
#1110 = CARTESIAN_POINT ( 'NONE',  ( 39.00000000000000711, 24.90000000000001634, 50.00000000000000000 ) ) ;
#1111 = VECTOR ( 'NONE', #6156, 1000.000000000000000 ) ;
#1112 = DIRECTION ( 'NONE',  ( -0.0000000000000000000, -0.0000000000000000000, -1.000000000000000000 ) ) ;
#1113 = DIRECTION ( 'NONE',  ( 1.000000000000000000, 1.172110456741105303E-16, 0.0000000000000000000 ) ) ;
#1114 = DIRECTION ( 'NONE',  ( 0.0000000000000000000, -1.000000000000000000, 0.0000000000000000000 ) ) ;
#1115 = ORIENTED_EDGE ( 'NONE', *, *, #507, .T. ) ;
#1116 = DIRECTION ( 'NONE',  ( 1.000000000000000000, -0.0000000000000000000, -0.0000000000000000000 ) ) ;
#1117 = CARTESIAN_POINT ( 'NONE',  ( 2.500000000000006661, 30.24999999999955236, 50.00000000000000000 ) ) ;
#1118 = CARTESIAN_POINT ( 'NONE',  ( 40.00000000000000711, 25.30000000000002203, 0.0000000000000000000 ) ) ;
#1119 = EDGE_CURVE ( 'NONE', #4283, #3284, #791, .T. ) ;
#1120 = ORIENTED_EDGE ( 'NONE', *, *, #4506, .T. ) ;
#1121 = DIRECTION ( 'NONE',  ( 0.0000000000000000000, 0.0000000000000000000, 1.000000000000000000 ) ) ;
#1122 = EDGE_CURVE ( 'NONE', #5794, #4066, #1824, .T. ) ;
#1123 = CARTESIAN_POINT ( 'NONE',  ( 0.7999999999999986011, 24.90000000000001990, 50.00000000000000000 ) ) ;
#1124 = EDGE_LOOP ( 'NONE', ( #2945, #5978, #5234, #3983 ) ) ;
#1125 = DIRECTION ( 'NONE',  ( 0.0000000000000000000, 1.000000000000000000, 0.0000000000000000000 ) ) ;
#1126 = VERTEX_POINT ( 'NONE', #2800 ) ;
#1127 = FACE_OUTER_BOUND ( 'NONE', #4330, .T. ) ;
#1128 = VECTOR ( 'NONE', #2573, 1000.000000000000000 ) ;
#1129 = CARTESIAN_POINT ( 'NONE',  ( 30.25000000000000000, 37.50000000000003553, 50.00000000000000000 ) ) ;
#1130 = ORIENTED_EDGE ( 'NONE', *, *, #3986, .F. ) ;
#1131 = VERTEX_POINT ( 'NONE', #5781 ) ;
#1132 = ORIENTED_EDGE ( 'NONE', *, *, #5883, .F. ) ;
#1133 = CARTESIAN_POINT ( 'NONE',  ( 8.450000000000315481, 2.299999999999874145, 0.0000000000000000000 ) ) ;
#1134 = CARTESIAN_POINT ( 'NONE',  ( 14.89999999999998259, 39.20000000000000995, 50.00000000000000000 ) ) ;
#1135 = LINE ( 'NONE', #811, #1722 ) ;
#1136 = EDGE_CURVE ( 'NONE', #543, #1981, #5219, .T. ) ;
#1137 = CARTESIAN_POINT ( 'NONE',  ( 24.39999999999998437, 4.500000000000000000, 50.00000000000000000 ) ) ;
#1138 = FACE_OUTER_BOUND ( 'NONE', #1328, .T. ) ;
#1139 = DIRECTION ( 'NONE',  ( -1.000000000000000000, 0.0000000000000000000, 0.0000000000000000000 ) ) ;
#1140 = AXIS2_PLACEMENT_3D ( 'NONE', #3432, #27, #1069 ) ;
#1141 = VERTEX_POINT ( 'NONE', #5320 ) ;
#1142 = CARTESIAN_POINT ( 'NONE',  ( 9.749999999999998224, 7.507359312880706348, 50.00000000000000000 ) ) ;
#1143 = FACE_OUTER_BOUND ( 'NONE', #3766, .T. ) ;
#1144 = ADVANCED_FACE ( 'NONE', ( #2771 ), #4380, .F. ) ;
#1145 = DIRECTION ( 'NONE',  ( 0.0000000000000000000, 0.0000000000000000000, 1.000000000000000000 ) ) ;
#1146 = CARTESIAN_POINT ( 'NONE',  ( 12.59999999999998188, 2.499999999999999556, 50.00000000000000000 ) ) ;
#1147 = VECTOR ( 'NONE', #5938, 1000.000000000000000 ) ;
#1148 = ORIENTED_EDGE ( 'NONE', *, *, #2696, .F. ) ;
#1149 = DIRECTION ( 'NONE',  ( 0.0000000000000000000, 0.0000000000000000000, 1.000000000000000000 ) ) ;
#1150 = ADVANCED_FACE ( 'NONE', ( #2307 ), #6264, .F. ) ;
#1151 = CARTESIAN_POINT ( 'NONE',  ( 31.07842712474669611, 29.66421356237288975, 0.0000000000000000000 ) ) ;
#1152 = ORIENTED_EDGE ( 'NONE', *, *, #2919, .T. ) ;
#1153 = CARTESIAN_POINT ( 'NONE',  ( 35.50000000000002132, 24.39999999999928448, 50.00000000000000000 ) ) ;
#1154 = ORIENTED_EDGE ( 'NONE', *, *, #6024, .T. ) ;
#1155 = CARTESIAN_POINT ( 'NONE',  ( 26.58578643762728788, 25.17157287525333587, 50.00000000000000000 ) ) ;
#1156 = VECTOR ( 'NONE', #5025, 1000.000000000000000 ) ;
#1157 = CARTESIAN_POINT ( 'NONE',  ( 1.199999999999999956, 24.10000000000001563, 0.0000000000000000000 ) ) ;
#1158 = ORIENTED_EDGE ( 'NONE', *, *, #2596, .T. ) ;
#1159 = AXIS2_PLACEMENT_3D ( 'NONE', #4824, #6357, #2263 ) ;
#1160 = ORIENTED_EDGE ( 'NONE', *, *, #6, .T. ) ;
#1161 = CIRCLE ( 'NONE', #2082, 1.000000000000000666 ) ;
#1162 = ORIENTED_EDGE ( 'NONE', *, *, #3869, .F. ) ;
#1163 = CARTESIAN_POINT ( 'NONE',  ( 23.75735931288071967, 28.00000000000000000, 0.0000000000000000000 ) ) ;
#1164 = DIRECTION ( 'NONE',  ( -0.0000000000000000000, -0.0000000000000000000, -1.000000000000000000 ) ) ;
#1165 = AXIS2_PLACEMENT_3D ( 'NONE', #5548, #1145, #5677 ) ;
#1166 = ORIENTED_EDGE ( 'NONE', *, *, #4644, .F. ) ;
#1167 = DIRECTION ( 'NONE',  ( 0.0000000000000000000, 0.0000000000000000000, 1.000000000000000000 ) ) ;
#1168 = CARTESIAN_POINT ( 'NONE',  ( 25.29999999999998650, 0.2000000000000000389, 50.00000000000000000 ) ) ;
#1169 = CARTESIAN_POINT ( 'NONE',  ( 39.00000000000000711, 15.69999999999927986, 0.0000000000000000000 ) ) ;
#1170 = VECTOR ( 'NONE', #2567, 1000.000000000000000 ) ;
#1171 = DIRECTION ( 'NONE',  ( -0.0000000000000000000, -0.0000000000000000000, -1.000000000000000000 ) ) ;
#1172 = DIRECTION ( 'NONE',  ( -0.0000000000000000000, -0.0000000000000000000, -1.000000000000000000 ) ) ;
#1173 = DIRECTION ( 'NONE',  ( -1.000000000000000000, -1.172110456741105056E-16, -0.0000000000000000000 ) ) ;
#1174 =( GEOMETRIC_REPRESENTATION_CONTEXT ( 3 ) GLOBAL_UNCERTAINTY_ASSIGNED_CONTEXT ( ( #5349 ) ) GLOBAL_UNIT_ASSIGNED_CONTEXT ( ( #1463, #2496, #3470 ) ) REPRESENTATION_CONTEXT ( 'NONE', 'WORKASPACE' ) );
#1175 = EDGE_CURVE ( 'NONE', #3712, #1431, #4733, .T. ) ;
#1176 = CARTESIAN_POINT ( 'NONE',  ( 15.59999999999998366, 4.200000000000000178, 50.00000000000000000 ) ) ;
#1177 = ADVANCED_FACE ( 'NONE', ( #332 ), #5283, .T. ) ;
#1178 = CARTESIAN_POINT ( 'NONE',  ( 4.500000000000001776, 15.60000000000001741, 50.00000000000000000 ) ) ;
#1179 = LINE ( 'NONE', #5218, #6119 ) ;
#1180 = VERTEX_POINT ( 'NONE', #2409 ) ;
#1181 = EDGE_CURVE ( 'NONE', #550, #1229, #6329, .T. ) ;
#1182 = CARTESIAN_POINT ( 'NONE',  ( 14.69999999999997975, 0.0000000000000000000, 50.00000000000000000 ) ) ;
#1183 = CYLINDRICAL_SURFACE ( 'NONE', #5439, 3.200000000000001066 ) ;
#1184 = ORIENTED_EDGE ( 'NONE', *, *, #6044, .T. ) ;
#1185 = DIRECTION ( 'NONE',  ( -2.308434370423353371E-16, -1.000000000000000000, 0.0000000000000000000 ) ) ;
#1186 = ORIENTED_EDGE ( 'NONE', *, *, #4644, .T. ) ;
#1187 = CARTESIAN_POINT ( 'NONE',  ( 25.09999999999998721, 0.2000000000000014266, 50.00000000000000000 ) ) ;
#1188 = CYLINDRICAL_SURFACE ( 'NONE', #1546, 1.000000000000000888 ) ;
#1189 = ORIENTED_EDGE ( 'NONE', *, *, #715, .F. ) ;
#1190 = ORIENTED_EDGE ( 'NONE', *, *, #2768, .T. ) ;
#1191 = ORIENTED_EDGE ( 'NONE', *, *, #5941, .T. ) ;
#1192 = EDGE_CURVE ( 'NONE', #3713, #5336, #4882, .T. ) ;
#1193 = VERTEX_POINT ( 'NONE', #854 ) ;
#1194 = DIRECTION ( 'NONE',  ( 1.000000000000000000, 0.0000000000000000000, 0.0000000000000000000 ) ) ;
#1195 = VECTOR ( 'NONE', #568, 1000.000000000000000 ) ;
#1196 = AXIS2_PLACEMENT_3D ( 'NONE', #5576, #3116, #5180 ) ;
#1197 = CARTESIAN_POINT ( 'NONE',  ( 8.450000000000315481, 7.449999999999787903, 50.00000000000000000 ) ) ;
#1198 = CIRCLE ( 'NONE', #2963, 2.000000000000050182 ) ;
#1199 = EDGE_CURVE ( 'NONE', #1935, #1269, #1918, .T. ) ;
#1200 = VERTEX_POINT ( 'NONE', #4800 ) ;
#1201 = DIRECTION ( 'NONE',  ( -1.000000000000000000, 6.802837160693372485E-16, 0.0000000000000000000 ) ) ;
#1202 = CARTESIAN_POINT ( 'NONE',  ( 40.00000000000000000, 4.500000000000031974, 50.00000000000000000 ) ) ;
#1204 = DIRECTION ( 'NONE',  ( -1.000000000000000000, 0.0000000000000000000, 0.0000000000000000000 ) ) ;
#1203 = VECTOR ( 'NONE', #430, 1000.000000000000000 ) ;
#1205 = AXIS2_PLACEMENT_3D ( 'NONE', #5278, #849, #2831 ) ;
#1206 = EDGE_LOOP ( 'NONE', ( #1422, #1316, #58, #4328, #3161, #1822, #5369, #5622 ) ) ;
#1207 = PLANE ( 'NONE',  #5617 ) ;
#1208 = ORIENTED_EDGE ( 'NONE', *, *, #5883, .T. ) ;
#1209 = DIRECTION ( 'NONE',  ( -0.0000000000000000000, -0.0000000000000000000, -1.000000000000000000 ) ) ;
#1210 = DIRECTION ( 'NONE',  ( 0.0000000000000000000, -1.000000000000000000, 0.0000000000000000000 ) ) ;
#1211 = AXIS2_PLACEMENT_3D ( 'NONE', #5600, #1167, #224 ) ;
#1212 = LINE ( 'NONE', #5577, #1679 ) ;
#1213 = CARTESIAN_POINT ( 'NONE',  ( 32.55000000000005400, 38.69999999999998863, 0.0000000000000000000 ) ) ;
#1214 = ADVANCED_FACE ( 'NONE', ( #2869 ), #368, .F. ) ;
#1215 = ORIENTED_EDGE ( 'NONE', *, *, #2197, .F. ) ;
#1216 = DIRECTION ( 'NONE',  ( -0.0000000000000000000, -0.0000000000000000000, -1.000000000000000000 ) ) ;
#1217 = ADVANCED_FACE ( 'NONE', ( #4346 ), #4831, .F. ) ;
#1218 = PLANE ( 'NONE',  #4915 ) ;
#1219 = ORIENTED_EDGE ( 'NONE', *, *, #6328, .T. ) ;
#1220 = ADVANCED_FACE ( 'NONE', ( #1853 ), #3830, .F. ) ;
#1221 = EDGE_CURVE ( 'NONE', #1981, #2555, #1161, .T. ) ;
#1222 = DIRECTION ( 'NONE',  ( -0.0000000000000000000, -0.0000000000000000000, -1.000000000000000000 ) ) ;
#1223 = VERTEX_POINT ( 'NONE', #920 ) ;
#1224 = CYLINDRICAL_SURFACE ( 'NONE', #898, 0.3000000000000007661 ) ;
#1225 = DIRECTION ( 'NONE',  ( -1.000000000000000000, 0.0000000000000000000, 0.0000000000000000000 ) ) ;
#1226 = ADVANCED_FACE ( 'NONE', ( #3251 ), #2895, .F. ) ;
#1227 = ORIENTED_EDGE ( 'NONE', *, *, #6199, .T. ) ;
#1228 = VERTEX_POINT ( 'NONE', #4017 ) ;
#1229 = VERTEX_POINT ( 'NONE', #525 ) ;
#1230 = ORIENTED_EDGE ( 'NONE', *, *, #5509, .F. ) ;
#1231 = LINE ( 'NONE', #4654, #6317 ) ;
#1232 = CARTESIAN_POINT ( 'NONE',  ( 31.55000000000037019, 7.449999999999999289, 0.0000000000000000000 ) ) ;
#1233 = ORIENTED_EDGE ( 'NONE', *, *, #2944, .T. ) ;
#1234 = ADVANCED_FACE ( 'NONE', ( #3537 ), #5908, .F. ) ;
#1235 = DIRECTION ( 'NONE',  ( 0.0000000000000000000, 1.000000000000000000, -0.0000000000000000000 ) ) ;
#1236 = CARTESIAN_POINT ( 'NONE',  ( 32.49264068711971021, 9.749999999999609201, 0.0000000000000000000 ) ) ;
#1237 = DIRECTION ( 'NONE',  ( -0.0000000000000000000, -0.0000000000000000000, -1.000000000000000000 ) ) ;
#1238 = ADVANCED_FACE ( 'NONE', ( #4988 ), #2010, .F. ) ;
#1239 = VERTEX_POINT ( 'NONE', #3961 ) ;
#1240 = DIRECTION ( 'NONE',  ( -0.0000000000000000000, -0.0000000000000000000, -1.000000000000000000 ) ) ;
#1241 = DIRECTION ( 'NONE',  ( -1.000000000000000000, 0.0000000000000000000, 0.0000000000000000000 ) ) ;
#1242 = DIRECTION ( 'NONE',  ( 1.000000000000000000, 0.0000000000000000000, 0.0000000000000000000 ) ) ;
#1243 = CARTESIAN_POINT ( 'NONE',  ( 39.20000000000000284, 15.10000000000001741, 0.0000000000000000000 ) ) ;
#1244 = CARTESIAN_POINT ( 'NONE',  ( 24.09999999999998366, 38.80000000000001847, 50.00000000000000000 ) ) ;
#1245 = FACE_OUTER_BOUND ( 'NONE', #857, .T. ) ;
#1246 = VECTOR ( 'NONE', #1669, 1000.000000000000000 ) ;
#1247 = ORIENTED_EDGE ( 'NONE', *, *, #4405, .T. ) ;
#1248 = FACE_OUTER_BOUND ( 'NONE', #5695, .T. ) ;
#1249 = CIRCLE ( 'NONE', #2905, 0.1999999999999987899 ) ;
#1250 = LINE ( 'NONE', #5090, #155 ) ;
#1251 = VECTOR ( 'NONE', #754, 1000.000000000000000 ) ;
#1252 = CARTESIAN_POINT ( 'NONE',  ( 0.9999999999999985567, 24.30000000000001847, 0.0000000000000000000 ) ) ;
#1253 = EDGE_LOOP ( 'NONE', ( #4461, #998, #72, #4455 ) ) ;
#1254 = LINE ( 'NONE', #2249, #4916 ) ;
#1255 = CARTESIAN_POINT ( 'NONE',  ( 37.50000000000008527, 30.24999999999955236, 50.00000000000000000 ) ) ;
#1256 = AXIS2_PLACEMENT_3D ( 'NONE', #2807, #4386, #5391 ) ;
#1257 = ADVANCED_FACE ( 'NONE', ( #3990 ), #3507, .F. ) ;
#1258 = VERTEX_POINT ( 'NONE', #4927 ) ;
#1259 = ORIENTED_EDGE ( 'NONE', *, *, #1323, .F. ) ;
#1260 = VERTEX_POINT ( 'NONE', #589 ) ;
#1261 = ORIENTED_EDGE ( 'NONE', *, *, #4993, .F. ) ;
#1262 = DIRECTION ( 'NONE',  ( 1.000000000000000000, 0.0000000000000000000, 0.0000000000000000000 ) ) ;
#1263 = ADVANCED_FACE ( 'NONE', ( #3020 ), #5996, .T. ) ;
#1264 = CARTESIAN_POINT ( 'NONE',  ( 10.75000000000000000, 37.50000000000004263, 50.00000000000000000 ) ) ;
#1265 = CARTESIAN_POINT ( 'NONE',  ( 31.55000000000004334, 32.55000000000008242, 50.00000000000000000 ) ) ;
#1266 = CIRCLE ( 'NONE', #1881, 0.3000000000000016542 ) ;
#1267 = AXIS2_PLACEMENT_3D ( 'NONE', #2882, #285, #4847 ) ;
#1268 = VECTOR ( 'NONE', #3120, 1000.000000000000000 ) ;
#1269 = VERTEX_POINT ( 'NONE', #1083 ) ;
#1270 = CARTESIAN_POINT ( 'NONE',  ( 38.80000000000001137, 24.29999999999927951, 50.00000000000000000 ) ) ;
#1271 = CARTESIAN_POINT ( 'NONE',  ( 39.00000000000000711, 15.69999999999927986, 50.00000000000000000 ) ) ;
#1272 = ORIENTED_EDGE ( 'NONE', *, *, #4560, .F. ) ;
#1273 = CARTESIAN_POINT ( 'NONE',  ( 16.24264068711925546, 28.00000000000000000, 50.00000000000000000 ) ) ;
#1274 = EDGE_LOOP ( 'NONE', ( #6312, #2094, #381, #710 ) ) ;
#1275 = VECTOR ( 'NONE', #3929, 1000.000000000000000 ) ;
#1276 = FACE_OUTER_BOUND ( 'NONE', #5563, .T. ) ;
#1277 = DIRECTION ( 'NONE',  ( 1.000000000000000000, 0.0000000000000000000, 0.0000000000000000000 ) ) ;
#1278 = VECTOR ( 'NONE', #1486, 1000.000000000000000 ) ;
#1279 = DIRECTION ( 'NONE',  ( 0.0000000000000000000, 1.000000000000000000, 0.0000000000000000000 ) ) ;
#1280 = AXIS2_PLACEMENT_3D ( 'NONE', #1501, #4957, #5479 ) ;
#1281 = FACE_OUTER_BOUND ( 'NONE', #196, .T. ) ;
#1282 = AXIS2_PLACEMENT_3D ( 'NONE', #5313, #751, #3277 ) ;
#1283 = VERTEX_POINT ( 'NONE', #1019 ) ;
#1284 = EDGE_CURVE ( 'NONE', #5470, #5857, #3930, .T. ) ;
#1285 = LINE ( 'NONE', #1727, #4360 ) ;
#1286 = ADVANCED_FACE ( 'NONE', ( #3055 ), #5943, .F. ) ;
#1287 = DIRECTION ( 'NONE',  ( -0.0000000000000000000, -0.0000000000000000000, -1.000000000000000000 ) ) ;
#1288 = PLANE ( 'NONE',  #5279 ) ;
#1289 = EDGE_LOOP ( 'NONE', ( #6090, #3912, #147, #109 ) ) ;
#1290 = CARTESIAN_POINT ( 'NONE',  ( 24.09999999999998366, 38.80000000000001847, 50.00000000000000000 ) ) ;
#1291 = AXIS2_PLACEMENT_3D ( 'NONE', #483, #324, #4941 ) ;
#1292 = LINE ( 'NONE', #3741, #1353 ) ;
#1293 = ORIENTED_EDGE ( 'NONE', *, *, #121, .F. ) ;
#1294 = ORIENTED_EDGE ( 'NONE', *, *, #4737, .T. ) ;
#1295 = VERTEX_POINT ( 'NONE', #4498 ) ;
#1296 = EDGE_CURVE ( 'NONE', #931, #4521, #9, .T. ) ;
#1297 = ORIENTED_EDGE ( 'NONE', *, *, #6406, .T. ) ;
#1298 = CARTESIAN_POINT ( 'NONE',  ( 15.59999999999998366, 35.80000000000003979, 50.00000000000000000 ) ) ;
#1299 = DIRECTION ( 'NONE',  ( -1.000000000000000000, 0.0000000000000000000, 0.0000000000000000000 ) ) ;
#1300 = CARTESIAN_POINT ( 'NONE',  ( 15.89999999999998437, 38.80000000000001847, 0.0000000000000000000 ) ) ;
#1301 = ORIENTED_EDGE ( 'NONE', *, *, #2008, .T. ) ;
#1302 = LINE ( 'NONE', #1334, #1011 ) ;
#1303 = ADVANCED_FACE ( 'NONE', ( #2040 ), #1468, .T. ) ;
#1304 = DIRECTION ( 'NONE',  ( -0.0000000000000000000, -0.0000000000000000000, -1.000000000000000000 ) ) ;
#1305 = EDGE_CURVE ( 'NONE', #1343, #1734, #4053, .T. ) ;
#1306 = ORIENTED_EDGE ( 'NONE', *, *, #935, .F. ) ;
#1307 = DIRECTION ( 'NONE',  ( 0.0000000000000000000, 1.000000000000000000, 0.0000000000000000000 ) ) ;
#1308 = DIRECTION ( 'NONE',  ( -0.0000000000000000000, -0.0000000000000000000, -1.000000000000000000 ) ) ;
#1309 = CARTESIAN_POINT ( 'NONE',  ( 16.24264068711926257, 26.00000000000000355, 50.00000000000000000 ) ) ;
#1310 = DIRECTION ( 'NONE',  ( -0.0000000000000000000, -0.0000000000000000000, -1.000000000000000000 ) ) ;
#1311 = DIRECTION ( 'NONE',  ( 0.0000000000000000000, 1.000000000000000000, -0.0000000000000000000 ) ) ;
#1312 = AXIS2_PLACEMENT_3D ( 'NONE', #4370, #2887, #4088 ) ;
#1313 = CIRCLE ( 'NONE', #4601, 2.000000000000000000 ) ;
#1314 = CARTESIAN_POINT ( 'NONE',  ( 14.82842712474618985, 13.41421356237309226, 0.0000000000000000000 ) ) ;
#1315 = CARTESIAN_POINT ( 'NONE',  ( 2.500000000000008438, 26.40000000000001634, 50.00000000000000000 ) ) ;
#1316 = ORIENTED_EDGE ( 'NONE', *, *, #2260, .F. ) ;
#1317 = CIRCLE ( 'NONE', #271, 1.999999999999998224 ) ;
#1318 = DIRECTION ( 'NONE',  ( -3.464347907917157102E-16, -1.000000000000000000, 0.0000000000000000000 ) ) ;
#1319 = LINE ( 'NONE', #3870, #6375 ) ;
#1320 = EDGE_CURVE ( 'NONE', #676, #4649, #1675, .T. ) ;
#1321 = CIRCLE ( 'NONE', #489, 2.000000000000000000 ) ;
#1322 = CARTESIAN_POINT ( 'NONE',  ( 35.79999999999999005, 13.60000000000294307, 50.00000000000000000 ) ) ;
#1323 = EDGE_CURVE ( 'NONE', #2233, #3779, #4899, .T. ) ;
#1324 = CARTESIAN_POINT ( 'NONE',  ( 14.89999999999998259, 0.7999999999999982681, 50.00000000000000000 ) ) ;
#1325 = LINE ( 'NONE', #5788, #4407 ) ;
#1326 = EDGE_LOOP ( 'NONE', ( #6006, #3049, #4041, #3575 ) ) ;
#1327 = ORIENTED_EDGE ( 'NONE', *, *, #3591, .T. ) ;
#1328 = EDGE_LOOP ( 'NONE', ( #3331, #2738, #606, #1094 ) ) ;
#1329 = ORIENTED_EDGE ( 'NONE', *, *, #6340, .T. ) ;
#1330 = FACE_OUTER_BOUND ( 'NONE', #5860, .T. ) ;
#1331 = DIRECTION ( 'NONE',  ( -1.000000000000000000, -0.0000000000000000000, -0.0000000000000000000 ) ) ;
#1332 = DIRECTION ( 'NONE',  ( -0.0000000000000000000, -0.0000000000000000000, -1.000000000000000000 ) ) ;
#1333 = ORIENTED_EDGE ( 'NONE', *, *, #3416, .T. ) ;
#1334 = CARTESIAN_POINT ( 'NONE',  ( 38.50000000000027001, 27.40000000000258495, 0.0000000000000000000 ) ) ;
#1335 = LINE ( 'NONE', #5739, #1673 ) ;
#1336 = ORIENTED_EDGE ( 'NONE', *, *, #3058, .F. ) ;
#1337 = DIRECTION ( 'NONE',  ( -0.0000000000000000000, -0.0000000000000000000, -1.000000000000000000 ) ) ;
#1338 = CARTESIAN_POINT ( 'NONE',  ( 4.500000000000051514, 35.49999999999979394, 50.00000000000000000 ) ) ;
#1339 = CARTESIAN_POINT ( 'NONE',  ( 4.500000000000073719, 38.69999999999979678, 50.00000000000000000 ) ) ;
#1340 = CARTESIAN_POINT ( 'NONE',  ( 39.00000000000000711, 24.29999999999928306, 50.00000000000000000 ) ) ;
#1341 = EDGE_CURVE ( 'NONE', #2620, #3391, #1062, .T. ) ;
#1342 = FACE_OUTER_BOUND ( 'NONE', #1905, .T. ) ;
#1343 = VERTEX_POINT ( 'NONE', #6398 ) ;
#1344 = DIRECTION ( 'NONE',  ( -0.0000000000000000000, -0.0000000000000000000, -1.000000000000000000 ) ) ;
#1345 = DIRECTION ( 'NONE',  ( -1.172110456741085581E-16, -1.000000000000000000, 0.0000000000000000000 ) ) ;
#1346 = VERTEX_POINT ( 'NONE', #1949 ) ;
#1347 = DIRECTION ( 'NONE',  ( -0.7071067811865356934, -0.7071067811865593411, 0.0000000000000000000 ) ) ;
#1348 = ADVANCED_FACE ( 'NONE', ( #3448 ), #5421, .F. ) ;
#1349 = DIRECTION ( 'NONE',  ( -0.0000000000000000000, -0.0000000000000000000, -1.000000000000000000 ) ) ;
#1350 = DIRECTION ( 'NONE',  ( 0.0000000000000000000, 0.0000000000000000000, 1.000000000000000000 ) ) ;
#1351 = ORIENTED_EDGE ( 'NONE', *, *, #6103, .T. ) ;
#1352 = DIRECTION ( 'NONE',  ( -1.000000000000000000, 0.0000000000000000000, 0.0000000000000000000 ) ) ;
#1353 = VECTOR ( 'NONE', #5230, 1000.000000000000000 ) ;
#1354 = CARTESIAN_POINT ( 'NONE',  ( 35.79999999999999005, 15.89999999999928271, 50.00000000000000000 ) ) ;
#1355 = EDGE_CURVE ( 'NONE', #4576, #385, #2321, .T. ) ;
#1356 = ORIENTED_EDGE ( 'NONE', *, *, #2044, .T. ) ;
#1357 = VERTEX_POINT ( 'NONE', #1590 ) ;
#1358 = LINE ( 'NONE', #871, #336 ) ;
#1359 = ORIENTED_EDGE ( 'NONE', *, *, #3510, .F. ) ;
#1360 = VECTOR ( 'NONE', #2417, 1000.000000000000000 ) ;
#1361 = ORIENTED_EDGE ( 'NONE', *, *, #6029, .T. ) ;
#1362 = PLANE ( 'NONE',  #117 ) ;
#1363 = LINE ( 'NONE', #2884, #2693 ) ;
#1364 = LINE ( 'NONE', #3883, #2971 ) ;
#1365 = EDGE_LOOP ( 'NONE', ( #4322, #5137, #1399, #5308 ) ) ;
#1366 = DIRECTION ( 'NONE',  ( -1.000000000000000000, 0.0000000000000000000, 0.0000000000000000000 ) ) ;
#1367 = CIRCLE ( 'NONE', #4457, 1.000000000000000888 ) ;
#1368 = DIRECTION ( 'NONE',  ( 1.000000000000000000, 0.0000000000000000000, 0.0000000000000000000 ) ) ;
#1369 = ORIENTED_EDGE ( 'NONE', *, *, #2015, .T. ) ;
#1370 = CARTESIAN_POINT ( 'NONE',  ( 2.499999999999999556, 29.24999999999955236, 50.00000000000000000 ) ) ;
#1371 = LINE ( 'NONE', #2301, #3621 ) ;
#1372 = PLANE ( 'NONE',  #2339 ) ;
#1373 = CARTESIAN_POINT ( 'NONE',  ( 7.449999999999992184, 31.54999999999986926, 50.00000000000000000 ) ) ;
#1374 = LINE ( 'NONE', #4345, #5078 ) ;
#1375 = CARTESIAN_POINT ( 'NONE',  ( 39.00000000000000711, 15.69999999999927986, 0.0000000000000000000 ) ) ;
#1376 = AXIS2_PLACEMENT_3D ( 'NONE', #5907, #953, #2441 ) ;
#1377 = ORIENTED_EDGE ( 'NONE', *, *, #4167, .T. ) ;
#1378 = EDGE_CURVE ( 'NONE', #3754, #5243, #6124, .T. ) ;
#1379 = AXIS2_PLACEMENT_3D ( 'NONE', #4243, #299, #6232 ) ;
#1380 = VECTOR ( 'NONE', #4864, 1000.000000000000000 ) ;
#1381 = CARTESIAN_POINT ( 'NONE',  ( -2.602085213965210642E-15, 35.49999999999998579, 50.00000000000000000 ) ) ;
#1382 = EDGE_CURVE ( 'NONE', #2344, #5291, #1685, .T. ) ;
#1383 = CARTESIAN_POINT ( 'NONE',  ( 15.09999999999998543, 0.9999999999999997780, 50.00000000000000000 ) ) ;
#1384 = EDGE_LOOP ( 'NONE', ( #1960, #841, #5411, #744 ) ) ;
#1385 = FACE_OUTER_BOUND ( 'NONE', #1484, .T. ) ;
#1386 = EDGE_LOOP ( 'NONE', ( #4163, #771, #2155, #3714 ) ) ;
#1387 = VERTEX_POINT ( 'NONE', #2199 ) ;
#1388 = DIRECTION ( 'NONE',  ( -0.0000000000000000000, -0.0000000000000000000, -1.000000000000000000 ) ) ;
#1389 = CIRCLE ( 'NONE', #4070, 0.3000000000000007661 ) ;
#1390 = ORIENTED_EDGE ( 'NONE', *, *, #3017, .F. ) ;
#1391 = VERTEX_POINT ( 'NONE', #5074 ) ;
#1392 = DIRECTION ( 'NONE',  ( -0.0000000000000000000, -0.0000000000000000000, -1.000000000000000000 ) ) ;
#1393 = DIRECTION ( 'NONE',  ( 1.000000000000000000, 0.0000000000000000000, 0.0000000000000000000 ) ) ;
#1394 = FACE_OUTER_BOUND ( 'NONE', #2059, .T. ) ;
#1395 = ORIENTED_EDGE ( 'NONE', *, *, #4918, .T. ) ;
#1396 = CARTESIAN_POINT ( 'NONE',  ( 27.39999999999998437, 2.500000000000000444, 50.00000000000000000 ) ) ;
#1397 = DIRECTION ( 'NONE',  ( -0.0000000000000000000, -0.0000000000000000000, -1.000000000000000000 ) ) ;
#1398 = EDGE_CURVE ( 'NONE', #538, #4620, #4171, .T. ) ;
#1399 = ORIENTED_EDGE ( 'NONE', *, *, #5570, .F. ) ;
#1400 = DIRECTION ( 'NONE',  ( -0.0000000000000000000, -0.0000000000000000000, -1.000000000000000000 ) ) ;
#1401 = EDGE_CURVE ( 'NONE', #852, #2388, #163, .T. ) ;
#1402 = LINE ( 'NONE', #1880, #4194 ) ;
#1403 = DIRECTION ( 'NONE',  ( 1.000000000000000000, 0.0000000000000000000, 0.0000000000000000000 ) ) ;
#1404 = CARTESIAN_POINT ( 'NONE',  ( 7.507359312880892865, 11.75000000000000178, 50.00000000000000000 ) ) ;
#1405 = DIRECTION ( 'NONE',  ( -1.000000000000000000, 0.0000000000000000000, 0.0000000000000000000 ) ) ;
#1406 = ORIENTED_EDGE ( 'NONE', *, *, #1726, .T. ) ;
#1407 = VECTOR ( 'NONE', #4575, 1000.000000000000000 ) ;
#1408 = EDGE_CURVE ( 'NONE', #1705, #1812, #5572, .T. ) ;
#1409 = CARTESIAN_POINT ( 'NONE',  ( 25.29999999999998650, 0.2000000000000000389, 50.00000000000000000 ) ) ;
#1410 = FACE_OUTER_BOUND ( 'NONE', #33, .T. ) ;
#1411 = VECTOR ( 'NONE', #5169, 1000.000000000000000 ) ;
#1412 = ORIENTED_EDGE ( 'NONE', *, *, #5255, .T. ) ;
#1413 = CIRCLE ( 'NONE', #2341, 3.400000000000000355 ) ;
#1414 = CARTESIAN_POINT ( 'NONE',  ( 4.199999999999999289, 26.40000000000001634, 0.0000000000000000000 ) ) ;
#1415 = EDGE_CURVE ( 'NONE', #4296, #629, #961, .T. ) ;
#1416 = CIRCLE ( 'NONE', #6176, 0.2000000000000003164 ) ;
#1417 = EDGE_CURVE ( 'NONE', #310, #5965, #2690, .T. ) ;
#1418 = ADVANCED_FACE ( 'NONE', ( #1138 ), #6158, .F. ) ;
#1419 = ORIENTED_EDGE ( 'NONE', *, *, #4075, .F. ) ;
#1420 = ORIENTED_EDGE ( 'NONE', *, *, #983, .F. ) ;
#1421 = LINE ( 'NONE', #3845, #6026 ) ;
#1422 = ORIENTED_EDGE ( 'NONE', *, *, #1624, .F. ) ;
#1423 = ORIENTED_EDGE ( 'NONE', *, *, #105, .T. ) ;
#1424 = CARTESIAN_POINT ( 'NONE',  ( 1.300000000000051115, 35.49999999999977263, 50.00000000000000000 ) ) ;
#1425 = DIRECTION ( 'NONE',  ( -0.0000000000000000000, -0.0000000000000000000, -1.000000000000000000 ) ) ;
#1426 = DIRECTION ( 'NONE',  ( -1.000000000000000000, -0.0000000000000000000, -0.0000000000000000000 ) ) ;
#1427 = EDGE_CURVE ( 'NONE', #4684, #4303, #3626, .T. ) ;
#1428 = ORIENTED_EDGE ( 'NONE', *, *, #5255, .F. ) ;
#1429 = DIRECTION ( 'NONE',  ( 0.0000000000000000000, 0.0000000000000000000, 1.000000000000000000 ) ) ;
#1430 = DIRECTION ( 'NONE',  ( -1.000000000000000000, 0.0000000000000000000, 0.0000000000000000000 ) ) ;
#1431 = VERTEX_POINT ( 'NONE', #1169 ) ;
#1432 = ORIENTED_EDGE ( 'NONE', *, *, #1904, .F. ) ;
#1433 = LINE ( 'NONE', #6259, #2065 ) ;
#1434 = DIRECTION ( 'NONE',  ( -0.0000000000000000000, -0.0000000000000000000, -1.000000000000000000 ) ) ;
#1435 = EDGE_CURVE ( 'NONE', #616, #5136, #3344, .T. ) ;
#1436 = CARTESIAN_POINT ( 'NONE',  ( 13.41421356237304963, 25.17157287525370535, 50.00000000000000000 ) ) ;
#1437 = DIRECTION ( 'NONE',  ( -0.0000000000000000000, -0.0000000000000000000, -1.000000000000000000 ) ) ;
#1438 = DIRECTION ( 'NONE',  ( 0.0000000000000000000, 0.0000000000000000000, 1.000000000000000000 ) ) ;
#1439 = CARTESIAN_POINT ( 'NONE',  ( 39.20000000000000284, 14.90000000000001812, 50.00000000000000000 ) ) ;
#1440 = ORIENTED_EDGE ( 'NONE', *, *, #3871, .T. ) ;
#1441 = AXIS2_PLACEMENT_3D ( 'NONE', #5552, #1149, #4059 ) ;
#1442 = LINE ( 'NONE', #3289, #3476 ) ;
#1443 = LINE ( 'NONE', #3420, #2172 ) ;
#1444 = ORIENTED_EDGE ( 'NONE', *, *, #347, .F. ) ;
#1445 = LINE ( 'NONE', #505, #15 ) ;
#1446 = ORIENTED_EDGE ( 'NONE', *, *, #5586, .T. ) ;
#1447 = ORIENTED_EDGE ( 'NONE', *, *, #1378, .F. ) ;
#1448 = CARTESIAN_POINT ( 'NONE',  ( 23.75735931288071967, 28.00000000000000000, 50.00000000000000000 ) ) ;
#1449 = AXIS2_PLACEMENT_3D ( 'NONE', #286, #2258, #4227 ) ;
#1451 = VERTEX_POINT ( 'NONE', #5108 ) ;
#1450 = CARTESIAN_POINT ( 'NONE',  ( 39.20000000000000284, 24.90000000000001990, 0.0000000000000000000 ) ) ;
#1452 = DIRECTION ( 'NONE',  ( -1.000000000000000000, 0.0000000000000000000, 0.0000000000000000000 ) ) ;
#1453 = EDGE_CURVE ( 'NONE', #2645, #3240, #4626, .T. ) ;
#1454 = CARTESIAN_POINT ( 'NONE',  ( 26.40000000000043912, 37.50000000000003553, 50.00000000000000000 ) ) ;
#1455 = DIRECTION ( 'NONE',  ( -1.000000000000000000, -0.0000000000000000000, -0.0000000000000000000 ) ) ;
#1456 = AXIS2_PLACEMENT_3D ( 'NONE', #1585, #2585, #4552 ) ;
#1457 = ORIENTED_EDGE ( 'NONE', *, *, #5535, .F. ) ;
#1458 = LINE ( 'NONE', #5869, #1195 ) ;
#1459 = VECTOR ( 'NONE', #3348, 1000.000000000000000 ) ;
#1460 = ORIENTED_EDGE ( 'NONE', *, *, #723, .T. ) ;
#1461 = EDGE_CURVE ( 'NONE', #5637, #4007, #6061, .T. ) ;
#1462 = ORIENTED_EDGE ( 'NONE', *, *, #398, .F. ) ;
#1463 =( LENGTH_UNIT ( ) NAMED_UNIT ( * ) SI_UNIT ( .MILLI., .METRE. ) );
#1464 = LINE ( 'NONE', #5447, #1147 ) ;
#1465 = FACE_OUTER_BOUND ( 'NONE', #1632, .T. ) ;
#1466 = DIRECTION ( 'NONE',  ( -0.0000000000000000000, 0.0000000000000000000, -1.000000000000000000 ) ) ;
#1467 = LINE ( 'NONE', #94, #2609 ) ;
#1468 = CYLINDRICAL_SURFACE ( 'NONE', #858, 0.2999999999999981570 ) ;
#1469 = CARTESIAN_POINT ( 'NONE',  ( 26.39999999999998082, 4.199999999999997513, 50.00000000000000000 ) ) ;
#1470 = ORIENTED_EDGE ( 'NONE', *, *, #4336, .T. ) ;
#1471 = AXIS2_PLACEMENT_3D ( 'NONE', #3763, #298, #5355 ) ;
#1472 = DIRECTION ( 'NONE',  ( 1.000000000000000000, 0.0000000000000000000, 0.0000000000000000000 ) ) ;
#1473 = VECTOR ( 'NONE', #2661, 1000.000000000000000 ) ;
#1474 = CARTESIAN_POINT ( 'NONE',  ( 30.25000000000000000, 32.49264068711929809, 50.00000000000000000 ) ) ;
#1475 = AXIS2_PLACEMENT_3D ( 'NONE', #3599, #3085, #1113 ) ;
#1476 = CARTESIAN_POINT ( 'NONE',  ( 4.199999999999999289, 26.40000000000001634, 50.00000000000000000 ) ) ;
#1477 = ADVANCED_FACE ( 'NONE', ( #193 ), #5541, .F. ) ;
#1478 = ORIENTED_EDGE ( 'NONE', *, *, #5289, .T. ) ;
#1479 = CARTESIAN_POINT ( 'NONE',  ( 35.49999999999997868, 38.70000000000000284, 50.00000000000000000 ) ) ;
#1480 = AXIS2_PLACEMENT_3D ( 'NONE', #4887, #1912, #459 ) ;
#1481 = ADVANCED_FACE ( 'NONE', ( #748 ), #2728, .F. ) ;
#1482 = CIRCLE ( 'NONE', #2937, 3.200000000000001510 ) ;
#1483 = ORIENTED_EDGE ( 'NONE', *, *, #1766, .F. ) ;
#1484 = EDGE_LOOP ( 'NONE', ( #5498, #5604, #534, #3105 ) ) ;
#1485 = VECTOR ( 'NONE', #1114, 1000.000000000000000 ) ;
#1486 = DIRECTION ( 'NONE',  ( -0.0000000000000000000, -0.0000000000000000000, -1.000000000000000000 ) ) ;
#1488 = ORIENTED_EDGE ( 'NONE', *, *, #2802, .F. ) ;
#1487 = DIRECTION ( 'NONE',  ( -0.0000000000000000000, -0.0000000000000000000, -1.000000000000000000 ) ) ;
#1489 = DIRECTION ( 'NONE',  ( 0.0000000000000000000, 0.0000000000000000000, 1.000000000000000000 ) ) ;
#1490 = CARTESIAN_POINT ( 'NONE',  ( 25.29999999999999005, 40.00000000000002842, 50.00000000000000000 ) ) ;
#1491 = ORIENTED_EDGE ( 'NONE', *, *, #142, .F. ) ;
#1492 = ORIENTED_EDGE ( 'NONE', *, *, #4179, .F. ) ;
#1493 = ORIENTED_EDGE ( 'NONE', *, *, #4635, .F. ) ;
#1494 = CARTESIAN_POINT ( 'NONE',  ( 24.09999999999998366, 1.200000000000001288, 50.00000000000000000 ) ) ;
#1495 = DIRECTION ( 'NONE',  ( -1.000000000000000000, 0.0000000000000000000, 0.0000000000000000000 ) ) ;
#1496 = ADVANCED_FACE ( 'NONE', ( #5046 ), #613, .F. ) ;
#1497 = CARTESIAN_POINT ( 'NONE',  ( 39.80000000000001137, 25.10000000000001918, 0.0000000000000000000 ) ) ;
#1498 = EDGE_CURVE ( 'NONE', #3404, #6169, #3112, .T. ) ;
#1499 = CARTESIAN_POINT ( 'NONE',  ( 15.89999999999998437, 38.80000000000001847, 0.0000000000000000000 ) ) ;
#1500 = DIRECTION ( 'NONE',  ( 1.000000000000000000, 0.0000000000000000000, 0.0000000000000000000 ) ) ;
#1501 = CARTESIAN_POINT ( 'NONE',  ( 28.00000000000038369, 16.24264068711893572, 50.00000000000000000 ) ) ;
#1502 = ORIENTED_EDGE ( 'NONE', *, *, #3214, .F. ) ;
#1503 = CARTESIAN_POINT ( 'NONE',  ( 26.39999999999998082, 2.500000000000007550, 0.0000000000000000000 ) ) ;
#1504 = DIRECTION ( 'NONE',  ( -0.0000000000000000000, -0.0000000000000000000, -1.000000000000000000 ) ) ;
#1505 = ORIENTED_EDGE ( 'NONE', *, *, #1863, .T. ) ;
#1506 = AXIS2_PLACEMENT_3D ( 'NONE', #660, #1661, #4151 ) ;
#1507 = CARTESIAN_POINT ( 'NONE',  ( 38.80000000000001137, 15.89999999999928271, 50.00000000000000000 ) ) ;
#1508 = AXIS2_PLACEMENT_3D ( 'NONE', #4478, #41, #2013 ) ;
#1509 = EDGE_CURVE ( 'NONE', #5857, #2460, #481, .T. ) ;
#1510 = ORIENTED_EDGE ( 'NONE', *, *, #2641, .T. ) ;
#1511 = AXIS2_PLACEMENT_3D ( 'NONE', #2290, #2363, #5342 ) ;
#1512 = ORIENTED_EDGE ( 'NONE', *, *, #3446, .F. ) ;
#1513 = DIRECTION ( 'NONE',  ( 0.0000000000000000000, -0.0000000000000000000, 1.000000000000000000 ) ) ;
#1515 = VERTEX_POINT ( 'NONE', #4327 ) ;
#1514 = CARTESIAN_POINT ( 'NONE',  ( 28.25000000000000000, 7.507359312880506508, 50.00000000000000000 ) ) ;
#1516 = DIRECTION ( 'NONE',  ( 1.000000000000000000, 0.0000000000000000000, -0.0000000000000000000 ) ) ;
#1517 = CARTESIAN_POINT ( 'NONE',  ( 15.09999999999998543, 1.000000000000000000, 50.00000000000000000 ) ) ;
#1518 = AXIS2_PLACEMENT_3D ( 'NONE', #3623, #3176, #3081 ) ;
#1519 = ORIENTED_EDGE ( 'NONE', *, *, #522, .T. ) ;
#1520 = AXIS2_PLACEMENT_3D ( 'NONE', #1396, #289, #5309 ) ;
#1521 = ORIENTED_EDGE ( 'NONE', *, *, #5564, .F. ) ;
#1522 = VERTEX_POINT ( 'NONE', #3878 ) ;
#1523 = DIRECTION ( 'NONE',  ( 0.0000000000000000000, 0.0000000000000000000, 1.000000000000000000 ) ) ;
#1524 = CARTESIAN_POINT ( 'NONE',  ( 26.40000000000043912, 37.50000000000003553, 0.0000000000000000000 ) ) ;
#1525 = CARTESIAN_POINT ( 'NONE',  ( 4.500000000000001776, 15.60000000000001741, 50.00000000000000000 ) ) ;
#1526 = DIRECTION ( 'NONE',  ( -0.0000000000000000000, 0.0000000000000000000, -1.000000000000000000 ) ) ;
#1527 = CYLINDRICAL_SURFACE ( 'NONE', #22, 0.1999999999999987899 ) ;
#1528 = DIRECTION ( 'NONE',  ( -1.000000000000000000, 0.0000000000000000000, 0.0000000000000000000 ) ) ;
#1529 = CARTESIAN_POINT ( 'NONE',  ( 35.80000000000002558, 24.09999999999928022, 50.00000000000000000 ) ) ;
#1530 = ORIENTED_EDGE ( 'NONE', *, *, #1382, .T. ) ;
#1531 = CYLINDRICAL_SURFACE ( 'NONE', #996, 1.000000000000000888 ) ;
#1532 = DIRECTION ( 'NONE',  ( -0.0000000000000000000, -0.0000000000000000000, -1.000000000000000000 ) ) ;
#1533 = VERTEX_POINT ( 'NONE', #932 ) ;
#1534 = ORIENTED_EDGE ( 'NONE', *, *, #5190, .T. ) ;
#1535 = EDGE_CURVE ( 'NONE', #3589, #1343, #1358, .T. ) ;
#1536 = CARTESIAN_POINT ( 'NONE',  ( 38.69999999999999574, 35.50000000000000000, 50.00000000000000000 ) ) ;
#1537 = ORIENTED_EDGE ( 'NONE', *, *, #2345, .F. ) ;
#1538 = ORIENTED_EDGE ( 'NONE', *, *, #2824, .T. ) ;
#1539 = FACE_OUTER_BOUND ( 'NONE', #4683, .T. ) ;
#1540 = EDGE_CURVE ( 'NONE', #5857, #2651, #1570, .T. ) ;
#1541 = ORIENTED_EDGE ( 'NONE', *, *, #2464, .F. ) ;
#1542 = DIRECTION ( 'NONE',  ( -0.0000000000000000000, -1.000000000000000000, -0.0000000000000000000 ) ) ;
#1543 = FACE_OUTER_BOUND ( 'NONE', #1013, .T. ) ;
#1544 = ORIENTED_EDGE ( 'NONE', *, *, #3028, .T. ) ;
#1545 = ORIENTED_EDGE ( 'NONE', *, *, #4025, .F. ) ;
#1546 = AXIS2_PLACEMENT_3D ( 'NONE', #2580, #4519, #3073 ) ;
#1547 = ORIENTED_EDGE ( 'NONE', *, *, #405, .F. ) ;
#1548 = EDGE_CURVE ( 'NONE', #3659, #5362, #1421, .T. ) ;
#1549 = ORIENTED_EDGE ( 'NONE', *, *, #4167, .F. ) ;
#1550 = DIRECTION ( 'NONE',  ( -0.0000000000000000000, -0.0000000000000000000, -1.000000000000000000 ) ) ;
#1551 = AXIS2_PLACEMENT_3D ( 'NONE', #1163, #1642, #739 ) ;
#1552 = DIRECTION ( 'NONE',  ( -0.0000000000000000000, 1.000000000000000000, -0.0000000000000000000 ) ) ;
#1553 = EDGE_CURVE ( 'NONE', #3187, #6149, #640, .T. ) ;
#1554 = VECTOR ( 'NONE', #3148, 1000.000000000000000 ) ;
#1555 = DIRECTION ( 'NONE',  ( -1.000000000000000000, 0.0000000000000000000, 0.0000000000000000000 ) ) ;
#1556 = FACE_OUTER_BOUND ( 'NONE', #4825, .T. ) ;
#1557 = DIRECTION ( 'NONE',  ( -0.0000000000000000000, -0.0000000000000000000, -1.000000000000000000 ) ) ;
#1558 = FACE_OUTER_BOUND ( 'NONE', #2723, .T. ) ;
#1559 = ORIENTED_EDGE ( 'NONE', *, *, #1060, .F. ) ;
#1560 = VECTOR ( 'NONE', #5155, 1000.000000000000000 ) ;
#1561 = CARTESIAN_POINT ( 'NONE',  ( 4.500000000000000888, 4.500000000000000000, 50.00000000000000000 ) ) ;
#1562 = DIRECTION ( 'NONE',  ( 1.172110456741085581E-16, -1.000000000000000000, 0.0000000000000000000 ) ) ;
#1563 = EDGE_CURVE ( 'NONE', #963, #5651, #5792, .T. ) ;
#1564 = ORIENTED_EDGE ( 'NONE', *, *, #182, .T. ) ;
#1565 = CARTESIAN_POINT ( 'NONE',  ( 38.69999999999999574, 32.55000000000008242, 50.00000000000000000 ) ) ;
#1566 = VECTOR ( 'NONE', #4215, 1000.000000000000000 ) ;
#1567 = CIRCLE ( 'NONE', #3436, 1.999999999999998224 ) ;
#1568 = EDGE_CURVE ( 'NONE', #1920, #2420, #6409, .T. ) ;
#1569 = DIRECTION ( 'NONE',  ( -0.0000000000000000000, -0.0000000000000000000, -1.000000000000000000 ) ) ;
#1571 = ORIENTED_EDGE ( 'NONE', *, *, #243, .F. ) ;
#1570 = CIRCLE ( 'NONE', #1779, 1.999999999999998224 ) ;
#1572 = ADVANCED_FACE ( 'NONE', ( #510 ), #3461, .T. ) ;
#1573 = DIRECTION ( 'NONE',  ( 0.0000000000000000000, 1.000000000000000000, 0.0000000000000000000 ) ) ;
#1574 = VECTOR ( 'NONE', #1368, 1000.000000000000000 ) ;
#1575 = ORIENTED_EDGE ( 'NONE', *, *, #1867, .T. ) ;
#1576 = DIRECTION ( 'NONE',  ( 1.000000000000000000, 0.0000000000000000000, -0.0000000000000000000 ) ) ;
#1577 = DIRECTION ( 'NONE',  ( 0.0000000000000000000, -1.000000000000000000, 0.0000000000000000000 ) ) ;
#1578 = AXIS2_PLACEMENT_3D ( 'NONE', #4006, #4065, #3040 ) ;
#1579 = VECTOR ( 'NONE', #5910, 1000.000000000000000 ) ;
#1580 = ORIENTED_EDGE ( 'NONE', *, *, #4833, .T. ) ;
#1581 = ORIENTED_EDGE ( 'NONE', *, *, #3574, .F. ) ;
#1582 = PRODUCT_DEFINITION_FORMATION_WITH_SPECIFIED_SOURCE ( 'ANY', '', #6356, .NOT_KNOWN. ) ;
#1583 = ORIENTED_EDGE ( 'NONE', *, *, #4808, .F. ) ;
#1584 = ORIENTED_EDGE ( 'NONE', *, *, #662, .F. ) ;
#1585 = CARTESIAN_POINT ( 'NONE',  ( 13.89999999999998437, 4.200000000000000178, 50.00000000000000000 ) ) ;
#1586 = CARTESIAN_POINT ( 'NONE',  ( 10.75000000000000000, 2.499999999999999556, 50.00000000000000000 ) ) ;
#1587 = EDGE_CURVE ( 'NONE', #1357, #1734, #5890, .T. ) ;
#1588 = DIRECTION ( 'NONE',  ( -0.0000000000000000000, -0.0000000000000000000, -1.000000000000000000 ) ) ;
#1589 = DIRECTION ( 'NONE',  ( 3.464347907917258668E-16, -1.000000000000000000, 0.0000000000000000000 ) ) ;
#1590 = CARTESIAN_POINT ( 'NONE',  ( 35.49999999999998579, 40.00000000000000711, 50.00000000000000000 ) ) ;
#1591 = VECTOR ( 'NONE', #5076, 1000.000000000000000 ) ;
#1592 = DIRECTION ( 'NONE',  ( -0.0000000000000000000, -0.0000000000000000000, -1.000000000000000000 ) ) ;
#1593 = ORIENTED_EDGE ( 'NONE', *, *, #1071, .F. ) ;
#1594 = DIRECTION ( 'NONE',  ( -1.000000000000000000, -3.614007241618349757E-16, 0.0000000000000000000 ) ) ;
#1595 = DIRECTION ( 'NONE',  ( -2.308434370423353371E-16, -1.000000000000000000, 0.0000000000000000000 ) ) ;
#1596 = EDGE_CURVE ( 'NONE', #1707, #3733, #4392, .T. ) ;
#1597 = EDGE_CURVE ( 'NONE', #2047, #179, #2413, .T. ) ;
#1598 = DIRECTION ( 'NONE',  ( 1.000000000000000000, 0.0000000000000000000, 0.0000000000000000000 ) ) ;
#1599 = VERTEX_POINT ( 'NONE', #411 ) ;
#1600 = FACE_OUTER_BOUND ( 'NONE', #4936, .T. ) ;
#1601 = DIRECTION ( 'NONE',  ( -0.0000000000000000000, -0.0000000000000000000, -1.000000000000000000 ) ) ;
#1602 = ORIENTED_EDGE ( 'NONE', *, *, #1461, .T. ) ;
#1603 = PLANE ( 'NONE',  #127 ) ;
#1604 = ORIENTED_EDGE ( 'NONE', *, *, #4747, .T. ) ;
#1605 = CARTESIAN_POINT ( 'NONE',  ( 32.49264068711970310, 30.24999999999960210, 0.0000000000000000000 ) ) ;
#1606 = CARTESIAN_POINT ( 'NONE',  ( 35.80000000000002558, 26.40000000000248548, 50.00000000000000000 ) ) ;
#1607 = EDGE_CURVE ( 'NONE', #3909, #3071, #4294, .T. ) ;
#1608 = VECTOR ( 'NONE', #5216, 1000.000000000000000 ) ;
#1609 = VERTEX_POINT ( 'NONE', #2910 ) ;
#1610 = ORIENTED_EDGE ( 'NONE', *, *, #4690, .F. ) ;
#1611 = EDGE_LOOP ( 'NONE', ( #2694, #5520, #1428, #4261 ) ) ;
#1612 = VECTOR ( 'NONE', #4228, 1000.000000000000000 ) ;
#1613 = ORIENTED_EDGE ( 'NONE', *, *, #3952, .T. ) ;
#1614 = EDGE_CURVE ( 'NONE', #3659, #645, #2390, .T. ) ;
#1615 = LINE ( 'NONE', #2192, #3423 ) ;
#1616 = LINE ( 'NONE', #1134, #2545 ) ;
#1617 = CARTESIAN_POINT ( 'NONE',  ( 12.60000000000081855, 38.50000000000004263, 50.00000000000000000 ) ) ;
#1618 = VECTOR ( 'NONE', #3249, 1000.000000000000000 ) ;
#1619 = CYLINDRICAL_SURFACE ( 'NONE', #3231, 1.000000000000000000 ) ;
#1620 = DIRECTION ( 'NONE',  ( -1.000000000000000000, 0.0000000000000000000, 0.0000000000000000000 ) ) ;
#1621 = LINE ( 'NONE', #4079, #4573 ) ;
#1622 = ORIENTED_EDGE ( 'NONE', *, *, #3028, .F. ) ;
#1623 = FACE_OUTER_BOUND ( 'NONE', #2322, .T. ) ;
#1624 = EDGE_CURVE ( 'NONE', #1193, #3067, #756, .T. ) ;
#1625 = DIRECTION ( 'NONE',  ( -0.0000000000000000000, -0.0000000000000000000, -1.000000000000000000 ) ) ;
#1626 = CARTESIAN_POINT ( 'NONE',  ( 35.80000000000002558, 26.40000000000248548, 0.0000000000000000000 ) ) ;
#1627 = LINE ( 'NONE', #1213, #3635 ) ;
#1628 = ORIENTED_EDGE ( 'NONE', *, *, #3437, .F. ) ;
#1629 = DIRECTION ( 'NONE',  ( 0.0000000000000000000, 0.0000000000000000000, 1.000000000000000000 ) ) ;
#1630 = EDGE_CURVE ( 'NONE', #3041, #5855, #3859, .T. ) ;
#1631 = DIRECTION ( 'NONE',  ( -0.0000000000000000000, -0.0000000000000000000, -1.000000000000000000 ) ) ;
#1632 = EDGE_LOOP ( 'NONE', ( #5927, #4362, #2418, #2825 ) ) ;
#1633 = CARTESIAN_POINT ( 'NONE',  ( 32.55000000000005400, 31.55000000000007887, 50.00000000000000000 ) ) ;
#1634 = EDGE_LOOP ( 'NONE', ( #1297, #4080, #1854, #3196 ) ) ;
#1635 = FACE_OUTER_BOUND ( 'NONE', #4623, .T. ) ;
#1636 = AXIS2_PLACEMENT_3D ( 'NONE', #3577, #1629, #4605 ) ;
#1637 = DIRECTION ( 'NONE',  ( -0.0000000000000000000, -0.0000000000000000000, -1.000000000000000000 ) ) ;
#1638 = ORIENTED_EDGE ( 'NONE', *, *, #429, .F. ) ;
#1639 = VERTEX_POINT ( 'NONE', #4358 ) ;
#1640 = ADVANCED_FACE ( 'NONE', ( #2849 ), #4814, .F. ) ;
#1641 = VERTEX_POINT ( 'NONE', #4910 ) ;
#1642 = DIRECTION ( 'NONE',  ( -0.0000000000000000000, -0.0000000000000000000, -1.000000000000000000 ) ) ;
#1643 = DIRECTION ( 'NONE',  ( -1.594351493229579034E-16, -1.000000000000000000, 0.0000000000000000000 ) ) ;
#1644 = VERTEX_POINT ( 'NONE', #4424 ) ;
#1645 = PLANE ( 'NONE',  #170 ) ;
#1646 = EDGE_CURVE ( 'NONE', #4681, #4049, #6341, .T. ) ;
#1647 = LINE ( 'NONE', #257, #2410 ) ;
#1648 = DIRECTION ( 'NONE',  ( -0.0000000000000000000, -0.0000000000000000000, -1.000000000000000000 ) ) ;
#1649 = CARTESIAN_POINT ( 'NONE',  ( 0.9999999999999981126, 24.90000000000001634, 50.00000000000000000 ) ) ;
#1650 = CIRCLE ( 'NONE', #1449, 0.9999999999999940048 ) ;
#1651 = DIRECTION ( 'NONE',  ( 0.0000000000000000000, 0.0000000000000000000, 1.000000000000000000 ) ) ;
#1652 = LINE ( 'NONE', #3183, #4349 ) ;
#1653 = CARTESIAN_POINT ( 'NONE',  ( 4.500000000000389022, 1.299999999999867262, 0.0000000000000000000 ) ) ;
#1654 = VECTOR ( 'NONE', #2695, 1000.000000000000000 ) ;
#1655 = DIRECTION ( 'NONE',  ( -0.0000000000000000000, -0.0000000000000000000, -1.000000000000000000 ) ) ;
#1656 = CARTESIAN_POINT ( 'NONE',  ( 0.2000000000000001776, 14.70000000000001705, 0.0000000000000000000 ) ) ;
#1657 = CIRCLE ( 'NONE', #4545, 1.000000000000000888 ) ;
#1658 = ORIENTED_EDGE ( 'NONE', *, *, #889, .F. ) ;
#1659 = CARTESIAN_POINT ( 'NONE',  ( 8.449999999999999289, 32.54999999999987637, 50.00000000000000000 ) ) ;
#1660 = AXIS2_PLACEMENT_3D ( 'NONE', #17, #2876, #1927 ) ;
#1661 = DIRECTION ( 'NONE',  ( -0.0000000000000000000, -0.0000000000000000000, -1.000000000000000000 ) ) ;
#1662 = EDGE_LOOP ( 'NONE', ( #2716, #5232, #3949, #2181 ) ) ;
#1663 = ADVANCED_FACE ( 'NONE', ( #1539 ), #3097, .F. ) ;
#1664 = DIRECTION ( 'NONE',  ( 1.000000000000000000, 0.0000000000000000000, 0.0000000000000000000 ) ) ;
#1666 = ORIENTED_EDGE ( 'NONE', *, *, #2445, .F. ) ;
#1665 = EDGE_CURVE ( 'NONE', #5983, #4677, #5003, .T. ) ;
#1667 = DIRECTION ( 'NONE',  ( -1.000000000000000000, 0.0000000000000000000, 0.0000000000000000000 ) ) ;
#1668 = AXIS2_PLACEMENT_3D ( 'NONE', #5977, #5426, #75 ) ;
#1669 = DIRECTION ( 'NONE',  ( 0.0000000000000000000, 1.000000000000000000, 0.0000000000000000000 ) ) ;
#1670 = ORIENTED_EDGE ( 'NONE', *, *, #3446, .T. ) ;
#1671 = VERTEX_POINT ( 'NONE', #5032 ) ;
#1672 = AXIS2_PLACEMENT_3D ( 'NONE', #3817, #4817, #5304 ) ;
#1673 = VECTOR ( 'NONE', #1304, 1000.000000000000000 ) ;
#1674 = ORIENTED_EDGE ( 'NONE', *, *, #5609, .T. ) ;
#1675 = CIRCLE ( 'NONE', #5405, 1.000000000000000888 ) ;
#1676 = ORIENTED_EDGE ( 'NONE', *, *, #2743, .T. ) ;
#1677 = DIRECTION ( 'NONE',  ( 1.000000000000000000, 0.0000000000000000000, 0.0000000000000000000 ) ) ;
#1678 = DIRECTION ( 'NONE',  ( -0.0000000000000000000, -0.0000000000000000000, -1.000000000000000000 ) ) ;
#1679 = VECTOR ( 'NONE', #5051, 1000.000000000000000 ) ;
#1680 = EDGE_CURVE ( 'NONE', #4130, #6343, #1482, .T. ) ;
#1681 = VERTEX_POINT ( 'NONE', #4484 ) ;
#1683 = CARTESIAN_POINT ( 'NONE',  ( 39.00000000000000711, 24.29999999999928306, 50.00000000000000000 ) ) ;
#1682 = AXIS2_PLACEMENT_3D ( 'NONE', #492, #2, #3861 ) ;
#1684 = CARTESIAN_POINT ( 'NONE',  ( 10.33578643762690952, 8.921572875253817259, 50.00000000000000000 ) ) ;
#1685 = LINE ( 'NONE', #228, #547 ) ;
#1686 = ORIENTED_EDGE ( 'NONE', *, *, #347, .T. ) ;
#1687 = CARTESIAN_POINT ( 'NONE',  ( 39.80000000000001137, 25.10000000000001918, 50.00000000000000000 ) ) ;
#1688 = ORIENTED_EDGE ( 'NONE', *, *, #6367, .T. ) ;
#1689 = DIRECTION ( 'NONE',  ( -1.000000000000000000, 0.0000000000000000000, 0.0000000000000000000 ) ) ;
#1690 = LINE ( 'NONE', #2734, #5644 ) ;
#1691 = ADVANCED_FACE ( 'NONE', ( #5585 ), #6077, .T. ) ;
#1692 = ADVANCED_FACE ( 'NONE', ( #5059 ), #1603, .F. ) ;
#1693 = LINE ( 'NONE', #1178, #2722 ) ;
#1694 = CARTESIAN_POINT ( 'NONE',  ( 15.69999999999998508, 1.199999999999999734, 50.00000000000000000 ) ) ;
#1695 = VERTEX_POINT ( 'NONE', #2026 ) ;
#1696 = LINE ( 'NONE', #5783, #1566 ) ;
#1697 = ADVANCED_FACE ( 'NONE', ( #628 ), #5526, .T. ) ;
#1698 = DIRECTION ( 'NONE',  ( 1.000000000000000000, 0.0000000000000000000, 0.0000000000000000000 ) ) ;
#1699 = ORIENTED_EDGE ( 'NONE', *, *, #4184, .T. ) ;
#1700 = VERTEX_POINT ( 'NONE', #6047 ) ;
#1701 = DIRECTION ( 'NONE',  ( -1.000000000000000000, 0.0000000000000000000, 0.0000000000000000000 ) ) ;
#1702 = LINE ( 'NONE', #5559, #5480 ) ;
#1703 = ADVANCED_FACE ( 'NONE', ( #2549 ), #4515, .T. ) ;
#1704 = ORIENTED_EDGE ( 'NONE', *, *, #4388, .F. ) ;
#1705 = VERTEX_POINT ( 'NONE', #5982 ) ;
#1706 = VERTEX_POINT ( 'NONE', #4540 ) ;
#1707 = VERTEX_POINT ( 'NONE', #3611 ) ;
#1708 = CARTESIAN_POINT ( 'NONE',  ( 29.66421356237311358, 8.921572875253589885, 50.00000000000000000 ) ) ;
#1709 = CIRCLE ( 'NONE', #6268, 1.999999999999998224 ) ;
#1710 = DIRECTION ( 'NONE',  ( 1.000000000000000000, 0.0000000000000000000, 0.0000000000000000000 ) ) ;
#1711 = EDGE_LOOP ( 'NONE', ( #3973, #2572, #5039, #5662 ) ) ;
#1712 = CYLINDRICAL_SURFACE ( 'NONE', #4717, 2.000000000000050182 ) ;
#1713 = LINE ( 'NONE', #2161, #2188 ) ;
#1715 = DIRECTION ( 'NONE',  ( -0.0000000000000000000, -0.0000000000000000000, -1.000000000000000000 ) ) ;
#1714 = VECTOR ( 'NONE', #2158, 1000.000000000000000 ) ;
#1716 = VECTOR ( 'NONE', #5807, 1000.000000000000000 ) ;
#1717 = ORIENTED_EDGE ( 'NONE', *, *, #6080, .T. ) ;
#1718 = CARTESIAN_POINT ( 'NONE',  ( 4.500000000000032863, 0.0000000000000000000, 50.00000000000000000 ) ) ;
#1719 = EDGE_LOOP ( 'NONE', ( #5974, #1432, #1939, #3138 ) ) ;
#1720 = CARTESIAN_POINT ( 'NONE',  ( 31.55000000000005045, 37.70000000000000284, 50.00000000000000000 ) ) ;
#1721 = DIRECTION ( 'NONE',  ( 0.0000000000000000000, -1.000000000000000000, 0.0000000000000000000 ) ) ;
#1722 = VECTOR ( 'NONE', #1808, 1000.000000000000000 ) ;
#1723 = FACE_OUTER_BOUND ( 'NONE', #870, .T. ) ;
#1724 = CARTESIAN_POINT ( 'NONE',  ( -1.217252705265708188E-15, 25.30000000000002203, 50.00000000000000000 ) ) ;
#1725 = ORIENTED_EDGE ( 'NONE', *, *, #5409, .T. ) ;
#1726 = EDGE_CURVE ( 'NONE', #836, #6337, #2608, .T. ) ;
#1727 = CARTESIAN_POINT ( 'NONE',  ( 4.199999999999999289, 24.10000000000001563, 50.00000000000000000 ) ) ;
#1728 = LINE ( 'NONE', #2178, #2859 ) ;
#1729 = EDGE_CURVE ( 'NONE', #4603, #4547, #3521, .T. ) ;
#1730 = CARTESIAN_POINT ( 'NONE',  ( 0.9999999999999991118, 15.70000000000001528, 50.00000000000000000 ) ) ;
#1731 = ORIENTED_EDGE ( 'NONE', *, *, #3156, .F. ) ;
#1732 = DIRECTION ( 'NONE',  ( 1.000000000000000000, 0.0000000000000000000, 0.0000000000000000000 ) ) ;
#1733 = CARTESIAN_POINT ( 'NONE',  ( 15.89999999999998437, 35.80000000000004690, 50.00000000000000000 ) ) ;
#1734 = VERTEX_POINT ( 'NONE', #3492 ) ;
#1735 = ORIENTED_EDGE ( 'NONE', *, *, #4021, .F. ) ;
#1736 = EDGE_CURVE ( 'NONE', #2001, #2544, #3582, .T. ) ;
#1737 = EDGE_LOOP ( 'NONE', ( #3723, #2682, #1478, #4004, #803, #2209, #4582, #2024 ) ) ;
#1738 = ORIENTED_EDGE ( 'NONE', *, *, #182, .F. ) ;
#1739 = DIRECTION ( 'NONE',  ( -1.000000000000000000, 0.0000000000000000000, 0.0000000000000000000 ) ) ;
#1740 = CARTESIAN_POINT ( 'NONE',  ( 10.33578643762691307, 31.07842712474612767, 0.0000000000000000000 ) ) ;
#1741 = CARTESIAN_POINT ( 'NONE',  ( 25.29999999999998650, 39.80000000000003268, 50.00000000000000000 ) ) ;
#1742 = ORIENTED_EDGE ( 'NONE', *, *, #6266, .F. ) ;
#1743 = DIRECTION ( 'NONE',  ( 0.0000000000000000000, 0.0000000000000000000, 1.000000000000000000 ) ) ;
#1744 = DIRECTION ( 'NONE',  ( 1.000000000000000000, 0.0000000000000000000, 0.0000000000000000000 ) ) ;
#1745 = ADVANCED_FACE ( 'NONE', ( #3128 ), #4453, .T. ) ;
#1746 = ORIENTED_EDGE ( 'NONE', *, *, #5160, .F. ) ;
#1747 = CARTESIAN_POINT ( 'NONE',  ( 13.59999999999998366, 2.500000000000006661, 0.0000000000000000000 ) ) ;
#1748 = CYLINDRICAL_SURFACE ( 'NONE', #5316, 1.000000000000000888 ) ;
#1749 = DIRECTION ( 'NONE',  ( 1.000000000000000000, 0.0000000000000000000, 0.0000000000000000000 ) ) ;
#1750 = ADVANCED_FACE ( 'NONE', ( #4578 ), #2577, .T. ) ;
#1751 = LINE ( 'NONE', #3728, #5019 ) ;
#1752 = LINE ( 'NONE', #1819, #3901 ) ;
#1753 = PLANE ( 'NONE',  #5714 ) ;
#1754 = VECTOR ( 'NONE', #3044, 1000.000000000000000 ) ;
#1755 = ORIENTED_EDGE ( 'NONE', *, *, #5815, .T. ) ;
#1756 = MANIFOLD_SOLID_BREP ( 'Boss-Extrude1', #5097 ) ;
#1757 = DIRECTION ( 'NONE',  ( 0.0000000000000000000, 0.0000000000000000000, 1.000000000000000000 ) ) ;
#1758 = AXIS2_PLACEMENT_3D ( 'NONE', #4131, #2127, #3173 ) ;
#1759 = EDGE_CURVE ( 'NONE', #6112, #5516, #3217, .T. ) ;
#1760 = CARTESIAN_POINT ( 'NONE',  ( 10.75000000000000533, 38.50000000000004263, 0.0000000000000000000 ) ) ;
#1761 = VECTOR ( 'NONE', #2765, 1000.000000000000000 ) ;
#1762 = FACE_OUTER_BOUND ( 'NONE', #947, .T. ) ;
#1763 = ORIENTED_EDGE ( 'NONE', *, *, #4506, .F. ) ;
#1764 = DIRECTION ( 'NONE',  ( 0.0000000000000000000, 0.0000000000000000000, 1.000000000000000000 ) ) ;
#1765 = CARTESIAN_POINT ( 'NONE',  ( 7.507359312880753421, 30.24999999999955236, 50.00000000000000000 ) ) ;
#1766 = EDGE_CURVE ( 'NONE', #4168, #4148, #6239, .T. ) ;
#1767 = ADVANCED_FACE ( 'NONE', ( #1762 ), #4154, .F. ) ;
#1768 = VERTEX_POINT ( 'NONE', #6177 ) ;
#1769 = ORIENTED_EDGE ( 'NONE', *, *, #4952, .F. ) ;
#1770 = VERTEX_POINT ( 'NONE', #5193 ) ;
#1771 = ORIENTED_EDGE ( 'NONE', *, *, #32, .F. ) ;
#1772 = PLANE ( 'NONE',  #6022 ) ;
#1773 = DIRECTION ( 'NONE',  ( -0.0000000000000000000, -0.0000000000000000000, -1.000000000000000000 ) ) ;
#1774 = LINE ( 'NONE', #5836, #1925 ) ;
#1775 = AXIS2_PLACEMENT_3D ( 'NONE', #1409, #3389, #5360 ) ;
#1776 = ORIENTED_EDGE ( 'NONE', *, *, #4896, .T. ) ;
#1777 = DIRECTION ( 'NONE',  ( 4.704334850106715110E-15, -1.000000000000000000, 0.0000000000000000000 ) ) ;
#1778 = CARTESIAN_POINT ( 'NONE',  ( 39.00000000000000711, 15.69999999999927986, 50.00000000000000000 ) ) ;
#1779 = AXIS2_PLACEMENT_3D ( 'NONE', #1448, #3363, #904 ) ;
#1780 = ORIENTED_EDGE ( 'NONE', *, *, #4852, .T. ) ;
#1781 = CARTESIAN_POINT ( 'NONE',  ( 35.49999999999997868, 38.70000000000000284, 0.0000000000000000000 ) ) ;
#1782 = FACE_OUTER_BOUND ( 'NONE', #158, .T. ) ;
#1783 = VECTOR ( 'NONE', #3019, 1000.000000000000000 ) ;
#1784 = CARTESIAN_POINT ( 'NONE',  ( -2.602085213965210642E-15, 35.49999999999998579, 50.00000000000000000 ) ) ;
#1785 = LINE ( 'NONE', #5745, #3381 ) ;
#1786 = AXIS2_PLACEMENT_3D ( 'NONE', #1962, #3943, #2517 ) ;
#1787 = ADVANCED_FACE ( 'NONE', ( #5721 ), #5128, .T. ) ;
#1788 = LINE ( 'NONE', #4797, #4930 ) ;
#1789 = VECTOR ( 'NONE', #1397, 1000.000000000000000 ) ;
#1790 = CARTESIAN_POINT ( 'NONE',  ( 24.39999999999998437, 35.50000000000004263, 0.0000000000000000000 ) ) ;
#1791 = CARTESIAN_POINT ( 'NONE',  ( 0.7999999999999986011, 24.90000000000001990, 0.0000000000000000000 ) ) ;
#1792 = EDGE_CURVE ( 'NONE', #1346, #2515, #2392, .T. ) ;
#1793 = ORIENTED_EDGE ( 'NONE', *, *, #4394, .T. ) ;
#1794 = CARTESIAN_POINT ( 'NONE',  ( 9.750000000000000000, 37.50000000000003553, 50.00000000000000000 ) ) ;
#1795 = CARTESIAN_POINT ( 'NONE',  ( 15.69999999999998508, 1.199999999999999734, 0.0000000000000000000 ) ) ;
#1796 = DIRECTION ( 'NONE',  ( -1.000000000000000000, 0.0000000000000000000, 0.0000000000000000000 ) ) ;
#1797 = CARTESIAN_POINT ( 'NONE',  ( 24.09999999999998366, 4.199999999999997513, 0.0000000000000000000 ) ) ;
#1798 = LINE ( 'NONE', #3774, #4922 ) ;
#1799 = VERTEX_POINT ( 'NONE', #1730 ) ;
#1800 = ORIENTED_EDGE ( 'NONE', *, *, #3769, .F. ) ;
#1801 = EDGE_LOOP ( 'NONE', ( #5376, #5195, #4292, #4832 ) ) ;
#1802 = EDGE_LOOP ( 'NONE', ( #6372, #3951, #4480, #6262 ) ) ;
#1803 = DIRECTION ( 'NONE',  ( -0.0000000000000000000, -0.0000000000000000000, -1.000000000000000000 ) ) ;
#1804 = EDGE_CURVE ( 'NONE', #474, #1141, #2912, .T. ) ;
#1805 = CARTESIAN_POINT ( 'NONE',  ( 14.82842712474618985, 13.41421356237309226, 50.00000000000000000 ) ) ;
#1806 = CYLINDRICAL_SURFACE ( 'NONE', #4300, 4.499999999999997335 ) ;
#1807 = VERTEX_POINT ( 'NONE', #3672 ) ;
#1808 = DIRECTION ( 'NONE',  ( -0.0000000000000000000, 1.000000000000000000, -0.0000000000000000000 ) ) ;
#1809 = CARTESIAN_POINT ( 'NONE',  ( 16.24264068711928743, 12.00000000000000178, 50.00000000000000000 ) ) ;
#1810 = EDGE_CURVE ( 'NONE', #869, #4463, #3257, .T. ) ;
#1811 = VECTOR ( 'NONE', #3641, 1000.000000000000000 ) ;
#1812 = VERTEX_POINT ( 'NONE', #3707 ) ;
#1813 = FACE_OUTER_BOUND ( 'NONE', #3737, .T. ) ;
#1814 = CIRCLE ( 'NONE', #1101, 4.500000000000000000 ) ;
#1815 = LINE ( 'NONE', #5774, #5736 ) ;
#1816 = VECTOR ( 'NONE', #6206, 999.9999999999998863 ) ;
#1817 = DIRECTION ( 'NONE',  ( 1.000000000000000000, 0.0000000000000000000, 0.0000000000000000000 ) ) ;
#1818 = DIRECTION ( 'NONE',  ( -1.000000000000000000, 0.0000000000000000000, 0.0000000000000000000 ) ) ;
#1819 = CARTESIAN_POINT ( 'NONE',  ( 30.25000000000000000, 37.50000000000003553, 0.0000000000000000000 ) ) ;
#1820 = VECTOR ( 'NONE', #1426, 1000.000000000000000 ) ;
#1821 = AXIS2_PLACEMENT_3D ( 'NONE', #520, #5416, #3926 ) ;
#1822 = ORIENTED_EDGE ( 'NONE', *, *, #4032, .F. ) ;
#1823 = DIRECTION ( 'NONE',  ( -0.0000000000000000000, -0.0000000000000000000, -1.000000000000000000 ) ) ;
#1824 = LINE ( 'NONE', #1885, #2709 ) ;
#1825 = ADVANCED_FACE ( 'NONE', ( #276 ), #1288, .F. ) ;
#1826 = ORIENTED_EDGE ( 'NONE', *, *, #5010, .T. ) ;
#1827 = VECTOR ( 'NONE', #2959, 1000.000000000000000 ) ;
#1828 = DIRECTION ( 'NONE',  ( -1.000000000000000000, 0.0000000000000000000, 0.0000000000000000000 ) ) ;
#1829 = CARTESIAN_POINT ( 'NONE',  ( 13.59999999999998366, 4.199999999999997513, 0.0000000000000000000 ) ) ;
#1830 = CARTESIAN_POINT ( 'NONE',  ( 4.500000000000073719, 38.69999999999979678, 0.0000000000000000000 ) ) ;
#1831 = ORIENTED_EDGE ( 'NONE', *, *, #5711, .T. ) ;
#1832 = DIRECTION ( 'NONE',  ( -0.0000000000000000000, -0.0000000000000000000, -1.000000000000000000 ) ) ;
#1833 = LINE ( 'NONE', #4710, #3891 ) ;
#1834 = ORIENTED_EDGE ( 'NONE', *, *, #1498, .F. ) ;
#1835 = ORIENTED_EDGE ( 'NONE', *, *, #636, .T. ) ;
#1836 = DIRECTION ( 'NONE',  ( -0.0000000000000000000, -0.0000000000000000000, -1.000000000000000000 ) ) ;
#1837 = ORIENTED_EDGE ( 'NONE', *, *, #4255, .T. ) ;
#1838 = ORIENTED_EDGE ( 'NONE', *, *, #5658, .F. ) ;
#1839 = DIRECTION ( 'NONE',  ( -0.0000000000000000000, -0.0000000000000000000, -1.000000000000000000 ) ) ;
#1840 = CARTESIAN_POINT ( 'NONE',  ( 39.00000000000000711, 24.90000000000001634, 50.00000000000000000 ) ) ;
#1841 = CARTESIAN_POINT ( 'NONE',  ( -1.084202172485504434E-16, 14.70000000000001528, 0.0000000000000000000 ) ) ;
#1842 = VERTEX_POINT ( 'NONE', #726 ) ;
#1843 = DIRECTION ( 'NONE',  ( -1.000000000000000000, 0.0000000000000000000, 0.0000000000000000000 ) ) ;
#1844 = EDGE_CURVE ( 'NONE', #214, #474, #663, .T. ) ;
#1845 = CARTESIAN_POINT ( 'NONE',  ( 2.300000000000057998, 31.54999999999986926, 0.0000000000000000000 ) ) ;
#1846 = ORIENTED_EDGE ( 'NONE', *, *, #4730, .T. ) ;
#1847 = CARTESIAN_POINT ( 'NONE',  ( 37.50000000000027001, 27.40000000000248548, 50.00000000000000000 ) ) ;
#1848 = DIRECTION ( 'NONE',  ( -0.0000000000000000000, -0.0000000000000000000, -1.000000000000000000 ) ) ;
#1849 = CARTESIAN_POINT ( 'NONE',  ( 29.24999999999999289, 1.500000000000000444, 50.00000000000000000 ) ) ;
#1850 = EDGE_CURVE ( 'NONE', #6215, #2593, #4868, .T. ) ;
#1851 = CARTESIAN_POINT ( 'NONE',  ( 38.80000000000001137, 24.09999999999928022, 50.00000000000000000 ) ) ;
#1852 = FACE_OUTER_BOUND ( 'NONE', #2911, .T. ) ;
#1853 = FACE_OUTER_BOUND ( 'NONE', #3879, .T. ) ;
#1854 = ORIENTED_EDGE ( 'NONE', *, *, #3835, .F. ) ;
#1855 = CARTESIAN_POINT ( 'NONE',  ( 39.80000000000001137, 25.30000000000001847, 50.00000000000000000 ) ) ;
#1856 = VECTOR ( 'NONE', #1773, 1000.000000000000000 ) ;
#1857 = FACE_OUTER_BOUND ( 'NONE', #3047, .T. ) ;
#1858 = LINE ( 'NONE', #5885, #4656 ) ;
#1859 = VERTEX_POINT ( 'NONE', #1252 ) ;
#1860 = LINE ( 'NONE', #5787, #1816 ) ;
#1861 = CIRCLE ( 'NONE', #5692, 1.000000000000000444 ) ;
#1862 = AXIS2_PLACEMENT_3D ( 'NONE', #5991, #1550, #1078 ) ;
#1863 = EDGE_CURVE ( 'NONE', #1223, #5436, #3643, .T. ) ;
#1864 = VERTEX_POINT ( 'NONE', #3221 ) ;
#1865 = ORIENTED_EDGE ( 'NONE', *, *, #5289, .F. ) ;
#1866 = CARTESIAN_POINT ( 'NONE',  ( 15.59999999999998366, 35.80000000000003979, 50.00000000000000000 ) ) ;
#1867 = EDGE_CURVE ( 'NONE', #77, #5200, #4218, .T. ) ;
#1868 = ORIENTED_EDGE ( 'NONE', *, *, #301, .T. ) ;
#1869 = VECTOR ( 'NONE', #1185, 1000.000000000000000 ) ;
#1870 = VERTEX_POINT ( 'NONE', #3157 ) ;
#1871 = LINE ( 'NONE', #2324, #2603 ) ;
#1872 = DIRECTION ( 'NONE',  ( -0.0000000000000000000, -0.0000000000000000000, -1.000000000000000000 ) ) ;
#1873 = CARTESIAN_POINT ( 'NONE',  ( 4.199999999999999289, 13.60000000000001918, 50.00000000000000000 ) ) ;
#1874 = ORIENTED_EDGE ( 'NONE', *, *, #5209, .T. ) ;
#1875 = DIRECTION ( 'NONE',  ( -0.0000000000000000000, -0.0000000000000000000, -1.000000000000000000 ) ) ;
#1876 = CIRCLE ( 'NONE', #4766, 1.000000000000000888 ) ;
#1877 = DIRECTION ( 'NONE',  ( -1.000000000000000000, 0.0000000000000000000, 0.0000000000000000000 ) ) ;
#1878 = ORIENTED_EDGE ( 'NONE', *, *, #398, .T. ) ;
#1879 = LINE ( 'NONE', #1309, #1459 ) ;
#1880 = CARTESIAN_POINT ( 'NONE',  ( 39.80000000000001137, 14.90000000000001812, 50.00000000000000000 ) ) ;
#1881 = AXIS2_PLACEMENT_3D ( 'NONE', #4673, #1757, #6201 ) ;
#1882 = AXIS2_PLACEMENT_3D ( 'NONE', #1656, #172, #5116 ) ;
#1883 = DIRECTION ( 'NONE',  ( -0.0000000000000000000, -0.0000000000000000000, -1.000000000000000000 ) ) ;
#1884 = CARTESIAN_POINT ( 'NONE',  ( 14.89999999999998259, 39.80000000000001847, 0.0000000000000000000 ) ) ;
#1885 = CARTESIAN_POINT ( 'NONE',  ( 26.58578643762728788, 14.82842712474584346, 50.00000000000000000 ) ) ;
#1886 = VECTOR ( 'NONE', #612, 1000.000000000000000 ) ;
#1887 = ORIENTED_EDGE ( 'NONE', *, *, #5625, .T. ) ;
#1888 = EDGE_CURVE ( 'NONE', #2758, #2674, #894, .T. ) ;
#1889 = AXIS2_PLACEMENT_3D ( 'NONE', #1633, #1573, #1513 ) ;
#1890 = EDGE_CURVE ( 'NONE', #3415, #4677, #3011, .T. ) ;
#1891 = EDGE_CURVE ( 'NONE', #2129, #2107, #1858, .T. ) ;
#1892 = AXIS2_PLACEMENT_3D ( 'NONE', #6365, #1050, #1951 ) ;
#1893 = CYLINDRICAL_SURFACE ( 'NONE', #1775, 0.1999999999999987899 ) ;
#1894 = CIRCLE ( 'NONE', #1282, 1.999999999999998224 ) ;
#1895 = LINE ( 'NONE', #473, #2072 ) ;
#1896 = EDGE_LOOP ( 'NONE', ( #2252, #2251, #4404, #2942 ) ) ;
#1897 = ADVANCED_FACE ( 'NONE', ( #6336 ), #2382, .F. ) ;
#1898 = CARTESIAN_POINT ( 'NONE',  ( 32.55000000000005400, 32.55000000000008242, 0.0000000000000000000 ) ) ;
#1899 = ORIENTED_EDGE ( 'NONE', *, *, #1408, .T. ) ;
#1900 = ORIENTED_EDGE ( 'NONE', *, *, #2109, .T. ) ;
#1901 = DIRECTION ( 'NONE',  ( -0.0000000000000000000, -0.0000000000000000000, -1.000000000000000000 ) ) ;
#1902 = AXIS2_PLACEMENT_3D ( 'NONE', #2266, #511, #4794 ) ;
#1903 = VERTEX_POINT ( 'NONE', #2874 ) ;
#1904 = EDGE_CURVE ( 'NONE', #5067, #4681, #5325, .T. ) ;
#1905 = EDGE_LOOP ( 'NONE', ( #509, #2610, #2482, #1154 ) ) ;
#1906 = CARTESIAN_POINT ( 'NONE',  ( 12.60000000000081855, 38.50000000000004263, 50.00000000000000000 ) ) ;
#1907 = DIRECTION ( 'NONE',  ( -1.000000000000000000, 0.0000000000000000000, 0.0000000000000000000 ) ) ;
#1908 = DIRECTION ( 'NONE',  ( -1.000000000000000000, 0.0000000000000000000, 0.0000000000000000000 ) ) ;
#1909 = EDGE_CURVE ( 'NONE', #605, #4066, #3323, .T. ) ;
#1910 = ORIENTED_EDGE ( 'NONE', *, *, #3243, .F. ) ;
#1911 = CARTESIAN_POINT ( 'NONE',  ( 15.59999999999998543, 35.50000000000003553, 0.0000000000000000000 ) ) ;
#1912 = DIRECTION ( 'NONE',  ( 0.7071067811865479058, -0.7071067811865472397, 0.0000000000000000000 ) ) ;
#1913 = VERTEX_POINT ( 'NONE', #926 ) ;
#1914 = CARTESIAN_POINT ( 'NONE',  ( 29.25000000000000000, 2.500000000000000888, 50.00000000000000000 ) ) ;
#1915 = FACE_OUTER_BOUND ( 'NONE', #4783, .T. ) ;
#1916 = CARTESIAN_POINT ( 'NONE',  ( 4.200000000000001066, 13.90000000000001812, 50.00000000000000000 ) ) ;
#1917 = FACE_OUTER_BOUND ( 'NONE', #114, .T. ) ;
#1918 = LINE ( 'NONE', #2837, #5820 ) ;
#1919 = CARTESIAN_POINT ( 'NONE',  ( 40.00000000000000711, 25.30000000000002203, 50.00000000000000000 ) ) ;
#1920 = VERTEX_POINT ( 'NONE', #4837 ) ;
#1921 = AXIS2_PLACEMENT_3D ( 'NONE', #6368, #5819, #4416 ) ;
#1922 = CARTESIAN_POINT ( 'NONE',  ( 9.750000000000000000, 37.50000000000003553, 0.0000000000000000000 ) ) ;
#1923 = EDGE_CURVE ( 'NONE', #1807, #2843, #404, .T. ) ;
#1924 = CARTESIAN_POINT ( 'NONE',  ( 7.449999999999991296, 38.69999999999979678, 50.00000000000000000 ) ) ;
#1925 = VECTOR ( 'NONE', #2885, 1000.000000000000000 ) ;
#1926 = ORIENTED_EDGE ( 'NONE', *, *, #187, .T. ) ;
#1927 = DIRECTION ( 'NONE',  ( 1.000000000000000000, 0.0000000000000000000, 0.0000000000000000000 ) ) ;
#1928 = AXIS2_PLACEMENT_3D ( 'NONE', #1270, #4269, #3241 ) ;
#1929 = EDGE_CURVE ( 'NONE', #77, #5471, #341, .T. ) ;
#1930 = ORIENTED_EDGE ( 'NONE', *, *, #3388, .F. ) ;
#1931 = ORIENTED_EDGE ( 'NONE', *, *, #4855, .T. ) ;
#1932 = CARTESIAN_POINT ( 'NONE',  ( 27.39999999999999147, 1.500000000000000444, 50.00000000000000000 ) ) ;
#1933 = ORIENTED_EDGE ( 'NONE', *, *, #2084, .T. ) ;
#1935 = VERTEX_POINT ( 'NONE', #5821 ) ;
#1934 = DIRECTION ( 'NONE',  ( -0.0000000000000000000, -0.0000000000000000000, -1.000000000000000000 ) ) ;
#1936 = DIRECTION ( 'NONE',  ( -1.360567432138673314E-15, -1.000000000000000000, 0.0000000000000000000 ) ) ;
#1937 = LINE ( 'NONE', #1490, #2899 ) ;
#1938 = CARTESIAN_POINT ( 'NONE',  ( 0.2000000000000015654, 14.90000000000001812, 0.0000000000000000000 ) ) ;
#1939 = ORIENTED_EDGE ( 'NONE', *, *, #2906, .F. ) ;
#1940 = CARTESIAN_POINT ( 'NONE',  ( 35.80000000000002558, 24.39999999999928448, 50.00000000000000000 ) ) ;
#1941 = EDGE_LOOP ( 'NONE', ( #1780, #3244, #470, #1067 ) ) ;
#1942 = ORIENTED_EDGE ( 'NONE', *, *, #64, .F. ) ;
#1943 = DIRECTION ( 'NONE',  ( -0.0000000000000000000, -0.0000000000000000000, -1.000000000000000000 ) ) ;
#1944 = CARTESIAN_POINT ( 'NONE',  ( 25.17157287525381903, 26.58578643762691485, 0.0000000000000000000 ) ) ;
#1945 = FACE_OUTER_BOUND ( 'NONE', #4908, .T. ) ;
#1946 = EDGE_CURVE ( 'NONE', #978, #184, #1895, .T. ) ;
#1947 = CARTESIAN_POINT ( 'NONE',  ( 39.80000000000001137, 25.10000000000001918, 50.00000000000000000 ) ) ;
#1948 = DIRECTION ( 'NONE',  ( 1.000000000000000000, 0.0000000000000000000, 0.0000000000000000000 ) ) ;
#1949 = CARTESIAN_POINT ( 'NONE',  ( 1.499999999999999556, 29.24999999999954525, 50.00000000000000000 ) ) ;
#1950 = EDGE_CURVE ( 'NONE', #645, #1451, #3528, .T. ) ;
#1951 = DIRECTION ( 'NONE',  ( 1.000000000000000000, 0.0000000000000000000, 0.0000000000000000000 ) ) ;
#1952 = ORIENTED_EDGE ( 'NONE', *, *, #2217, .F. ) ;
#1953 = AXIS2_PLACEMENT_3D ( 'NONE', #658, #5029, #6074 ) ;
#1954 = LINE ( 'NONE', #3933, #4087 ) ;
#1955 = FACE_OUTER_BOUND ( 'NONE', #1029, .T. ) ;
#1956 = DIRECTION ( 'NONE',  ( -1.000000000000000000, -0.0000000000000000000, -0.0000000000000000000 ) ) ;
#1957 = ORIENTED_EDGE ( 'NONE', *, *, #863, .F. ) ;
#1958 = DIRECTION ( 'NONE',  ( 0.7071067811865675568, -0.7071067811865275887, -0.0000000000000000000 ) ) ;
#1959 = ADVANCED_FACE ( 'NONE', ( #1410 ), #5361, .F. ) ;
#1960 = ORIENTED_EDGE ( 'NONE', *, *, #6139, .T. ) ;
#1961 = ORIENTED_EDGE ( 'NONE', *, *, #1553, .F. ) ;
#1962 = CARTESIAN_POINT ( 'NONE',  ( 28.24999999999999645, 32.49264068711929099, 0.0000000000000000000 ) ) ;
#1963 = VECTOR ( 'NONE', #1577, 1000.000000000000000 ) ;
#1965 = ORIENTED_EDGE ( 'NONE', *, *, #2743, .F. ) ;
#1964 = CARTESIAN_POINT ( 'NONE',  ( 37.50000000000036238, 13.60000000000294307, 50.00000000000000000 ) ) ;
#1966 = CARTESIAN_POINT ( 'NONE',  ( 24.39999999999998437, 4.500000000000000000, 50.00000000000000000 ) ) ;
#1967 = EDGE_CURVE ( 'NONE', #3172, #1641, #4870, .T. ) ;
#1968 = PLANE ( 'NONE',  #1038 ) ;
#1969 = EDGE_CURVE ( 'NONE', #4224, #4429, #1443, .T. ) ;
#1970 = ORIENTED_EDGE ( 'NONE', *, *, #2245, .F. ) ;
#1971 = VECTOR ( 'NONE', #4697, 1000.000000000000000 ) ;
#1972 = ORIENTED_EDGE ( 'NONE', *, *, #2928, .F. ) ;
#1973 = VERTEX_POINT ( 'NONE', #1924 ) ;
#1974 = CARTESIAN_POINT ( 'NONE',  ( 40.00000000000000711, 25.30000000000002203, 0.0000000000000000000 ) ) ;
#1975 = CARTESIAN_POINT ( 'NONE',  ( 10.33578643762691307, 31.07842712474612767, 50.00000000000000000 ) ) ;
#1976 = CIRCLE ( 'NONE', #4972, 1.000000000000000888 ) ;
#1977 = FACE_OUTER_BOUND ( 'NONE', #1124, .T. ) ;
#1978 = DIRECTION ( 'NONE',  ( 0.0000000000000000000, 0.0000000000000000000, 1.000000000000000000 ) ) ;
#1979 = DIRECTION ( 'NONE',  ( -0.0000000000000000000, -0.0000000000000000000, -1.000000000000000000 ) ) ;
#1980 = DIRECTION ( 'NONE',  ( -0.0000000000000000000, -0.0000000000000000000, -1.000000000000000000 ) ) ;
#1981 = VERTEX_POINT ( 'NONE', #3904 ) ;
#1982 = EDGE_CURVE ( 'NONE', #657, #3041, #6402, .T. ) ;
#1983 = FACE_OUTER_BOUND ( 'NONE', #277, .T. ) ;
#1984 = APPLICATION_CONTEXT ( 'automotive_design' ) ;
#1985 = EDGE_CURVE ( 'NONE', #1706, #2600, #864, .T. ) ;
#1986 = VECTOR ( 'NONE', #4427, 1000.000000000000000 ) ;
#1987 = AXIS2_PLACEMENT_3D ( 'NONE', #1809, #4724, #3790 ) ;
#1988 = DIRECTION ( 'NONE',  ( -0.0000000000000000000, -0.0000000000000000000, -1.000000000000000000 ) ) ;
#1989 = VECTOR ( 'NONE', #3353, 1000.000000000000000 ) ;
#1990 = EDGE_LOOP ( 'NONE', ( #3964, #104, #1838, #4012 ) ) ;
#1991 = CARTESIAN_POINT ( 'NONE',  ( 32.49264068711971021, 11.74999999999960743, 0.0000000000000000000 ) ) ;
#1992 = CIRCLE ( 'NONE', #2300, 0.2000000000000005107 ) ;
#1993 = ORIENTED_EDGE ( 'NONE', *, *, #2325, .T. ) ;
#1994 = ORIENTED_EDGE ( 'NONE', *, *, #5725, .F. ) ;
#1995 = AXIS2_PLACEMENT_3D ( 'NONE', #5573, #5603, #3538 ) ;
#1996 = FILL_AREA_STYLE_COLOUR ( '', #3233 ) ;
#1998 = ORIENTED_EDGE ( 'NONE', *, *, #900, .T. ) ;
#1997 = DIRECTION ( 'NONE',  ( -1.000000000000000000, 0.0000000000000000000, 0.0000000000000000000 ) ) ;
#1999 = CARTESIAN_POINT ( 'NONE',  ( 1.300000000000051115, 32.54999999999987637, 50.00000000000000000 ) ) ;
#2000 = DIRECTION ( 'NONE',  ( -1.000000000000000000, 0.0000000000000000000, 0.0000000000000000000 ) ) ;
#2001 = VERTEX_POINT ( 'NONE', #4418 ) ;
#2002 = ORIENTED_EDGE ( 'NONE', *, *, #3482, .F. ) ;
#2003 = ORIENTED_EDGE ( 'NONE', *, *, #3792, .F. ) ;
#2004 = SURFACE_STYLE_USAGE ( .BOTH. , #2987 ) ;
#2005 = CARTESIAN_POINT ( 'NONE',  ( 39.80000000000001137, 14.90000000000001812, 0.0000000000000000000 ) ) ;
#2006 = CARTESIAN_POINT ( 'NONE',  ( 37.69999999999999574, 32.55000000000008242, 50.00000000000000000 ) ) ;
#2007 = LINE ( 'NONE', #2471, #4610 ) ;
#2008 = EDGE_CURVE ( 'NONE', #2102, #736, #5917, .T. ) ;
#2009 = DIRECTION ( 'NONE',  ( -1.000000000000000000, 0.0000000000000000000, 0.0000000000000000000 ) ) ;
#2010 = CYLINDRICAL_SURFACE ( 'NONE', #4256, 3.200000000000001510 ) ;
#2011 = DIRECTION ( 'NONE',  ( 0.0000000000000000000, 0.0000000000000000000, 1.000000000000000000 ) ) ;
#2012 = EDGE_LOOP ( 'NONE', ( #5407, #2308, #4629, #5207 ) ) ;
#2013 = DIRECTION ( 'NONE',  ( -1.000000000000000000, 0.0000000000000000000, 0.0000000000000000000 ) ) ;
#2014 = CYLINDRICAL_SURFACE ( 'NONE', #3848, 0.1999999999999987899 ) ;
#2015 = EDGE_CURVE ( 'NONE', #3459, #3733, #4286, .T. ) ;
#2016 = ORIENTED_EDGE ( 'NONE', *, *, #5535, .T. ) ;
#2017 = VECTOR ( 'NONE', #4886, 1000.000000000000000 ) ;
#2018 = LINE ( 'NONE', #4002, #6114 ) ;
#2019 = AXIS2_PLACEMENT_3D ( 'NONE', #1561, #5975, #3059 ) ;
#2020 = AXIS2_PLACEMENT_3D ( 'NONE', #2087, #2646, #3584 ) ;
#2021 = VERTEX_POINT ( 'NONE', #2842 ) ;
#2022 = EDGE_CURVE ( 'NONE', #5001, #5431, #4804, .T. ) ;
#2023 = CIRCLE ( 'NONE', #5759, 1.000000000000000000 ) ;
#2024 = ORIENTED_EDGE ( 'NONE', *, *, #1804, .T. ) ;
#2025 = AXIS2_PLACEMENT_3D ( 'NONE', #1176, #3149, #5875 ) ;
#2026 = CARTESIAN_POINT ( 'NONE',  ( 25.29999999999999005, 0.0000000000000000000, 50.00000000000000000 ) ) ;
#2027 = ORIENTED_EDGE ( 'NONE', *, *, #2022, .F. ) ;
#2028 = DIRECTION ( 'NONE',  ( -1.000000000000000000, -0.0000000000000000000, -0.0000000000000000000 ) ) ;
#2029 = DIRECTION ( 'NONE',  ( -0.0000000000000000000, -0.0000000000000000000, -1.000000000000000000 ) ) ;
#2030 = AXIS2_PLACEMENT_3D ( 'NONE', #5241, #778, #3788 ) ;
#2031 = VERTEX_POINT ( 'NONE', #5427 ) ;
#2032 = ORIENTED_EDGE ( 'NONE', *, *, #1427, .F. ) ;
#2033 = VERTEX_POINT ( 'NONE', #992 ) ;
#2034 = ORIENTED_EDGE ( 'NONE', *, *, #5434, .F. ) ;
#2035 = CARTESIAN_POINT ( 'NONE',  ( 24.89999999999998792, 39.20000000000001705, 0.0000000000000000000 ) ) ;
#2036 = LINE ( 'NONE', #1975, #2649 ) ;
#2037 = ADVANCED_FACE ( 'NONE', ( #503 ), #2970, .T. ) ;
#2038 = DIRECTION ( 'NONE',  ( 0.0000000000000000000, -1.000000000000000000, 0.0000000000000000000 ) ) ;
#2039 = LINE ( 'NONE', #4016, #1275 ) ;
#2040 = FACE_OUTER_BOUND ( 'NONE', #3876, .T. ) ;
#2041 = DIRECTION ( 'NONE',  ( -1.000000000000000000, 0.0000000000000000000, 0.0000000000000000000 ) ) ;
#2042 = ORIENTED_EDGE ( 'NONE', *, *, #5988, .T. ) ;
#2043 = PLANE ( 'NONE',  #2968 ) ;
#2044 = EDGE_CURVE ( 'NONE', #6210, #6083, #2594, .T. ) ;
#2045 = DIRECTION ( 'NONE',  ( -0.0000000000000000000, -0.0000000000000000000, -1.000000000000000000 ) ) ;
#2046 = VERTEX_POINT ( 'NONE', #2236 ) ;
#2047 = VERTEX_POINT ( 'NONE', #6065 ) ;
#2048 = LINE ( 'NONE', #2144, #3091 ) ;
#2049 = CARTESIAN_POINT ( 'NONE',  ( 7.507359312880761415, 28.24999999999955236, 50.00000000000000000 ) ) ;
#2050 = EDGE_CURVE ( 'NONE', #1228, #4447, #2103, .T. ) ;
#2051 = ORIENTED_EDGE ( 'NONE', *, *, #4444, .T. ) ;
#2052 = DIRECTION ( 'NONE',  ( -0.0000000000000000000, -0.0000000000000000000, -1.000000000000000000 ) ) ;
#2053 = ORIENTED_EDGE ( 'NONE', *, *, #4298, .F. ) ;
#2054 = PLANE ( 'NONE',  #3166 ) ;
#2055 = CARTESIAN_POINT ( 'NONE',  ( 9.750000000000000000, 37.50000000000003553, 50.00000000000000000 ) ) ;
#2056 = EDGE_CURVE ( 'NONE', #3748, #3590, #3526, .T. ) ;
#2057 = ORIENTED_EDGE ( 'NONE', *, *, #1665, .T. ) ;
#2058 = CIRCLE ( 'NONE', #2379, 0.2000000000000005107 ) ;
#2059 = EDGE_LOOP ( 'NONE', ( #6403, #4029, #4694, #6038 ) ) ;
#2060 = ORIENTED_EDGE ( 'NONE', *, *, #401, .F. ) ;
#2061 = LINE ( 'NONE', #1494, #3424 ) ;
#2062 = CIRCLE ( 'NONE', #4031, 2.000000000000000000 ) ;
#2063 = DIRECTION ( 'NONE',  ( -0.0000000000000000000, -0.0000000000000000000, -1.000000000000000000 ) ) ;
#2064 = EDGE_CURVE ( 'NONE', #6149, #2584, #4175, .T. ) ;
#2065 = VECTOR ( 'NONE', #3863, 1000.000000000000000 ) ;
#2066 = CARTESIAN_POINT ( 'NONE',  ( 29.66421356237311358, 8.921572875253589885, 50.00000000000000000 ) ) ;
#2067 = CARTESIAN_POINT ( 'NONE',  ( 29.66421356237308871, 31.07842712474618452, 50.00000000000000000 ) ) ;
#2068 = CARTESIAN_POINT ( 'NONE',  ( 14.69999999999997975, 0.0000000000000000000, 50.00000000000000000 ) ) ;
#2069 = CARTESIAN_POINT ( 'NONE',  ( 2.500000000000008438, 9.750000000000001776, 0.0000000000000000000 ) ) ;
#2070 = ORIENTED_EDGE ( 'NONE', *, *, #3701, .F. ) ;
#2071 = EDGE_CURVE ( 'NONE', #5134, #2687, #1652, .T. ) ;
#2072 = VECTOR ( 'NONE', #5290, 1000.000000000000000 ) ;
#2073 = CARTESIAN_POINT ( 'NONE',  ( 4.500000000000001776, 13.90000000000001990, 50.00000000000000000 ) ) ;
#2074 = CARTESIAN_POINT ( 'NONE',  ( 8.449999999999999289, 37.69999999999978968, 50.00000000000000000 ) ) ;
#2075 = EDGE_CURVE ( 'NONE', #720, #4359, #6130, .T. ) ;
#2076 = ORIENTED_EDGE ( 'NONE', *, *, #548, .F. ) ;
#2077 = PLANE ( 'NONE',  #2254 ) ;
#2078 = VECTOR ( 'NONE', #1828, 1000.000000000000000 ) ;
#2079 = VECTOR ( 'NONE', #3977, 1000.000000000000000 ) ;
#2080 = CIRCLE ( 'NONE', #5818, 1.000000000000000888 ) ;
#2081 = CARTESIAN_POINT ( 'NONE',  ( 32.55000000000005400, 31.55000000000007887, 50.00000000000000000 ) ) ;
#2083 = EDGE_LOOP ( 'NONE', ( #4662, #24, #4512, #2412 ) ) ;
#2082 = AXIS2_PLACEMENT_3D ( 'NONE', #3898, #5879, #1405 ) ;
#2084 = EDGE_CURVE ( 'NONE', #1180, #1036, #261, .T. ) ;
#2085 = DIRECTION ( 'NONE',  ( -0.0000000000000000000, -0.0000000000000000000, -1.000000000000000000 ) ) ;
#2086 = ORIENTED_EDGE ( 'NONE', *, *, #5562, .F. ) ;
#2087 = CARTESIAN_POINT ( 'NONE',  ( 20.00000000000000000, 20.00000000000000000, 50.00000000000000000 ) ) ;
#2088 = CARTESIAN_POINT ( 'NONE',  ( 23.75735931288058822, 12.00000000000000178, 0.0000000000000000000 ) ) ;
#2089 = AXIS2_PLACEMENT_3D ( 'NONE', #5830, #1388, #5300 ) ;
#2090 = ORIENTED_EDGE ( 'NONE', *, *, #2110, .F. ) ;
#2091 = ORIENTED_EDGE ( 'NONE', *, *, #924, .T. ) ;
#2092 = EDGE_CURVE ( 'NONE', #551, #676, #233, .T. ) ;
#2093 = ORIENTED_EDGE ( 'NONE', *, *, #507, .F. ) ;
#2094 = ORIENTED_EDGE ( 'NONE', *, *, #601, .F. ) ;
#2095 = DIRECTION ( 'NONE',  ( -0.0000000000000000000, -1.000000000000000000, -0.0000000000000000000 ) ) ;
#2096 = DIRECTION ( 'NONE',  ( 0.0000000000000000000, 0.0000000000000000000, 1.000000000000000000 ) ) ;
#2097 = CARTESIAN_POINT ( 'NONE',  ( 0.9999999999999985567, 15.10000000000001918, 50.00000000000000000 ) ) ;
#2098 = DIRECTION ( 'NONE',  ( -0.0000000000000000000, -0.0000000000000000000, -1.000000000000000000 ) ) ;
#2099 = DIRECTION ( 'NONE',  ( -0.0000000000000000000, -0.0000000000000000000, -1.000000000000000000 ) ) ;
#2100 = CIRCLE ( 'NONE', #2948, 1.000000000000000000 ) ;
#2101 = CYLINDRICAL_SURFACE ( 'NONE', #1995, 1.999999999999998224 ) ;
#2102 = VERTEX_POINT ( 'NONE', #5575 ) ;
#2103 = LINE ( 'NONE', #4110, #1971 ) ;
#2104 = DIRECTION ( 'NONE',  ( 1.000000000000000000, 0.0000000000000000000, 0.0000000000000000000 ) ) ;
#2105 = DIRECTION ( 'NONE',  ( -0.0000000000000000000, -0.0000000000000000000, -1.000000000000000000 ) ) ;
#2106 = DIRECTION ( 'NONE',  ( -0.0000000000000000000, -0.0000000000000000000, -1.000000000000000000 ) ) ;
#2107 = VERTEX_POINT ( 'NONE', #5148 ) ;
#2108 = CARTESIAN_POINT ( 'NONE',  ( 7.450000000000308376, 8.449999999999795008, 0.0000000000000000000 ) ) ;
#2109 = EDGE_CURVE ( 'NONE', #4382, #6169, #5178, .T. ) ;
#2110 = EDGE_CURVE ( 'NONE', #1260, #5001, #2136, .T. ) ;
#2111 = CARTESIAN_POINT ( 'NONE',  ( 13.89999999999998614, 4.500000000000000000, 0.0000000000000000000 ) ) ;
#2112 = ORIENTED_EDGE ( 'NONE', *, *, #779, .T. ) ;
#2113 = FILL_AREA_STYLE ('',( #1996 ) ) ;
#2114 = CIRCLE ( 'NONE', #4187, 0.1999999999999987899 ) ;
#2115 = VECTOR ( 'NONE', #5292, 1000.000000000000000 ) ;
#2116 = ORIENTED_EDGE ( 'NONE', *, *, #2110, .T. ) ;
#2117 = DIRECTION ( 'NONE',  ( -0.0000000000000000000, -0.0000000000000000000, -1.000000000000000000 ) ) ;
#2118 = PLANE ( 'NONE',  #4027 ) ;
#2119 = ADVANCED_FACE ( 'NONE', ( #1623 ), #617, .F. ) ;
#2120 = VECTOR ( 'NONE', #1601, 1000.000000000000000 ) ;
#2121 = AXIS2_PLACEMENT_3D ( 'NONE', #6243, #4679, #4221 ) ;
#2122 = EDGE_LOOP ( 'NONE', ( #3192, #5125, #3607, #3500 ) ) ;
#2123 = ORIENTED_EDGE ( 'NONE', *, *, #1401, .F. ) ;
#2124 = ORIENTED_EDGE ( 'NONE', *, *, #2325, .F. ) ;
#2125 = CIRCLE ( 'NONE', #1511, 0.1999999999999987899 ) ;
#2126 = ORIENTED_EDGE ( 'NONE', *, *, #4984, .T. ) ;
#2127 = DIRECTION ( 'NONE',  ( -0.0000000000000000000, -0.0000000000000000000, -1.000000000000000000 ) ) ;
#2128 = CARTESIAN_POINT ( 'NONE',  ( 7.507359312880761415, 28.24999999999955236, 0.0000000000000000000 ) ) ;
#2129 = VERTEX_POINT ( 'NONE', #3662 ) ;
#2130 = DIRECTION ( 'NONE',  ( -1.000000000000000000, 0.0000000000000000000, 0.0000000000000000000 ) ) ;
#2131 = CIRCLE ( 'NONE', #4306, 0.2000000000000005107 ) ;
#2132 = CYLINDRICAL_SURFACE ( 'NONE', #5925, 3.200000000000001510 ) ;
#2133 = CARTESIAN_POINT ( 'NONE',  ( 15.89999999999998437, 1.200000000000001066, 50.00000000000000000 ) ) ;
#2134 = DIRECTION ( 'NONE',  ( 1.000000000000000000, 0.0000000000000000000, 0.0000000000000000000 ) ) ;
#2135 = ORIENTED_EDGE ( 'NONE', *, *, #6133, .T. ) ;
#2136 = LINE ( 'NONE', #2203, #2698 ) ;
#2137 = CARTESIAN_POINT ( 'NONE',  ( 0.2000000000000015654, 14.90000000000001812, 50.00000000000000000 ) ) ;
#2138 = EDGE_CURVE ( 'NONE', #2744, #5723, #713, .T. ) ;
#2139 = DIRECTION ( 'NONE',  ( 0.0000000000000000000, -0.0000000000000000000, 1.000000000000000000 ) ) ;
#2140 = DIRECTION ( 'NONE',  ( 1.000000000000000000, 0.0000000000000000000, 0.0000000000000000000 ) ) ;
#2141 = ADVANCED_FACE ( 'NONE', ( #1276 ), #5111, .T. ) ;
#2142 = ORIENTED_EDGE ( 'NONE', *, *, #2092, .T. ) ;
#2143 = AXIS2_PLACEMENT_3D ( 'NONE', #630, #1576, #2611 ) ;
#2144 = CARTESIAN_POINT ( 'NONE',  ( 38.69999999999999574, 35.50000000000000000, 0.0000000000000000000 ) ) ;
#2145 = DIRECTION ( 'NONE',  ( -1.000000000000000000, 0.0000000000000000000, 0.0000000000000000000 ) ) ;
#2146 = ORIENTED_EDGE ( 'NONE', *, *, #6406, .F. ) ;
#2147 = CARTESIAN_POINT ( 'NONE',  ( 15.09999999999998543, 39.00000000000001421, 50.00000000000000000 ) ) ;
#2148 = VERTEX_POINT ( 'NONE', #3247 ) ;
#2149 = CYLINDRICAL_SURFACE ( 'NONE', #997, 1.000000000000000888 ) ;
#2150 = DIRECTION ( 'NONE',  ( -1.000000000000000000, 0.0000000000000000000, 0.0000000000000000000 ) ) ;
#2151 = ORIENTED_EDGE ( 'NONE', *, *, #6371, .T. ) ;
#2152 = ORIENTED_EDGE ( 'NONE', *, *, #4935, .F. ) ;
#2153 = ORIENTED_EDGE ( 'NONE', *, *, #4635, .T. ) ;
#2154 = EDGE_CURVE ( 'NONE', #1239, #3909, #2667, .T. ) ;
#2155 = ORIENTED_EDGE ( 'NONE', *, *, #3333, .F. ) ;
#2156 = EDGE_CURVE ( 'NONE', #6342, #6009, #3602, .T. ) ;
#2157 = LINE ( 'NONE', #6117, #5484 ) ;
#2158 = DIRECTION ( 'NONE',  ( -0.0000000000000000000, -0.0000000000000000000, -1.000000000000000000 ) ) ;
#2159 = EDGE_LOOP ( 'NONE', ( #300, #5861, #457, #5185 ) ) ;
#2160 = CARTESIAN_POINT ( 'NONE',  ( 4.199999999999999289, 13.60000000000001918, 50.00000000000000000 ) ) ;
#2161 = CARTESIAN_POINT ( 'NONE',  ( 15.59999999999998543, 35.50000000000003553, 50.00000000000000000 ) ) ;
#2162 = CARTESIAN_POINT ( 'NONE',  ( 31.55000000000037019, 2.300000000000085976, 50.00000000000000000 ) ) ;
#2163 = ORIENTED_EDGE ( 'NONE', *, *, #2176, .T. ) ;
#2164 = LINE ( 'NONE', #4595, #2305 ) ;
#2165 = AXIS2_PLACEMENT_3D ( 'NONE', #316, #2853, #1393 ) ;
#2166 = ORIENTED_EDGE ( 'NONE', *, *, #5311, .F. ) ;
#2167 = DIRECTION ( 'NONE',  ( -0.0000000000000000000, -0.0000000000000000000, -1.000000000000000000 ) ) ;
#2168 = FACE_OUTER_BOUND ( 'NONE', #5388, .T. ) ;
#2169 = VECTOR ( 'NONE', #583, 1000.000000000000000 ) ;
#2170 = DIRECTION ( 'NONE',  ( 1.000000000000000000, 0.0000000000000000000, 0.0000000000000000000 ) ) ;
#2171 = DIRECTION ( 'NONE',  ( 0.0000000000000000000, -0.0000000000000000000, 1.000000000000000000 ) ) ;
#2172 = VECTOR ( 'NONE', #2311, 1000.000000000000000 ) ;
#2173 = EDGE_CURVE ( 'NONE', #1859, #1075, #5064, .T. ) ;
#2174 = ORIENTED_EDGE ( 'NONE', *, *, #4388, .T. ) ;
#2175 = CARTESIAN_POINT ( 'NONE',  ( 0.2000000000000001776, 25.10000000000001918, 50.00000000000000000 ) ) ;
#2176 = EDGE_CURVE ( 'NONE', #2651, #3754, #168, .T. ) ;
#2177 = CIRCLE ( 'NONE', #5284, 0.1999999999999987899 ) ;
#2178 = CARTESIAN_POINT ( 'NONE',  ( 40.00000000000000000, 4.500000000000031974, 50.00000000000000000 ) ) ;
#2179 = ORIENTED_EDGE ( 'NONE', *, *, #3558, .T. ) ;
#2180 = DIRECTION ( 'NONE',  ( 0.0000000000000000000, -0.0000000000000000000, 1.000000000000000000 ) ) ;
#2181 = ORIENTED_EDGE ( 'NONE', *, *, #2071, .T. ) ;
#2182 = LINE ( 'NONE', #5588, #5344 ) ;
#2183 = AXIS2_PLACEMENT_3D ( 'NONE', #5151, #790, #6168 ) ;
#2184 = DIRECTION ( 'NONE',  ( 0.0000000000000000000, 0.0000000000000000000, -1.000000000000000000 ) ) ;
#2185 = AXIS2_PLACEMENT_3D ( 'NONE', #1791, #4280, #888 ) ;
#2186 = ORIENTED_EDGE ( 'NONE', *, *, #1888, .T. ) ;
#2187 = ORIENTED_EDGE ( 'NONE', *, *, #3317, .F. ) ;
#2188 = VECTOR ( 'NONE', #1112, 1000.000000000000000 ) ;
#2189 = ORIENTED_EDGE ( 'NONE', *, *, #3873, .T. ) ;
#2190 = VECTOR ( 'NONE', #4047, 1000.000000000000000 ) ;
#2191 = ORIENTED_EDGE ( 'NONE', *, *, #2658, .T. ) ;
#2192 = CARTESIAN_POINT ( 'NONE',  ( 15.89999999999998437, 38.80000000000001847, 50.00000000000000000 ) ) ;
#2193 = CARTESIAN_POINT ( 'NONE',  ( 38.50000000000027001, 27.40000000000258495, 50.00000000000000000 ) ) ;
#2194 = VECTOR ( 'NONE', #5109, 1000.000000000000000 ) ;
#2195 = VERTEX_POINT ( 'NONE', #4374 ) ;
#2196 = DIRECTION ( 'NONE',  ( -0.0000000000000000000, -0.0000000000000000000, -1.000000000000000000 ) ) ;
#2197 = EDGE_CURVE ( 'NONE', #4702, #5243, #1879, .T. ) ;
#2198 = CARTESIAN_POINT ( 'NONE',  ( 31.07842712474661795, 10.33578643762651517, 50.00000000000000000 ) ) ;
#2199 = CARTESIAN_POINT ( 'NONE',  ( 8.449999999999999289, 32.54999999999987637, 50.00000000000000000 ) ) ;
#2200 = ORIENTED_EDGE ( 'NONE', *, *, #3792, .T. ) ;
#2201 = DIRECTION ( 'NONE',  ( -1.000000000000000000, 0.0000000000000000000, 0.0000000000000000000 ) ) ;
#2202 = CARTESIAN_POINT ( 'NONE',  ( 23.40000000000000213, 20.00000000000000000, 0.0000000000000000000 ) ) ;
#2203 = CARTESIAN_POINT ( 'NONE',  ( 14.89999999999998259, 39.80000000000001847, 50.00000000000000000 ) ) ;
#2204 = PLANE ( 'NONE',  #892 ) ;
#2205 = EDGE_CURVE ( 'NONE', #4233, #702, #1371, .T. ) ;
#2206 = DIRECTION ( 'NONE',  ( -1.000000000000000000, 0.0000000000000000000, 0.0000000000000000000 ) ) ;
#2207 = DIRECTION ( 'NONE',  ( 1.000000000000000000, 1.224510688925414510E-14, -0.0000000000000000000 ) ) ;
#2208 = CIRCLE ( 'NONE', #6333, 1.999999999999998224 ) ;
#2209 = ORIENTED_EDGE ( 'NONE', *, *, #863, .T. ) ;
#2210 = CARTESIAN_POINT ( 'NONE',  ( 2.300000000000373745, 8.449999999999795008, 50.00000000000000000 ) ) ;
#2211 = EDGE_CURVE ( 'NONE', #4267, #77, #4129, .T. ) ;
#2212 = EDGE_CURVE ( 'NONE', #877, #3509, #4866, .T. ) ;
#2213 = CARTESIAN_POINT ( 'NONE',  ( 4.500000000000001776, 24.40000000000001990, 50.00000000000000000 ) ) ;
#2214 = ORIENTED_EDGE ( 'NONE', *, *, #2154, .T. ) ;
#2215 = DIRECTION ( 'NONE',  ( 0.0000000000000000000, 0.0000000000000000000, 1.000000000000000000 ) ) ;
#2216 = CARTESIAN_POINT ( 'NONE',  ( 4.500000000000389022, 1.299999999999867262, 50.00000000000000000 ) ) ;
#2217 = EDGE_CURVE ( 'NONE', #1799, #5228, #362, .T. ) ;
#2218 = ORIENTED_EDGE ( 'NONE', *, *, #5392, .T. ) ;
#2219 = ORIENTED_EDGE ( 'NONE', *, *, #692, .F. ) ;
#2220 = EDGE_CURVE ( 'NONE', #5488, #4521, #1433, .T. ) ;
#2221 = ORIENTED_EDGE ( 'NONE', *, *, #5127, .T. ) ;
#2222 = ORIENTED_EDGE ( 'NONE', *, *, #217, .F. ) ;
#2223 = CARTESIAN_POINT ( 'NONE',  ( 15.09999999999998366, 0.7999999999999997113, 0.0000000000000000000 ) ) ;
#2224 = CARTESIAN_POINT ( 'NONE',  ( 11.99999999999999822, 16.24264068711918796, 0.0000000000000000000 ) ) ;
#2225 = CIRCLE ( 'NONE', #3576, 0.3000000000000016542 ) ;
#2226 = CIRCLE ( 'NONE', #480, 1.000000000000000444 ) ;
#2227 = FACE_OUTER_BOUND ( 'NONE', #2012, .T. ) ;
#2228 = ORIENTED_EDGE ( 'NONE', *, *, #6133, .F. ) ;
#2229 = FACE_OUTER_BOUND ( 'NONE', #2122, .T. ) ;
#2230 = CARTESIAN_POINT ( 'NONE',  ( 4.500000000000019540, 40.00000000000001421, 50.00000000000000000 ) ) ;
#2231 = CIRCLE ( 'NONE', #6068, 2.000000000000001776 ) ;
#2232 = VECTOR ( 'NONE', #2439, 1000.000000000000000 ) ;
#2233 = VERTEX_POINT ( 'NONE', #4728 ) ;
#2234 = CARTESIAN_POINT ( 'NONE',  ( 4.500000000000051514, 35.49999999999979394, 0.0000000000000000000 ) ) ;
#2235 = EDGE_LOOP ( 'NONE', ( #572, #1547, #946, #4172 ) ) ;
#2236 = CARTESIAN_POINT ( 'NONE',  ( 24.89999999999998437, 39.00000000000002132, 50.00000000000000000 ) ) ;
#2237 = DIRECTION ( 'NONE',  ( -1.000000000000000000, 0.0000000000000000000, 0.0000000000000000000 ) ) ;
#2238 = ADVANCED_FACE ( 'NONE', ( #4340 ), #5744, .F. ) ;
#2239 = CIRCLE ( 'NONE', #4199, 1.000000000000000888 ) ;
#2240 = DIRECTION ( 'NONE',  ( -0.0000000000000000000, -0.0000000000000000000, -1.000000000000000000 ) ) ;
#2241 = CARTESIAN_POINT ( 'NONE',  ( 35.80000000000002558, 26.40000000000248548, 50.00000000000000000 ) ) ;
#2242 = ORIENTED_EDGE ( 'NONE', *, *, #159, .T. ) ;
#2243 = EDGE_CURVE ( 'NONE', #1973, #1707, #294, .T. ) ;
#2244 = FACE_OUTER_BOUND ( 'NONE', #5036, .T. ) ;
#2245 = EDGE_CURVE ( 'NONE', #4838, #4514, #6359, .T. ) ;
#2246 = CARTESIAN_POINT ( 'NONE',  ( 29.24999999999999289, 38.50000000000004263, 50.00000000000000000 ) ) ;
#2247 = CARTESIAN_POINT ( 'NONE',  ( 4.500000000000002665, 24.40000000000001990, 50.00000000000000000 ) ) ;
#2248 = ORIENTED_EDGE ( 'NONE', *, *, #3806, .T. ) ;
#2249 = CARTESIAN_POINT ( 'NONE',  ( 9.749999999999998224, 2.500000000000006661, 50.00000000000000000 ) ) ;
#2250 = DIRECTION ( 'NONE',  ( -1.000000000000000000, 0.0000000000000000000, 0.0000000000000000000 ) ) ;
#2251 = ORIENTED_EDGE ( 'NONE', *, *, #1122, .F. ) ;
#2252 = ORIENTED_EDGE ( 'NONE', *, *, #1909, .T. ) ;
#2253 = ORIENTED_EDGE ( 'NONE', *, *, #619, .T. ) ;
#2254 = AXIS2_PLACEMENT_3D ( 'NONE', #2540, #4086, #5616 ) ;
#2255 = ADVANCED_FACE ( 'NONE', ( #3892 ), #2795, .F. ) ;
#2256 = ORIENTED_EDGE ( 'NONE', *, *, #3640, .T. ) ;
#2257 = DIRECTION ( 'NONE',  ( 1.000000000000000000, 0.0000000000000000000, 0.0000000000000000000 ) ) ;
#2258 = DIRECTION ( 'NONE',  ( 0.0000000000000000000, 0.0000000000000000000, 1.000000000000000000 ) ) ;
#2259 = LINE ( 'NONE', #4721, #1612 ) ;
#2260 = EDGE_CURVE ( 'NONE', #2021, #1193, #2335, .T. ) ;
#2261 = ORIENTED_EDGE ( 'NONE', *, *, #3571, .T. ) ;
#2262 = CARTESIAN_POINT ( 'NONE',  ( 15.09999999999998366, 39.20000000000000995, 50.00000000000000000 ) ) ;
#2263 = DIRECTION ( 'NONE',  ( 1.000000000000000000, 0.0000000000000000000, 0.0000000000000000000 ) ) ;
#2264 = ORIENTED_EDGE ( 'NONE', *, *, #1509, .T. ) ;
#2265 = CARTESIAN_POINT ( 'NONE',  ( 14.82842712474615787, 26.58578643762691129, 50.00000000000000000 ) ) ;
#2266 = CARTESIAN_POINT ( 'NONE',  ( 35.80000000000002558, 26.10000000000248122, 50.00000000000000000 ) ) ;
#2267 = DIRECTION ( 'NONE',  ( -1.000000000000000000, -0.0000000000000000000, -0.0000000000000000000 ) ) ;
#2268 = FACE_OUTER_BOUND ( 'NONE', #1634, .T. ) ;
#2269 = CARTESIAN_POINT ( 'NONE',  ( 2.500000000000008438, 9.750000000000001776, 0.0000000000000000000 ) ) ;
#2270 = CARTESIAN_POINT ( 'NONE',  ( 26.58578643762728788, 25.17157287525333587, 50.00000000000000000 ) ) ;
#2271 = DIRECTION ( 'NONE',  ( 0.7071067811865358044, 0.7071067811865593411, 0.0000000000000000000 ) ) ;
#2272 = CIRCLE ( 'NONE', #5904, 0.1999999999999987899 ) ;
#2273 = EDGE_LOOP ( 'NONE', ( #5048, #1970, #150, #1406 ) ) ;
#2274 = CARTESIAN_POINT ( 'NONE',  ( 25.09999999999998721, 0.7999999999999987121, 50.00000000000000000 ) ) ;
#2275 = VECTOR ( 'NONE', #3367, 1000.000000000000000 ) ;
#2276 = DIRECTION ( 'NONE',  ( 1.000000000000000000, 9.376883653943613371E-14, -0.0000000000000000000 ) ) ;
#2277 = AXIS2_PLACEMENT_3D ( 'NONE', #5314, #1400, #2401 ) ;
#2278 = EDGE_CURVE ( 'NONE', #4348, #4419, #6294, .T. ) ;
#2279 = EDGE_LOOP ( 'NONE', ( #6194, #3803, #229, #1329 ) ) ;
#2280 = CARTESIAN_POINT ( 'NONE',  ( 23.40000000000000213, 20.00000000000000000, 50.00000000000000000 ) ) ;
#2281 = CARTESIAN_POINT ( 'NONE',  ( 10.75000000000000533, 1.499999999999999334, 50.00000000000000000 ) ) ;
#2282 = EDGE_CURVE ( 'NONE', #2812, #3394, #1657, .T. ) ;
#2283 = ORIENTED_EDGE ( 'NONE', *, *, #1804, .F. ) ;
#2284 = ORIENTED_EDGE ( 'NONE', *, *, #2846, .T. ) ;
#2285 = ORIENTED_EDGE ( 'NONE', *, *, #4735, .T. ) ;
#2286 = AXIS2_PLACEMENT_3D ( 'NONE', #4314, #6231, #3801 ) ;
#2287 = ORIENTED_EDGE ( 'NONE', *, *, #1985, .T. ) ;
#2288 = CARTESIAN_POINT ( 'NONE',  ( 14.82842712474618985, 13.41421356237309226, 50.00000000000000000 ) ) ;
#2289 = CARTESIAN_POINT ( 'NONE',  ( 15.09999999999998543, 0.9999999999999997780, 50.00000000000000000 ) ) ;
#2290 = CARTESIAN_POINT ( 'NONE',  ( 24.89999999999998792, 39.20000000000001705, 50.00000000000000000 ) ) ;
#2291 = CIRCLE ( 'NONE', #957, 4.500000000000003553 ) ;
#2292 = ORIENTED_EDGE ( 'NONE', *, *, #1597, .T. ) ;
#2293 = EDGE_CURVE ( 'NONE', #5336, #1859, #5806, .T. ) ;
#2294 = DIRECTION ( 'NONE',  ( -0.0000000000000000000, -0.0000000000000000000, -1.000000000000000000 ) ) ;
#2295 = LINE ( 'NONE', #1271, #4054 ) ;
#2296 = AXIS2_PLACEMENT_3D ( 'NONE', #986, #4107, #4138 ) ;
#2297 = ORIENTED_EDGE ( 'NONE', *, *, #4525, .F. ) ;
#2298 = DIRECTION ( 'NONE',  ( -0.0000000000000000000, -0.0000000000000000000, -1.000000000000000000 ) ) ;
#2299 = DIRECTION ( 'NONE',  ( 1.000000000000000000, 0.0000000000000000000, 0.0000000000000000000 ) ) ;
#2300 = AXIS2_PLACEMENT_3D ( 'NONE', #3449, #987, #5944 ) ;
#2301 = CARTESIAN_POINT ( 'NONE',  ( 30.25000000000000355, 7.507359312880496738, 0.0000000000000000000 ) ) ;
#2302 = CARTESIAN_POINT ( 'NONE',  ( 4.199999999999999289, 26.40000000000001634, 50.00000000000000000 ) ) ;
#2303 = CARTESIAN_POINT ( 'NONE',  ( 35.50000000000029843, 1.300000000000078870, 0.0000000000000000000 ) ) ;
#2304 = ORIENTED_EDGE ( 'NONE', *, *, #2205, .T. ) ;
#2305 = VECTOR ( 'NONE', #4140, 1000.000000000000000 ) ;
#2306 = CARTESIAN_POINT ( 'NONE',  ( 38.70000000000031548, 7.449999999999999289, 0.0000000000000000000 ) ) ;
#2307 = FACE_OUTER_BOUND ( 'NONE', #413, .T. ) ;
#2308 = ORIENTED_EDGE ( 'NONE', *, *, #3806, .F. ) ;
#2309 = DIRECTION ( 'NONE',  ( -1.000000000000000000, 3.464347907917157102E-16, 0.0000000000000000000 ) ) ;
#2310 = LINE ( 'NONE', #1381, #2539 ) ;
#2311 = DIRECTION ( 'NONE',  ( 9.376883653943612109E-14, -1.000000000000000000, -0.0000000000000000000 ) ) ;
#2312 = ORIENTED_EDGE ( 'NONE', *, *, #5006, .T. ) ;
#2313 = APPLICATION_CONTEXT ( 'automotive_design' ) ;
#2314 = DIRECTION ( 'NONE',  ( -0.0000000000000000000, -0.0000000000000000000, -1.000000000000000000 ) ) ;
#2315 = CIRCLE ( 'NONE', #3462, 0.1999999999999987899 ) ;
#2316 = PLANE ( 'NONE',  #2121 ) ;
#2317 = ADVANCED_FACE ( 'NONE', ( #4857 ), #4827, .F. ) ;
#2318 = ADVANCED_FACE ( 'NONE', ( #784 ), #6323, .F. ) ;
#2319 = ORIENTED_EDGE ( 'NONE', *, *, #5395, .T. ) ;
#2320 = EDGE_LOOP ( 'NONE', ( #1191, #4482, #5397, #1931 ) ) ;
#2321 = LINE ( 'NONE', #2133, #6132 ) ;
#2322 = EDGE_LOOP ( 'NONE', ( #1519, #3923, #4290, #4901 ) ) ;
#2323 = ORIENTED_EDGE ( 'NONE', *, *, #6220, .T. ) ;
#2324 = CARTESIAN_POINT ( 'NONE',  ( 31.55000000000005045, 37.70000000000000284, 50.00000000000000000 ) ) ;
#2325 = EDGE_CURVE ( 'NONE', #4267, #5651, #2891, .T. ) ;
#2326 = FACE_OUTER_BOUND ( 'NONE', #1719, .T. ) ;
#2327 = CARTESIAN_POINT ( 'NONE',  ( 39.20000000000000284, 14.90000000000001812, 50.00000000000000000 ) ) ;
#2328 = VERTEX_POINT ( 'NONE', #6226 ) ;
#2329 = CARTESIAN_POINT ( 'NONE',  ( 25.17157287525369114, 13.41421356237308160, 50.00000000000000000 ) ) ;
#2330 = CARTESIAN_POINT ( 'NONE',  ( 13.90000000000082636, 35.80000000000001847, 50.00000000000000000 ) ) ;
#2331 = CIRCLE ( 'NONE', #3158, 2.000000000000050182 ) ;
#2332 = ORIENTED_EDGE ( 'NONE', *, *, #885, .T. ) ;
#2333 = CARTESIAN_POINT ( 'NONE',  ( 1.300000000000051115, 35.49999999999977263, 50.00000000000000000 ) ) ;
#2334 = AXIS2_PLACEMENT_3D ( 'NONE', #3259, #4190, #5229 ) ;
#2335 = LINE ( 'NONE', #4310, #3213 ) ;
#2336 = LINE ( 'NONE', #917, #1716 ) ;
#2337 = CARTESIAN_POINT ( 'NONE',  ( 24.09999999999998366, 1.200000000000001288, 50.00000000000000000 ) ) ;
#2338 = VECTOR ( 'NONE', #5810, 1000.000000000000000 ) ;
#2339 = AXIS2_PLACEMENT_3D ( 'NONE', #884, #2373, #6360 ) ;
#2340 = ORIENTED_EDGE ( 'NONE', *, *, #3720, .T. ) ;
#2341 = AXIS2_PLACEMENT_3D ( 'NONE', #3072, #6109, #665 ) ;
#2342 = CYLINDRICAL_SURFACE ( 'NONE', #4884, 0.1999999999999987899 ) ;
#2343 = CARTESIAN_POINT ( 'NONE',  ( 1.500000000000001332, 12.60000000000001030, 50.00000000000000000 ) ) ;
#2344 = VERTEX_POINT ( 'NONE', #1784 ) ;
#2345 = EDGE_CURVE ( 'NONE', #5723, #865, #207, .T. ) ;
#2346 = DIRECTION ( 'NONE',  ( -0.0000000000000000000, -0.0000000000000000000, -1.000000000000000000 ) ) ;
#2347 = ADVANCED_FACE ( 'NONE', ( #4894 ), #34, .F. ) ;
#2348 = FACE_OUTER_BOUND ( 'NONE', #2985, .T. ) ;
#2349 = AXIS2_PLACEMENT_3D ( 'NONE', #6254, #1743, #5769 ) ;
#2350 = DIRECTION ( 'NONE',  ( -0.0000000000000000000, -0.0000000000000000000, -1.000000000000000000 ) ) ;
#2351 = ORIENTED_EDGE ( 'NONE', *, *, #1736, .F. ) ;
#2352 = LINE ( 'NONE', #4774, #5753 ) ;
#2353 = EDGE_CURVE ( 'NONE', #3509, #1920, #2988, .T. ) ;
#2354 = CYLINDRICAL_SURFACE ( 'NONE', #6062, 1.999999999999998224 ) ;
#2355 = VERTEX_POINT ( 'NONE', #2005 ) ;
#2356 = EDGE_LOOP ( 'NONE', ( #3312, #3130, #5402, #2179 ) ) ;
#2357 = CARTESIAN_POINT ( 'NONE',  ( 32.49264068711971021, 11.74999999999960743, 50.00000000000000000 ) ) ;
#2358 = ORIENTED_EDGE ( 'NONE', *, *, #2973, .T. ) ;
#2359 = EDGE_CURVE ( 'NONE', #1609, #2777, #5013, .T. ) ;
#2360 = EDGE_LOOP ( 'NONE', ( #167, #1444, #1972, #2750 ) ) ;
#2361 = CARTESIAN_POINT ( 'NONE',  ( 4.200000000000001066, 24.40000000000001990, 50.00000000000000000 ) ) ;
#2362 = CARTESIAN_POINT ( 'NONE',  ( 0.2000000000000015654, 14.90000000000001812, 0.0000000000000000000 ) ) ;
#2363 = DIRECTION ( 'NONE',  ( -0.0000000000000000000, -0.0000000000000000000, -1.000000000000000000 ) ) ;
#2364 = ORIENTED_EDGE ( 'NONE', *, *, #3356, .T. ) ;
#2365 = DIRECTION ( 'NONE',  ( -0.0000000000000000000, -0.0000000000000000000, -1.000000000000000000 ) ) ;
#2366 = EDGE_CURVE ( 'NONE', #2388, #4609, #2588, .T. ) ;
#2367 = CARTESIAN_POINT ( 'NONE',  ( 8.450000000000315481, 7.449999999999787903, 50.00000000000000000 ) ) ;
#2368 = EDGE_CURVE ( 'NONE', #3210, #6064, #1464, .T. ) ;
#2369 = EDGE_CURVE ( 'NONE', #1522, #877, #3925, .T. ) ;
#2370 = ORIENTED_EDGE ( 'NONE', *, *, #5868, .F. ) ;
#2371 = FACE_OUTER_BOUND ( 'NONE', #4204, .T. ) ;
#2372 = DIRECTION ( 'NONE',  ( 0.0000000000000000000, 1.000000000000000000, -0.0000000000000000000 ) ) ;
#2373 = DIRECTION ( 'NONE',  ( 0.0000000000000000000, -1.000000000000000000, 0.0000000000000000000 ) ) ;
#2374 = LINE ( 'NONE', #4829, #1203 ) ;
#2375 = EDGE_CURVE ( 'NONE', #5620, #3559, #2061, .T. ) ;
#2376 = DIRECTION ( 'NONE',  ( -0.0000000000000000000, 0.0000000000000000000, -1.000000000000000000 ) ) ;
#2377 = DIRECTION ( 'NONE',  ( 0.0000000000000000000, -1.000000000000000000, 0.0000000000000000000 ) ) ;
#2378 = EDGE_LOOP ( 'NONE', ( #968, #5583, #581, #1505 ) ) ;
#2379 = AXIS2_PLACEMENT_3D ( 'NONE', #2553, #5589, #4544 ) ;
#2380 = CARTESIAN_POINT ( 'NONE',  ( 15.89999999999998437, 4.199999999999997513, 50.00000000000000000 ) ) ;
#2381 = ADVANCED_FACE ( 'NONE', ( #4465 ), #2528, .F. ) ;
#2382 = CYLINDRICAL_SURFACE ( 'NONE', #1256, 1.000000000000000888 ) ;
#2383 = ORIENTED_EDGE ( 'NONE', *, *, #2138, .T. ) ;
#2384 = DIRECTION ( 'NONE',  ( -0.0000000000000000000, -0.0000000000000000000, -1.000000000000000000 ) ) ;
#2385 = CIRCLE ( 'NONE', #1551, 1.999999999999998224 ) ;
#2386 = VECTOR ( 'NONE', #5079, 1000.000000000000000 ) ;
#2387 = ORIENTED_EDGE ( 'NONE', *, *, #5261, .F. ) ;
#2388 = VERTEX_POINT ( 'NONE', #5967 ) ;
#2389 = EDGE_CURVE ( 'NONE', #310, #1973, #4240, .T. ) ;
#2390 = LINE ( 'NONE', #3814, #444 ) ;
#2391 = ORIENTED_EDGE ( 'NONE', *, *, #2542, .T. ) ;
#2392 = CIRCLE ( 'NONE', #3837, 1.000000000000000444 ) ;
#2393 = ORIENTED_EDGE ( 'NONE', *, *, #5740, .T. ) ;
#2394 = LINE ( 'NONE', #3881, #4561 ) ;
#2395 = FACE_OUTER_BOUND ( 'NONE', #5987, .T. ) ;
#2396 = CARTESIAN_POINT ( 'NONE',  ( 26.00000000000038369, 16.24264068711893572, 50.00000000000000000 ) ) ;
#2397 = VERTEX_POINT ( 'NONE', #1524 ) ;
#2398 = DIRECTION ( 'NONE',  ( -1.000000000000000000, 0.0000000000000000000, 0.0000000000000000000 ) ) ;
#2399 = CARTESIAN_POINT ( 'NONE',  ( 40.00000000000000711, 14.70000000000001528, 50.00000000000000000 ) ) ;
#2400 = ORIENTED_EDGE ( 'NONE', *, *, #1792, .T. ) ;
#2401 = DIRECTION ( 'NONE',  ( -1.000000000000000000, 0.0000000000000000000, 0.0000000000000000000 ) ) ;
#2402 = PLANE ( 'NONE',  #5446 ) ;
#2403 = VECTOR ( 'NONE', #2839, 1000.000000000000000 ) ;
#2404 = AXIS2_PLACEMENT_3D ( 'NONE', #2223, #1803, #774 ) ;
#2405 = EDGE_CURVE ( 'NONE', #3240, #5129, #3008, .T. ) ;
#2406 = AXIS2_PLACEMENT_3D ( 'NONE', #400, #5252, #3867 ) ;
#2407 = CARTESIAN_POINT ( 'NONE',  ( 7.507359312880753421, 30.24999999999955236, 50.00000000000000000 ) ) ;
#2408 = DIRECTION ( 'NONE',  ( -1.000000000000000000, -1.172110456741105056E-16, -0.0000000000000000000 ) ) ;
#2409 = CARTESIAN_POINT ( 'NONE',  ( 32.55000000000037375, 8.450000000000006395, 50.00000000000000000 ) ) ;
#2410 = VECTOR ( 'NONE', #4625, 1000.000000000000000 ) ;
#2411 = FACE_OUTER_BOUND ( 'NONE', #651, .T. ) ;
#2412 = ORIENTED_EDGE ( 'NONE', *, *, #4003, .T. ) ;
#2413 = CIRCLE ( 'NONE', #2718, 1.999999999999998224 ) ;
#2414 = EDGE_CURVE ( 'NONE', #936, #869, #1043, .T. ) ;
#2415 = AXIS2_PLACEMENT_3D ( 'NONE', #39, #2011, #2504 ) ;
#2416 = DIRECTION ( 'NONE',  ( 0.0000000000000000000, -1.000000000000000000, 0.0000000000000000000 ) ) ;
#2417 = DIRECTION ( 'NONE',  ( -0.0000000000000000000, -0.0000000000000000000, -1.000000000000000000 ) ) ;
#2418 = ORIENTED_EDGE ( 'NONE', *, *, #3918, .F. ) ;
#2419 = CYLINDRICAL_SURFACE ( 'NONE', #1055, 0.1999999999999987899 ) ;
#2420 = VERTEX_POINT ( 'NONE', #3051 ) ;
#2421 = VERTEX_POINT ( 'NONE', #948 ) ;
#2422 = DIRECTION ( 'NONE',  ( 1.000000000000000000, 0.0000000000000000000, 0.0000000000000000000 ) ) ;
#2423 = CIRCLE ( 'NONE', #4687, 2.000000000000000000 ) ;
#2424 = VERTEX_POINT ( 'NONE', #1974 ) ;
#2426 = VERTEX_POINT ( 'NONE', #3440 ) ;
#2425 = CARTESIAN_POINT ( 'NONE',  ( 15.69999999999998508, 38.80000000000001847, 0.0000000000000000000 ) ) ;
#2427 = CARTESIAN_POINT ( 'NONE',  ( 35.49999999999998579, 40.00000000000001421, 0.0000000000000000000 ) ) ;
#2428 = CARTESIAN_POINT ( 'NONE',  ( 4.500000000000367706, 4.499999999999868550, 50.00000000000000000 ) ) ;
#2429 = EDGE_CURVE ( 'NONE', #1357, #2328, #62, .T. ) ;
#2430 = DIRECTION ( 'NONE',  ( -6.802837160693386290E-16, 1.000000000000000000, 0.0000000000000000000 ) ) ;
#2431 = ORIENTED_EDGE ( 'NONE', *, *, #74, .T. ) ;
#2432 = DIRECTION ( 'NONE',  ( -1.000000000000000000, 0.0000000000000000000, 0.0000000000000000000 ) ) ;
#2433 = EDGE_CURVE ( 'NONE', #3075, #6275, #4651, .T. ) ;
#2434 = CARTESIAN_POINT ( 'NONE',  ( 2.500000000000008438, 13.60000000000001918, 0.0000000000000000000 ) ) ;
#2435 = UNCERTAINTY_MEASURE_WITH_UNIT (LENGTH_MEASURE( 1.000000000000000082E-05 ), #2956, 'distance_accuracy_value', 'NONE');
#2436 = EDGE_LOOP ( 'NONE', ( #5950, #4036, #2877, #3914 ) ) ;
#2437 = ORIENTED_EDGE ( 'NONE', *, *, #4276, .T. ) ;
#2438 = LINE ( 'NONE', #3532, #2586 ) ;
#2439 = DIRECTION ( 'NONE',  ( 1.000000000000000000, -0.0000000000000000000, -0.0000000000000000000 ) ) ;
#2440 = CARTESIAN_POINT ( 'NONE',  ( 8.921572875254007329, 10.33578643762692550, 50.00000000000000000 ) ) ;
#2441 = DIRECTION ( 'NONE',  ( 0.0000000000000000000, -0.0000000000000000000, -1.000000000000000000 ) ) ;
#2442 = DIRECTION ( 'NONE',  ( -0.7071067811865472397, -0.7071067811865479058, -0.0000000000000000000 ) ) ;
#2443 = PLANE ( 'NONE',  #131 ) ;
#2444 = ORIENTED_EDGE ( 'NONE', *, *, #4833, .F. ) ;
#2445 = EDGE_CURVE ( 'NONE', #4945, #2426, #2438, .T. ) ;
#2446 = AXIS2_PLACEMENT_3D ( 'NONE', #1123, #143, #2432 ) ;
#2447 = CIRCLE ( 'NONE', #5440, 1.000000000000000888 ) ;
#2448 = LINE ( 'NONE', #1829, #3063 ) ;
#2449 = EDGE_CURVE ( 'NONE', #3820, #869, #3939, .T. ) ;
#2450 = DIRECTION ( 'NONE',  ( 0.0000000000000000000, -0.0000000000000000000, -1.000000000000000000 ) ) ;
#2451 = VECTOR ( 'NONE', #705, 1000.000000000000000 ) ;
#2452 = ADVANCED_FACE ( 'NONE', ( #3409 ), #2957, .F. ) ;
#2453 = ORIENTED_EDGE ( 'NONE', *, *, #2596, .F. ) ;
#2454 = DIRECTION ( 'NONE',  ( -0.0000000000000000000, -0.0000000000000000000, -1.000000000000000000 ) ) ;
#2455 = CIRCLE ( 'NONE', #1928, 0.1999999999999987899 ) ;
#2456 = ORIENTED_EDGE ( 'NONE', *, *, #3789, .F. ) ;
#2457 = ORIENTED_EDGE ( 'NONE', *, *, #6203, .F. ) ;
#2458 = DIRECTION ( 'NONE',  ( -0.0000000000000000000, -0.0000000000000000000, -1.000000000000000000 ) ) ;
#2460 = VERTEX_POINT ( 'NONE', #1944 ) ;
#2459 = DIRECTION ( 'NONE',  ( -0.0000000000000000000, -0.0000000000000000000, -1.000000000000000000 ) ) ;
#2461 = CARTESIAN_POINT ( 'NONE',  ( 24.09999999999998366, 4.199999999999997513, 50.00000000000000000 ) ) ;
#2462 = FACE_OUTER_BOUND ( 'NONE', #515, .T. ) ;
#2463 = ORIENTED_EDGE ( 'NONE', *, *, #3688, .T. ) ;
#2464 = EDGE_CURVE ( 'NONE', #3685, #1228, #2062, .T. ) ;
#2465 = ORIENTED_EDGE ( 'NONE', *, *, #2212, .F. ) ;
#2466 = ORIENTED_EDGE ( 'NONE', *, *, #1119, .T. ) ;
#2467 =( NAMED_UNIT ( * ) SI_UNIT ( $, .STERADIAN. ) SOLID_ANGLE_UNIT ( ) );
#2468 = DIRECTION ( 'NONE',  ( -0.0000000000000000000, -0.0000000000000000000, -1.000000000000000000 ) ) ;
#2469 = EDGE_CURVE ( 'NONE', #1258, #2033, #1249, .T. ) ;
#2470 = DIRECTION ( 'NONE',  ( -0.0000000000000000000, -0.0000000000000000000, -1.000000000000000000 ) ) ;
#2471 = CARTESIAN_POINT ( 'NONE',  ( 9.749999999999998224, 7.507359312880706348, 50.00000000000000000 ) ) ;
#2472 = DIRECTION ( 'NONE',  ( 1.172110456741085335E-16, 1.000000000000000000, -0.0000000000000000000 ) ) ;
#2473 = DIRECTION ( 'NONE',  ( -0.7071067811865674457, 0.7071067811865276997, 0.0000000000000000000 ) ) ;
#2474 = DIRECTION ( 'NONE',  ( -0.0000000000000000000, -0.0000000000000000000, -1.000000000000000000 ) ) ;
#2475 = ORIENTED_EDGE ( 'NONE', *, *, #3473, .T. ) ;
#2476 = AXIS2_PLACEMENT_3D ( 'NONE', #1536, #5088, #6102 ) ;
#2477 = DIRECTION ( 'NONE',  ( 0.0000000000000000000, 0.0000000000000000000, 1.000000000000000000 ) ) ;
#2478 = FACE_OUTER_BOUND ( 'NONE', #4639, .T. ) ;
#2479 = ORIENTED_EDGE ( 'NONE', *, *, #4577, .T. ) ;
#2480 = LINE ( 'NONE', #3359, #5592 ) ;
#2481 = ORIENTED_EDGE ( 'NONE', *, *, #668, .T. ) ;
#2482 = ORIENTED_EDGE ( 'NONE', *, *, #3571, .F. ) ;
#2483 = DIRECTION ( 'NONE',  ( -0.0000000000000000000, -0.0000000000000000000, -1.000000000000000000 ) ) ;
#2484 = VECTOR ( 'NONE', #666, 1000.000000000000000 ) ;
#2486 = VERTEX_POINT ( 'NONE', #5631 ) ;
#2485 = CARTESIAN_POINT ( 'NONE',  ( 15.59999999999998366, 35.80000000000003979, 0.0000000000000000000 ) ) ;
#2487 = CARTESIAN_POINT ( 'NONE',  ( 13.60000000000082743, 37.50000000000003553, 50.00000000000000000 ) ) ;
#2488 = DIRECTION ( 'NONE',  ( -1.000000000000000000, 0.0000000000000000000, 0.0000000000000000000 ) ) ;
#2489 = AXIS2_PLACEMENT_3D ( 'NONE', #6162, #684, #1749 ) ;
#2490 = EDGE_CURVE ( 'NONE', #5002, #5620, #3106, .T. ) ;
#2491 = ADVANCED_BREP_SHAPE_REPRESENTATION ( '4040 Aluminum Extrusion Profile', ( #1756, #4268 ), #2514 ) ;
#2492 = ORIENTED_EDGE ( 'NONE', *, *, #1630, .T. ) ;
#2493 = VECTOR ( 'NONE', #962, 1000.000000000000000 ) ;
#2494 = ORIENTED_EDGE ( 'NONE', *, *, #5118, .T. ) ;
#2495 = EDGE_LOOP ( 'NONE', ( #4734, #4125, #419, #2264 ) ) ;
#2496 =( NAMED_UNIT ( * ) PLANE_ANGLE_UNIT ( ) SI_UNIT ( $, .RADIAN. ) );
#2497 = DIRECTION ( 'NONE',  ( -6.928695815834735258E-16, -1.000000000000000000, 0.0000000000000000000 ) ) ;
#2498 = CARTESIAN_POINT ( 'NONE',  ( 13.59999999999998366, 2.500000000000006661, 50.00000000000000000 ) ) ;
#2499 = EDGE_CURVE ( 'NONE', #3172, #4976, #1615, .T. ) ;
#2500 = AXIS2_PLACEMENT_3D ( 'NONE', #4420, #2904, #2974 ) ;
#2501 = CARTESIAN_POINT ( 'NONE',  ( 32.55000000000037375, 1.300000000000078426, 0.0000000000000000000 ) ) ;
#2502 = PLANE ( 'NONE',  #4150 ) ;
#2503 = DIRECTION ( 'NONE',  ( -1.000000000000000000, 0.0000000000000000000, 0.0000000000000000000 ) ) ;
#2504 = DIRECTION ( 'NONE',  ( -1.000000000000000000, 0.0000000000000000000, 0.0000000000000000000 ) ) ;
#2505 = ORIENTED_EDGE ( 'NONE', *, *, #545, .F. ) ;
#2506 = VECTOR ( 'NONE', #893, 1000.000000000000000 ) ;
#2507 = FACE_OUTER_BOUND ( 'NONE', #2083, .T. ) ;
#2508 = AXIS2_PLACEMENT_3D ( 'NONE', #1404, #3313, #4799 ) ;
#2509 = CARTESIAN_POINT ( 'NONE',  ( 4.500000000000001776, 26.10000000000001563, 50.00000000000000000 ) ) ;
#2510 = AXIS2_PLACEMENT_3D ( 'NONE', #5512, #4528, #497 ) ;
#2511 = ORIENTED_EDGE ( 'NONE', *, *, #2243, .F. ) ;
#2512 = DIRECTION ( 'NONE',  ( 1.000000000000000000, 0.0000000000000000000, 0.0000000000000000000 ) ) ;
#2513 = AXIS2_PLACEMENT_3D ( 'NONE', #166, #711, #2201 ) ;
#2514 =( GEOMETRIC_REPRESENTATION_CONTEXT ( 3 ) GLOBAL_UNCERTAINTY_ASSIGNED_CONTEXT ( ( #2435 ) ) GLOBAL_UNIT_ASSIGNED_CONTEXT ( ( #2956, #3014, #2467 ) ) REPRESENTATION_CONTEXT ( 'NONE', 'WORKASPACE' ) );
#2515 = VERTEX_POINT ( 'NONE', #4621 ) ;
#2516 = ORIENTED_EDGE ( 'NONE', *, *, #3360, .T. ) ;
#2517 = DIRECTION ( 'NONE',  ( -1.000000000000000000, 0.0000000000000000000, 0.0000000000000000000 ) ) ;
#2519 = VERTEX_POINT ( 'NONE', #3563 ) ;
#2518 = CARTESIAN_POINT ( 'NONE',  ( 8.921572875253820811, 29.66421356237268014, 50.00000000000000000 ) ) ;
#2520 = DIRECTION ( 'NONE',  ( -1.000000000000000000, 0.0000000000000000000, 0.0000000000000000000 ) ) ;
#2521 = EDGE_CURVE ( 'NONE', #6253, #657, #1861, .T. ) ;
#2522 = LINE ( 'NONE', #5985, #1754 ) ;
#2523 = ORIENTED_EDGE ( 'NONE', *, *, #4650, .T. ) ;
#2524 = VECTOR ( 'NONE', #293, 1000.000000000000000 ) ;
#2525 = ORIENTED_EDGE ( 'NONE', *, *, #1607, .F. ) ;
#2526 = EDGE_CURVE ( 'NONE', #4741, #4296, #1231, .T. ) ;
#2527 = ORIENTED_EDGE ( 'NONE', *, *, #2282, .F. ) ;
#2528 = CYLINDRICAL_SURFACE ( 'NONE', #5803, 1.000000000000000666 ) ;
#2529 = LINE ( 'NONE', #3441, #487 ) ;
#2530 = DIRECTION ( 'NONE',  ( 1.000000000000000000, 0.0000000000000000000, 0.0000000000000000000 ) ) ;
#2531 = FACE_OUTER_BOUND ( 'NONE', #4909, .T. ) ;
#2532 = CARTESIAN_POINT ( 'NONE',  ( 15.09999999999998543, 39.00000000000001421, 0.0000000000000000000 ) ) ;
#2533 = DIRECTION ( 'NONE',  ( 0.0000000000000000000, 0.0000000000000000000, 1.000000000000000000 ) ) ;
#2534 = ORIENTED_EDGE ( 'NONE', *, *, #5012, .T. ) ;
#2535 = PLANE ( 'NONE',  #4707 ) ;
#2536 = CARTESIAN_POINT ( 'NONE',  ( 32.55000000000005400, 38.69999999999998863, 50.00000000000000000 ) ) ;
#2537 = ORIENTED_EDGE ( 'NONE', *, *, #1969, .T. ) ;
#2538 = ORIENTED_EDGE ( 'NONE', *, *, #2389, .T. ) ;
#2539 = VECTOR ( 'NONE', #4285, 1000.000000000000000 ) ;
#2540 = CARTESIAN_POINT ( 'NONE',  ( 39.20000000000000284, 14.90000000000001812, 50.00000000000000000 ) ) ;
#2541 = AXIS2_PLACEMENT_3D ( 'NONE', #3542, #5022, #530 ) ;
#2542 = EDGE_CURVE ( 'NONE', #5790, #5436, #622, .T. ) ;
#2543 = CARTESIAN_POINT ( 'NONE',  ( 35.49999999999999289, 13.90000000000294555, 50.00000000000000000 ) ) ;
#2544 = VERTEX_POINT ( 'NONE', #671 ) ;
#2545 = VECTOR ( 'NONE', #5596, 1000.000000000000000 ) ;
#2546 = ORIENTED_EDGE ( 'NONE', *, *, #264, .F. ) ;
#2547 = AXIS2_PLACEMENT_3D ( 'NONE', #3280, #3349, #4859 ) ;
#2548 = VECTOR ( 'NONE', #2552, 1000.000000000000000 ) ;
#2549 = FACE_OUTER_BOUND ( 'NONE', #4162, .T. ) ;
#2550 = ADVANCED_FACE ( 'NONE', ( #6087 ), #4102, .F. ) ;
#2551 = ORIENTED_EDGE ( 'NONE', *, *, #4546, .F. ) ;
#2552 = DIRECTION ( 'NONE',  ( -0.0000000000000000000, -0.0000000000000000000, -1.000000000000000000 ) ) ;
#2553 = CARTESIAN_POINT ( 'NONE',  ( 14.69999999999998153, 39.80000000000001847, 0.0000000000000000000 ) ) ;
#2554 = AXIS2_PLACEMENT_3D ( 'NONE', #2688, #4658, #3690 ) ;
#2555 = VERTEX_POINT ( 'NONE', #2655 ) ;
#2556 = EDGE_CURVE ( 'NONE', #4431, #369, #5595, .T. ) ;
#2557 = ORIENTED_EDGE ( 'NONE', *, *, #1810, .T. ) ;
#2558 = EDGE_LOOP ( 'NONE', ( #2789, #1581, #3230, #2214 ) ) ;
#2559 = DIRECTION ( 'NONE',  ( -0.0000000000000000000, -0.0000000000000000000, -1.000000000000000000 ) ) ;
#2560 = LINE ( 'NONE', #3016, #896 ) ;
#2561 = EDGE_CURVE ( 'NONE', #1063, #2426, #4541, .T. ) ;
#2562 = CARTESIAN_POINT ( 'NONE',  ( 40.00000000000000000, 4.500000000000031974, 50.00000000000000000 ) ) ;
#2563 = ADVANCED_FACE ( 'NONE', ( #3594 ), #4685, .F. ) ;
#2564 = EDGE_CURVE ( 'NONE', #2460, #3754, #2385, .T. ) ;
#2565 = FACE_OUTER_BOUND ( 'NONE', #244, .T. ) ;
#2566 = CARTESIAN_POINT ( 'NONE',  ( 27.40000000000044267, 37.50000000000004263, 50.00000000000000000 ) ) ;
#2567 = DIRECTION ( 'NONE',  ( -0.0000000000000000000, 1.000000000000000000, -0.0000000000000000000 ) ) ;
#2568 = VERTEX_POINT ( 'NONE', #1708 ) ;
#2569 = DIRECTION ( 'NONE',  ( -0.0000000000000000000, -0.0000000000000000000, -1.000000000000000000 ) ) ;
#2570 = EDGE_CURVE ( 'NONE', #694, #4382, #3079, .T. ) ;
#2571 = CARTESIAN_POINT ( 'NONE',  ( 27.39999999999999147, 1.500000000000000444, 50.00000000000000000 ) ) ;
#2572 = ORIENTED_EDGE ( 'NONE', *, *, #636, .F. ) ;
#2573 = DIRECTION ( 'NONE',  ( -0.0000000000000000000, -0.0000000000000000000, -1.000000000000000000 ) ) ;
#2574 = EDGE_CURVE ( 'NONE', #1451, #750, #2157, .T. ) ;
#2575 = CARTESIAN_POINT ( 'NONE',  ( 4.500000000000019540, 40.00000000000001421, 50.00000000000000000 ) ) ;
#2576 = VERTEX_POINT ( 'NONE', #608 ) ;
#2577 = PLANE ( 'NONE',  #6032 ) ;
#2578 = VERTEX_POINT ( 'NONE', #1133 ) ;
#2579 = DIRECTION ( 'NONE',  ( -0.0000000000000000000, -1.000000000000000000, -0.0000000000000000000 ) ) ;
#2580 = CARTESIAN_POINT ( 'NONE',  ( 29.25000000000000000, 2.500000000000000888, 50.00000000000000000 ) ) ;
#2581 = ORIENTED_EDGE ( 'NONE', *, *, #6414, .F. ) ;
#2582 = ORIENTED_EDGE ( 'NONE', *, *, #4021, .T. ) ;
#2583 = ORIENTED_EDGE ( 'NONE', *, *, #1904, .T. ) ;
#2584 = VERTEX_POINT ( 'NONE', #252 ) ;
#2585 = DIRECTION ( 'NONE',  ( 0.0000000000000000000, 0.0000000000000000000, 1.000000000000000000 ) ) ;
#2586 = VECTOR ( 'NONE', #2559, 1000.000000000000000 ) ;
#2587 = DIRECTION ( 'NONE',  ( -0.0000000000000000000, -0.0000000000000000000, -1.000000000000000000 ) ) ;
#2588 = CIRCLE ( 'NONE', #6214, 0.1999999999999987899 ) ;
#2589 = CARTESIAN_POINT ( 'NONE',  ( 32.49264068711969600, 28.24999999999955236, 50.00000000000000000 ) ) ;
#2590 = CARTESIAN_POINT ( 'NONE',  ( 38.70000000000031548, 7.449999999999999289, 50.00000000000000000 ) ) ;
#2591 = CARTESIAN_POINT ( 'NONE',  ( 14.89999999999998259, 0.2000000000000014266, 50.00000000000000000 ) ) ;
#2592 = LINE ( 'NONE', #132, #2194 ) ;
#2593 = VERTEX_POINT ( 'NONE', #4202 ) ;
#2594 = LINE ( 'NONE', #4563, #1654 ) ;
#2595 = DIRECTION ( 'NONE',  ( -0.0000000000000000000, -0.0000000000000000000, -1.000000000000000000 ) ) ;
#2596 = EDGE_CURVE ( 'NONE', #538, #223, #4235, .T. ) ;
#2597 = CARTESIAN_POINT ( 'NONE',  ( 15.59999999999998366, 4.200000000000000178, 0.0000000000000000000 ) ) ;
#2598 = DIRECTION ( 'NONE',  ( -0.0000000000000000000, 1.000000000000000000, -0.0000000000000000000 ) ) ;
#2599 = VECTOR ( 'NONE', #3412, 1000.000000000000000 ) ;
#2600 = VERTEX_POINT ( 'NONE', #123 ) ;
#2601 = EDGE_CURVE ( 'NONE', #3270, #3167, #4073, .T. ) ;
#2602 = DIRECTION ( 'NONE',  ( 1.000000000000000000, 0.0000000000000000000, 0.0000000000000000000 ) ) ;
#2603 = VECTOR ( 'NONE', #2852, 1000.000000000000000 ) ;
#2604 = VECTOR ( 'NONE', #3151, 1000.000000000000000 ) ;
#2605 = CARTESIAN_POINT ( 'NONE',  ( 10.33578643762690952, 8.921572875253817259, 50.00000000000000000 ) ) ;
#2607 = ORIENTED_EDGE ( 'NONE', *, *, #4771, .T. ) ;
#2606 = AXIS2_PLACEMENT_3D ( 'NONE', #70, #4956, #4413 ) ;
#2608 = LINE ( 'NONE', #1095, #5508 ) ;
#2609 = VECTOR ( 'NONE', #5451, 1000.000000000000000 ) ;
#2610 = ORIENTED_EDGE ( 'NONE', *, *, #868, .F. ) ;
#2611 = DIRECTION ( 'NONE',  ( -0.0000000000000000000, 0.0000000000000000000, -1.000000000000000000 ) ) ;
#2612 = DIRECTION ( 'NONE',  ( -1.000000000000000000, 0.0000000000000000000, 0.0000000000000000000 ) ) ;
#2613 = PRESENTATION_LAYER_ASSIGNMENT (  '', '', ( #5410 ) ) ;
#2614 = CIRCLE ( 'NONE', #3035, 0.1999999999999994282 ) ;
#2615 = ORIENTED_EDGE ( 'NONE', *, *, #3852, .F. ) ;
#2616 = ORIENTED_EDGE ( 'NONE', *, *, #4101, .F. ) ;
#2617 = CIRCLE ( 'NONE', #4680, 0.1999999999999987899 ) ;
#2618 = ORIENTED_EDGE ( 'NONE', *, *, #2883, .T. ) ;
#2619 = EDGE_CURVE ( 'NONE', #3287, #4037, #154, .T. ) ;
#2620 = VERTEX_POINT ( 'NONE', #1840 ) ;
#2621 = DIRECTION ( 'NONE',  ( -0.0000000000000000000, -0.0000000000000000000, -1.000000000000000000 ) ) ;
#2622 = CARTESIAN_POINT ( 'NONE',  ( 15.09999999999998543, 39.00000000000001421, 0.0000000000000000000 ) ) ;
#2623 = ADVANCED_FACE ( 'NONE', ( #5697 ), #909, .F. ) ;
#2624 = ORIENTED_EDGE ( 'NONE', *, *, #465, .F. ) ;
#2625 = FACE_OUTER_BOUND ( 'NONE', #3745, .T. ) ;
#2626 = DIRECTION ( 'NONE',  ( -1.000000000000000000, 0.0000000000000000000, 0.0000000000000000000 ) ) ;
#2627 = CARTESIAN_POINT ( 'NONE',  ( 25.09999999999998721, 39.20000000000001705, 50.00000000000000000 ) ) ;
#2628 = VECTOR ( 'NONE', #231, 1000.000000000000000 ) ;
#2629 = CARTESIAN_POINT ( 'NONE',  ( 31.55000000000037019, 7.449999999999999289, 50.00000000000000000 ) ) ;
#2630 = ORIENTED_EDGE ( 'NONE', *, *, #5564, .T. ) ;
#2631 = CARTESIAN_POINT ( 'NONE',  ( 1.199999999999998623, 24.30000000000001492, 0.0000000000000000000 ) ) ;
#2632 = DIRECTION ( 'NONE',  ( 0.7071067811865479058, 0.7071067811865472397, -0.0000000000000000000 ) ) ;
#2633 = CARTESIAN_POINT ( 'NONE',  ( 0.1999999999999988176, 25.30000000000001847, 0.0000000000000000000 ) ) ;
#2634 = LINE ( 'NONE', #2241, #5287 ) ;
#2635 = EDGE_CURVE ( 'NONE', #6149, #5336, #1363, .T. ) ;
#2636 = ORIENTED_EDGE ( 'NONE', *, *, #5227, .F. ) ;
#2637 = DIRECTION ( 'NONE',  ( -0.0000000000000000000, 1.000000000000000000, -0.0000000000000000000 ) ) ;
#2638 = EDGE_CURVE ( 'NONE', #3498, #1228, #3818, .T. ) ;
#2639 = CARTESIAN_POINT ( 'NONE',  ( 38.50000000000027001, 27.40000000000258495, 50.00000000000000000 ) ) ;
#2640 = ORIENTED_EDGE ( 'NONE', *, *, #3640, .F. ) ;
#2641 = EDGE_CURVE ( 'NONE', #635, #2031, #5267, .T. ) ;
#2642 = AXIS2_PLACEMENT_3D ( 'NONE', #472, #827, #5754 ) ;
#2643 = AXIS2_PLACEMENT_3D ( 'NONE', #1023, #2595, #2995 ) ;
#2644 = AXIS2_PLACEMENT_3D ( 'NONE', #3709, #1764, #767 ) ;
#2645 = VERTEX_POINT ( 'NONE', #387 ) ;
#2646 = DIRECTION ( 'NONE',  ( 0.0000000000000000000, 0.0000000000000000000, 1.000000000000000000 ) ) ;
#2647 = CARTESIAN_POINT ( 'NONE',  ( 1.500000000000001332, 12.60000000000001030, 0.0000000000000000000 ) ) ;
#2648 = AXIS2_PLACEMENT_3D ( 'NONE', #2337, #4241, #6229 ) ;
#2649 = VECTOR ( 'NONE', #3052, 1000.000000000000000 ) ;
#2650 = ORIENTED_EDGE ( 'NONE', *, *, #6170, .T. ) ;
#2651 = VERTEX_POINT ( 'NONE', #4750 ) ;
#2652 = ORIENTED_EDGE ( 'NONE', *, *, #6084, .F. ) ;
#2653 = AXIS2_PLACEMENT_3D ( 'NONE', #1017, #2038, #4015 ) ;
#2654 = ORIENTED_EDGE ( 'NONE', *, *, #522, .F. ) ;
#2655 = CARTESIAN_POINT ( 'NONE',  ( 1.500000000000000666, 27.40000000000002345, 0.0000000000000000000 ) ) ;
#2656 = DIRECTION ( 'NONE',  ( -1.000000000000000000, 0.0000000000000000000, 0.0000000000000000000 ) ) ;
#2657 = ORIENTED_EDGE ( 'NONE', *, *, #5395, .F. ) ;
#2658 = EDGE_CURVE ( 'NONE', #6374, #551, #5909, .T. ) ;
#2659 = CARTESIAN_POINT ( 'NONE',  ( 37.50000000000008527, 30.24999999999955236, 50.00000000000000000 ) ) ;
#2660 = AXIS2_PLACEMENT_3D ( 'NONE', #2329, #4304, #3821 ) ;
#2661 = DIRECTION ( 'NONE',  ( -0.0000000000000000000, -0.0000000000000000000, -1.000000000000000000 ) ) ;
#2662 = DIRECTION ( 'NONE',  ( -0.0000000000000000000, -0.0000000000000000000, -1.000000000000000000 ) ) ;
#2663 = EDGE_CURVE ( 'NONE', #810, #2486, #3209, .T. ) ;
#2664 = EDGE_LOOP ( 'NONE', ( #6305, #4200, #1521, #342, #2652, #6125, #3464, #1492 ) ) ;
#2665 = LINE ( 'NONE', #4628, #2938 ) ;
#2666 = ORIENTED_EDGE ( 'NONE', *, *, #3293, .T. ) ;
#2667 = LINE ( 'NONE', #197, #521 ) ;
#2668 = CARTESIAN_POINT ( 'NONE',  ( 35.80000000000002558, 26.10000000000248122, 0.0000000000000000000 ) ) ;
#2669 = LINE ( 'NONE', #3665, #4373 ) ;
#2670 = LINE ( 'NONE', #3186, #1268 ) ;
#2671 = ORIENTED_EDGE ( 'NONE', *, *, #3704, .T. ) ;
#2672 = LINE ( 'NONE', #4572, #6405 ) ;
#2673 = CYLINDRICAL_SURFACE ( 'NONE', #5332, 0.3000000000000016542 ) ;
#2674 = VERTEX_POINT ( 'NONE', #3336 ) ;
#2675 = CARTESIAN_POINT ( 'NONE',  ( 37.69999999999999574, 32.55000000000008242, 0.0000000000000000000 ) ) ;
#2676 = VERTEX_POINT ( 'NONE', #1740 ) ;
#2677 = DIRECTION ( 'NONE',  ( -1.000000000000000000, 0.0000000000000000000, 0.0000000000000000000 ) ) ;
#2678 = CARTESIAN_POINT ( 'NONE',  ( 25.09999999999998721, 0.2000000000000014266, 50.00000000000000000 ) ) ;
#2679 = ORIENTED_EDGE ( 'NONE', *, *, #6351, .F. ) ;
#2680 = ORIENTED_EDGE ( 'NONE', *, *, #5969, .T. ) ;
#2681 = ORIENTED_EDGE ( 'NONE', *, *, #868, .T. ) ;
#2682 = ORIENTED_EDGE ( 'NONE', *, *, #265, .T. ) ;
#2683 = EDGE_CURVE ( 'NONE', #6041, #2424, #2817, .T. ) ;
#2684 = DIRECTION ( 'NONE',  ( -1.000000000000000000, 0.0000000000000000000, 0.0000000000000000000 ) ) ;
#2685 = LINE ( 'NONE', #4074, #59 ) ;
#2686 = VECTOR ( 'NONE', #1637, 1000.000000000000000 ) ;
#2687 = VERTEX_POINT ( 'NONE', #6251 ) ;
#2688 = CARTESIAN_POINT ( 'NONE',  ( 24.89999999999998792, 0.7999999999999999334, 50.00000000000000000 ) ) ;
#2689 = DIRECTION ( 'NONE',  ( -0.0000000000000000000, -0.0000000000000000000, -1.000000000000000000 ) ) ;
#2690 = LINE ( 'NONE', #3145, #4978 ) ;
#2691 = EDGE_LOOP ( 'NONE', ( #3518, #2166, #1735, #1686 ) ) ;
#2692 = FACE_OUTER_BOUND ( 'NONE', #5731, .T. ) ;
#2693 = VECTOR ( 'NONE', #3717, 1000.000000000000000 ) ;
#2694 = ORIENTED_EDGE ( 'NONE', *, *, #3317, .T. ) ;
#2695 = DIRECTION ( 'NONE',  ( -0.0000000000000000000, -0.0000000000000000000, -1.000000000000000000 ) ) ;
#2696 = EDGE_CURVE ( 'NONE', #5199, #845, #4341, .T. ) ;
#2697 = DIRECTION ( 'NONE',  ( -0.0000000000000000000, -0.0000000000000000000, -1.000000000000000000 ) ) ;
#2698 = VECTOR ( 'NONE', #3727, 1000.000000000000000 ) ;
#2699 = DIRECTION ( 'NONE',  ( -1.000000000000000000, 0.0000000000000000000, 0.0000000000000000000 ) ) ;
#2700 = DIRECTION ( 'NONE',  ( -0.0000000000000000000, 1.000000000000000000, -0.0000000000000000000 ) ) ;
#2701 = VECTOR ( 'NONE', #2350, 1000.000000000000000 ) ;
#2702 = ORIENTED_EDGE ( 'NONE', *, *, #5993, .T. ) ;
#2703 = EDGE_CURVE ( 'NONE', #5378, #1644, #838, .T. ) ;
#2704 = DIRECTION ( 'NONE',  ( -0.0000000000000000000, -0.0000000000000000000, -1.000000000000000000 ) ) ;
#2705 = EDGE_CURVE ( 'NONE', #5129, #773, #3851, .T. ) ;
#2706 = DIRECTION ( 'NONE',  ( -1.000000000000000000, 0.0000000000000000000, 0.0000000000000000000 ) ) ;
#2707 = VERTEX_POINT ( 'NONE', #3301 ) ;
#2708 = CARTESIAN_POINT ( 'NONE',  ( 4.500000000000367706, 4.499999999999868550, 0.0000000000000000000 ) ) ;
#2709 = VECTOR ( 'NONE', #5812, 1000.000000000000000 ) ;
#2710 = AXIS2_PLACEMENT_3D ( 'NONE', #3453, #102, #991 ) ;
#2711 = FACE_OUTER_BOUND ( 'NONE', #5487, .T. ) ;
#2712 = VECTOR ( 'NONE', #6378, 1000.000000000000000 ) ;
#2713 = ORIENTED_EDGE ( 'NONE', *, *, #2490, .F. ) ;
#2714 = ORIENTED_EDGE ( 'NONE', *, *, #67, .T. ) ;
#2715 = CIRCLE ( 'NONE', #856, 0.1999999999999987899 ) ;
#2716 = ORIENTED_EDGE ( 'NONE', *, *, #3683, .T. ) ;
#2717 = ADVANCED_FACE ( 'NONE', ( #2395 ), #4720, .F. ) ;
#2718 = AXIS2_PLACEMENT_3D ( 'NONE', #2357, #5367, #3911 ) ;
#2719 = ORIENTED_EDGE ( 'NONE', *, *, #5777, .F. ) ;
#2720 = DIRECTION ( 'NONE',  ( -0.0000000000000000000, 1.000000000000000000, -0.0000000000000000000 ) ) ;
#2721 = LINE ( 'NONE', #156, #1714 ) ;
#2722 = VECTOR ( 'NONE', #3185, 1000.000000000000000 ) ;
#2723 = EDGE_LOOP ( 'NONE', ( #1544, #5061, #5140, #1534 ) ) ;
#2725 = CARTESIAN_POINT ( 'NONE',  ( 2.300000000000373745, 8.449999999999795008, 0.0000000000000000000 ) ) ;
#2724 = AXIS2_PLACEMENT_3D ( 'NONE', #1718, #1307, #4208 ) ;
#2726 = EDGE_CURVE ( 'NONE', #3779, #3386, #5158, .T. ) ;
#2727 = LINE ( 'NONE', #2230, #4253 ) ;
#2728 = PLANE ( 'NONE',  #1475 ) ;
#2729 = EDGE_CURVE ( 'NONE', #881, #1770, #1650, .T. ) ;
#2730 = ORIENTED_EDGE ( 'NONE', *, *, #264, .T. ) ;
#2731 = DIRECTION ( 'NONE',  ( 1.000000000000000000, 0.0000000000000000000, 0.0000000000000000000 ) ) ;
#2732 = ORIENTED_EDGE ( 'NONE', *, *, #2749, .F. ) ;
#2733 = DIRECTION ( 'NONE',  ( 0.0000000000000000000, -0.0000000000000000000, -1.000000000000000000 ) ) ;
#2734 = CARTESIAN_POINT ( 'NONE',  ( 31.55000000000037019, 7.449999999999999289, 0.0000000000000000000 ) ) ;
#2735 = CARTESIAN_POINT ( 'NONE',  ( 30.25000000000000000, 2.500000000000007550, 50.00000000000000000 ) ) ;
#2736 = DIRECTION ( 'NONE',  ( 1.594351493229579034E-16, 1.000000000000000000, 0.0000000000000000000 ) ) ;
#2737 = CIRCLE ( 'NONE', #3560, 3.200000000000001066 ) ;
#2738 = ORIENTED_EDGE ( 'NONE', *, *, #6170, .F. ) ;
#2739 = DIRECTION ( 'NONE',  ( 0.0000000000000000000, -1.000000000000000000, 0.0000000000000000000 ) ) ;
#2740 = CARTESIAN_POINT ( 'NONE',  ( 1.500000000000001332, 12.60000000000001030, 50.00000000000000000 ) ) ;
#2741 = EDGE_CURVE ( 'NONE', #1864, #6085, #3783, .T. ) ;
#2742 =( LENGTH_UNIT ( ) NAMED_UNIT ( * ) SI_UNIT ( .MILLI., .METRE. ) );
#2744 = VERTEX_POINT ( 'NONE', #1805 ) ;
#2743 = EDGE_CURVE ( 'NONE', #186, #963, #4785, .T. ) ;
#2745 = CARTESIAN_POINT ( 'NONE',  ( 14.82842712474615787, 26.58578643762691129, 0.0000000000000000000 ) ) ;
#2746 = CARTESIAN_POINT ( 'NONE',  ( 0.7999999999999972689, 25.10000000000001918, 50.00000000000000000 ) ) ;
#2747 = ORIENTED_EDGE ( 'NONE', *, *, #779, .F. ) ;
#2748 = EDGE_LOOP ( 'NONE', ( #16, #1666, #5779, #499 ) ) ;
#2749 = EDGE_CURVE ( 'NONE', #4058, #5953, #355, .T. ) ;
#2750 = ORIENTED_EDGE ( 'NONE', *, *, #601, .T. ) ;
#2751 = ORIENTED_EDGE ( 'NONE', *, *, #3998, .F. ) ;
#2752 = LINE ( 'NONE', #807, #6128 ) ;
#2753 = DIRECTION ( 'NONE',  ( 1.000000000000000000, -0.0000000000000000000, -0.0000000000000000000 ) ) ;
#2754 = VECTOR ( 'NONE', #6387, 1000.000000000000000 ) ;
#2755 = CIRCLE ( 'NONE', #576, 0.2999999999999999334 ) ;
#2756 = CARTESIAN_POINT ( 'NONE',  ( 35.79999999999999005, 15.89999999999928271, 50.00000000000000000 ) ) ;
#2757 = ADVANCED_FACE ( 'NONE', ( #2326 ), #4299, .F. ) ;
#2758 = VERTEX_POINT ( 'NONE', #1517 ) ;
#2759 = CARTESIAN_POINT ( 'NONE',  ( 26.00000000000038369, 23.75735931288024005, 50.00000000000000000 ) ) ;
#2760 = CARTESIAN_POINT ( 'NONE',  ( 38.80000000000001137, 15.89999999999928271, 50.00000000000000000 ) ) ;
#2761 = CIRCLE ( 'NONE', #6384, 0.2000000000000005107 ) ;
#2762 = EDGE_LOOP ( 'NONE', ( #6376, #766, #3747, #1826 ) ) ;
#2763 = CARTESIAN_POINT ( 'NONE',  ( 39.00000000000000711, 15.10000000000001918, 50.00000000000000000 ) ) ;
#2764 = VERTEX_POINT ( 'NONE', #5497 ) ;
#2765 = DIRECTION ( 'NONE',  ( -0.0000000000000000000, -0.0000000000000000000, -1.000000000000000000 ) ) ;
#2766 = CARTESIAN_POINT ( 'NONE',  ( 30.25000000000000355, 7.507359312880496738, 50.00000000000000000 ) ) ;
#2767 = CIRCLE ( 'NONE', #5652, 1.999999999999998224 ) ;
#2768 = EDGE_CURVE ( 'NONE', #750, #2397, #5863, .T. ) ;
#2769 = LINE ( 'NONE', #1373, #1618 ) ;
#2770 = CYLINDRICAL_SURFACE ( 'NONE', #2286, 1.000000000000000888 ) ;
#2771 = FACE_OUTER_BOUND ( 'NONE', #930, .T. ) ;
#2772 = ORIENTED_EDGE ( 'NONE', *, *, #2369, .T. ) ;
#2773 = PLANE ( 'NONE',  #221 ) ;
#2774 = ADVANCED_FACE ( 'NONE', ( #1543 ), #514, .T. ) ;
#2775 = CARTESIAN_POINT ( 'NONE',  ( 31.55000000000004334, 32.55000000000008242, 50.00000000000000000 ) ) ;
#2776 = CARTESIAN_POINT ( 'NONE',  ( 27.40000000000044977, 38.50000000000004263, 50.00000000000000000 ) ) ;
#2777 = VERTEX_POINT ( 'NONE', #5896 ) ;
#2778 = LINE ( 'NONE', #3325, #3992 ) ;
#2779 = CARTESIAN_POINT ( 'NONE',  ( 11.74999999999999822, 7.507359312880714342, 50.00000000000000000 ) ) ;
#2780 = EDGE_CURVE ( 'NONE', #2328, #3415, #1937, .T. ) ;
#2781 = ORIENTED_EDGE ( 'NONE', *, *, #1098, .T. ) ;
#2782 = ORIENTED_EDGE ( 'NONE', *, *, #2490, .T. ) ;
#2783 = ORIENTED_EDGE ( 'NONE', *, *, #4367, .T. ) ;
#2784 = CIRCLE ( 'NONE', #819, 1.000000000000000888 ) ;
#2785 = ORIENTED_EDGE ( 'NONE', *, *, #326, .T. ) ;
#2786 = DIRECTION ( 'NONE',  ( 0.0000000000000000000, 0.0000000000000000000, 1.000000000000000000 ) ) ;
#2787 = DIRECTION ( 'NONE',  ( -1.000000000000000000, 0.0000000000000000000, 0.0000000000000000000 ) ) ;
#2788 = DIRECTION ( 'NONE',  ( -1.000000000000000000, -0.0000000000000000000, -0.0000000000000000000 ) ) ;
#2789 = ORIENTED_EDGE ( 'NONE', *, *, #1607, .T. ) ;
#2790 = PLANE ( 'NONE',  #586 ) ;
#2791 = FACE_OUTER_BOUND ( 'NONE', #4550, .T. ) ;
#2792 = ORIENTED_EDGE ( 'NONE', *, *, #4902, .T. ) ;
#2793 = DIRECTION ( 'NONE',  ( 0.0000000000000000000, 0.0000000000000000000, 1.000000000000000000 ) ) ;
#2794 = DIRECTION ( 'NONE',  ( -1.000000000000000000, 0.0000000000000000000, 0.0000000000000000000 ) ) ;
#2795 = CYLINDRICAL_SURFACE ( 'NONE', #103, 3.200000000000001066 ) ;
#2796 = DIRECTION ( 'NONE',  ( 0.0000000000000000000, -1.000000000000000000, 0.0000000000000000000 ) ) ;
#2797 = LINE ( 'NONE', #5746, #5120 ) ;
#2798 = ORIENTED_EDGE ( 'NONE', *, *, #2741, .T. ) ;
#2799 = CARTESIAN_POINT ( 'NONE',  ( 1.300000000000051115, 35.49999999999977263, 0.0000000000000000000 ) ) ;
#2800 = CARTESIAN_POINT ( 'NONE',  ( 4.199999999999999289, 15.90000000000001812, 50.00000000000000000 ) ) ;
#2801 = ORIENTED_EDGE ( 'NONE', *, *, #2570, .T. ) ;
#2802 = EDGE_CURVE ( 'NONE', #956, #4744, #454, .T. ) ;
#2803 = PLANE ( 'NONE',  #5183 ) ;
#2804 = DIRECTION ( 'NONE',  ( -1.000000000000000000, 0.0000000000000000000, 0.0000000000000000000 ) ) ;
#2805 = VECTOR ( 'NONE', #3015, 1000.000000000000000 ) ;
#2806 = EDGE_CURVE ( 'NONE', #450, #4296, #2522, .T. ) ;
#2807 = CARTESIAN_POINT ( 'NONE',  ( 12.60000000000082565, 37.50000000000004263, 50.00000000000000000 ) ) ;
#2808 = ORIENTED_EDGE ( 'NONE', *, *, #2212, .T. ) ;
#2809 = CARTESIAN_POINT ( 'NONE',  ( 0.7999999999999970468, 14.90000000000001812, 50.00000000000000000 ) ) ;
#2810 = CARTESIAN_POINT ( 'NONE',  ( 23.75735931288058822, 12.00000000000000178, 50.00000000000000000 ) ) ;
#2811 = ORIENTED_EDGE ( 'NONE', *, *, #6008, .F. ) ;
#2812 = VERTEX_POINT ( 'NONE', #6350 ) ;
#2813 = ORIENTED_EDGE ( 'NONE', *, *, #587, .F. ) ;
#2814 = AXIS2_PLACEMENT_3D ( 'NONE', #3512, #6040, #1598 ) ;
#2815 = ORIENTED_EDGE ( 'NONE', *, *, #502, .T. ) ;
#2816 = LINE ( 'NONE', #1034, #1986 ) ;
#2817 = LINE ( 'NONE', #5339, #1856 ) ;
#2818 = CARTESIAN_POINT ( 'NONE',  ( 26.09999999999998010, 4.200000000000000178, 50.00000000000000000 ) ) ;
#2819 = VECTOR ( 'NONE', #837, 1000.000000000000000 ) ;
#2820 = VECTOR ( 'NONE', #3756, 1000.000000000000000 ) ;
#2821 = ORIENTED_EDGE ( 'NONE', *, *, #3082, .T. ) ;
#2822 = CARTESIAN_POINT ( 'NONE',  ( 10.75000000000000000, 37.50000000000004263, 0.0000000000000000000 ) ) ;
#2823 = CARTESIAN_POINT ( 'NONE',  ( 35.49999999999997158, 0.0000000000000000000, 50.00000000000000000 ) ) ;
#2824 = EDGE_CURVE ( 'NONE', #1770, #5888, #486, .T. ) ;
#2825 = ORIENTED_EDGE ( 'NONE', *, *, #2217, .T. ) ;
#2826 = FACE_OUTER_BOUND ( 'NONE', #539, .T. ) ;
#2827 = DIRECTION ( 'NONE',  ( -1.000000000000000000, 0.0000000000000000000, 0.0000000000000000000 ) ) ;
#2828 = AXIS2_PLACEMENT_3D ( 'NONE', #3215, #654, #3963 ) ;
#2829 = DIRECTION ( 'NONE',  ( -6.928695815834735258E-16, -1.000000000000000000, 0.0000000000000000000 ) ) ;
#2830 = ADVANCED_FACE ( 'NONE', ( #3978 ), #1968, .F. ) ;
#2831 = DIRECTION ( 'NONE',  ( -1.000000000000000000, 0.0000000000000000000, 0.0000000000000000000 ) ) ;
#2832 = VECTOR ( 'NONE', #5275, 1000.000000000000000 ) ;
#2833 = DIRECTION ( 'NONE',  ( 0.0000000000000000000, 0.0000000000000000000, 1.000000000000000000 ) ) ;
#2834 = EDGE_LOOP ( 'NONE', ( #3092, #4489, #4583, #5262 ) ) ;
#2835 = CIRCLE ( 'NONE', #5089, 1.000000000000000000 ) ;
#2836 = CARTESIAN_POINT ( 'NONE',  ( 4.500000000000019540, 40.00000000000001421, 0.0000000000000000000 ) ) ;
#2837 = CARTESIAN_POINT ( 'NONE',  ( 24.89999999999998437, 1.000000000000000000, 0.0000000000000000000 ) ) ;
#2838 = EDGE_LOOP ( 'NONE', ( #56, #3078, #6408, #5312 ) ) ;
#2839 = DIRECTION ( 'NONE',  ( -0.0000000000000000000, -0.0000000000000000000, -1.000000000000000000 ) ) ;
#2840 = EDGE_CURVE ( 'NONE', #732, #669, #3616, .T. ) ;
#2841 = DIRECTION ( 'NONE',  ( -0.0000000000000000000, -0.0000000000000000000, -1.000000000000000000 ) ) ;
#2842 = CARTESIAN_POINT ( 'NONE',  ( 32.55000000000037375, 1.300000000000078870, 50.00000000000000000 ) ) ;
#2843 = VERTEX_POINT ( 'NONE', #4914 ) ;
#2844 = CARTESIAN_POINT ( 'NONE',  ( 24.29999999999998295, 38.80000000000001847, 0.0000000000000000000 ) ) ;
#2845 = DIRECTION ( 'NONE',  ( -0.0000000000000000000, -0.0000000000000000000, -1.000000000000000000 ) ) ;
#2846 = EDGE_CURVE ( 'NONE', #3033, #5002, #4643, .T. ) ;
#2847 = ORIENTED_EDGE ( 'NONE', *, *, #2806, .T. ) ;
#2848 = ORIENTED_EDGE ( 'NONE', *, *, #4321, .F. ) ;
#2849 = FACE_OUTER_BOUND ( 'NONE', #452, .T. ) ;
#2850 = VERTEX_POINT ( 'NONE', #3882 ) ;
#2851 = ORIENTED_EDGE ( 'NONE', *, *, #4533, .T. ) ;
#2852 = DIRECTION ( 'NONE',  ( -1.347358039593656392E-15, -1.000000000000000000, 0.0000000000000000000 ) ) ;
#2853 = DIRECTION ( 'NONE',  ( -0.0000000000000000000, -0.0000000000000000000, -1.000000000000000000 ) ) ;
#2854 = DIRECTION ( 'NONE',  ( 0.0000000000000000000, -0.0000000000000000000, 1.000000000000000000 ) ) ;
#2855 = EDGE_CURVE ( 'NONE', #4382, #1515, #719, .T. ) ;
#2856 = ORIENTED_EDGE ( 'NONE', *, *, #4307, .F. ) ;
#2857 = DIRECTION ( 'NONE',  ( -0.0000000000000000000, -0.0000000000000000000, -1.000000000000000000 ) ) ;
#2858 = DIRECTION ( 'NONE',  ( -0.0000000000000000000, 1.000000000000000000, -0.0000000000000000000 ) ) ;
#2859 = VECTOR ( 'NONE', #4248, 1000.000000000000000 ) ;
#2860 = ORIENTED_EDGE ( 'NONE', *, *, #1568, .F. ) ;
#2861 = DIRECTION ( 'NONE',  ( -1.000000000000000000, 0.0000000000000000000, 0.0000000000000000000 ) ) ;
#2862 = VECTOR ( 'NONE', #4502, 1000.000000000000000 ) ;
#2863 = DIRECTION ( 'NONE',  ( -3.614007241618369971E-16, -1.000000000000000000, 0.0000000000000000000 ) ) ;
#2864 = DIRECTION ( 'NONE',  ( 0.0000000000000000000, -0.0000000000000000000, -1.000000000000000000 ) ) ;
#2865 = ADVANCED_FACE ( 'NONE', ( #3916 ), #4944, .T. ) ;
#2866 = DIRECTION ( 'NONE',  ( -0.0000000000000000000, -0.0000000000000000000, -1.000000000000000000 ) ) ;
#2867 = CIRCLE ( 'NONE', #679, 0.1999999999999987899 ) ;
#2868 = LINE ( 'NONE', #1314, #743 ) ;
#2869 = FACE_OUTER_BOUND ( 'NONE', #6189, .T. ) ;
#2870 = ADVANCED_FACE ( 'NONE', ( #975 ), #5958, .F. ) ;
#2871 = ORIENTED_EDGE ( 'NONE', *, *, #4156, .T. ) ;
#2872 = CIRCLE ( 'NONE', #2975, 1.000000000000000000 ) ;
#2873 = LINE ( 'NONE', #403, #4051 ) ;
#2874 = CARTESIAN_POINT ( 'NONE',  ( 7.450000000000308376, 1.299999999999867262, 50.00000000000000000 ) ) ;
#2875 = ORIENTED_EDGE ( 'NONE', *, *, #6173, .T. ) ;
#2876 = DIRECTION ( 'NONE',  ( 0.0000000000000000000, 0.0000000000000000000, 1.000000000000000000 ) ) ;
#2877 = ORIENTED_EDGE ( 'NONE', *, *, #126, .F. ) ;
#2878 = ORIENTED_EDGE ( 'NONE', *, *, #5570, .T. ) ;
#2879 = DIRECTION ( 'NONE',  ( -1.000000000000000000, 0.0000000000000000000, 0.0000000000000000000 ) ) ;
#2880 = ORIENTED_EDGE ( 'NONE', *, *, #1181, .T. ) ;
#2881 = ORIENTED_EDGE ( 'NONE', *, *, #2084, .F. ) ;
#2882 = CARTESIAN_POINT ( 'NONE',  ( 15.89999999999998437, 1.200000000000001066, 50.00000000000000000 ) ) ;
#2883 = EDGE_CURVE ( 'NONE', #6025, #5980, #6207, .T. ) ;
#2884 = CARTESIAN_POINT ( 'NONE',  ( 0.9999999999999981126, 24.90000000000001634, 50.00000000000000000 ) ) ;
#2885 = DIRECTION ( 'NONE',  ( -0.0000000000000000000, -0.0000000000000000000, -1.000000000000000000 ) ) ;
#2886 = EDGE_LOOP ( 'NONE', ( #1148, #6407, #3695, #3102, #11, #6358, #578, #3490, #1771, #4792, #2187, #4308, #3884, #6366, #3369, #6048, #1390, #4195, #1537, #5544, #218, #1261, #6287, #4856, #4991, #3650, #2719, #5952, #3649, #2297, #4223, #2903, #905, #602, #6234, #5804, #406, #2525, #2636, #4116, #82, #5467, #2890, #2505, #1306, #1994, #5423, #2053, #3180, #5270, #3972, #5009, #4618, #941, #1541, #3197, #1162, #770, #393, #2387, #4816, #1610, #5071, #2747, #270, #1742, #4801, #1622, #2908, #512, #798, #1457, #976, #152, #4491, #4039, #4141, #3937, #5534, #1259, #4085, #4390, #1491, #4089, #5911, #2922, #3234, #5038, #1763, #88, #2146, #5303, #4798, #1447, #414, #2811, #3032, #2616, #2527, #2898, #3580, #2070, #3514, #1166, #504, #5902, #3142, #1027, #3170, #1030, #3258, #3689, #5646, #4099, #1336, #2848, #1293, #6300, #832, #3900, #4716, #5011, #977, #2732, #6183, #1272, #890, #3494, #1189, #5795, #2981, #3425, #2551, #194, #3358, #5872, #4809, #5889, #1910, #3009, #6318, #4696, #3919, #5691, #792, #5445, #1628, #4612, #3095, #3374, #2946, #258 ) ) ;
#2887 = DIRECTION ( 'NONE',  ( 0.0000000000000000000, 0.0000000000000000000, 1.000000000000000000 ) ) ;
#2888 = LINE ( 'NONE', #1845, #1574 ) ;
#2889 = ADVANCED_FACE ( 'NONE', ( #2462 ), #4973, .T. ) ;
#2890 = ORIENTED_EDGE ( 'NONE', *, *, #900, .F. ) ;
#2891 = LINE ( 'NONE', #426, #1761 ) ;
#2892 = FACE_OUTER_BOUND ( 'NONE', #4596, .T. ) ;
#2893 = DIRECTION ( 'NONE',  ( -1.000000000000000000, -3.464347907917258175E-16, 0.0000000000000000000 ) ) ;
#2894 = CARTESIAN_POINT ( 'NONE',  ( 10.75000000000000533, 1.499999999999999334, 50.00000000000000000 ) ) ;
#2895 = CYLINDRICAL_SURFACE ( 'NONE', #227, 1.000000000000000444 ) ;
#2896 = EDGE_CURVE ( 'NONE', #223, #3618, #546, .T. ) ;
#2897 = DIRECTION ( 'NONE',  ( 0.0000000000000000000, 0.0000000000000000000, 1.000000000000000000 ) ) ;
#2898 = ORIENTED_EDGE ( 'NONE', *, *, #3296, .F. ) ;
#2899 = VECTOR ( 'NONE', #1425, 1000.000000000000000 ) ;
#2900 = DIRECTION ( 'NONE',  ( -1.000000000000000000, -4.704334850106715110E-15, -0.0000000000000000000 ) ) ;
#2901 = DIRECTION ( 'NONE',  ( 0.0000000000000000000, -1.000000000000000000, 0.0000000000000000000 ) ) ;
#2902 = EDGE_CURVE ( 'NONE', #4684, #214, #1702, .T. ) ;
#2903 = ORIENTED_EDGE ( 'NONE', *, *, #5669, .F. ) ;
#2904 = DIRECTION ( 'NONE',  ( -0.0000000000000000000, -0.0000000000000000000, -1.000000000000000000 ) ) ;
#2905 = AXIS2_PLACEMENT_3D ( 'NONE', #5040, #3686, #1677 ) ;
#2906 = EDGE_CURVE ( 'NONE', #5980, #5067, #6146, .T. ) ;
#2907 = VECTOR ( 'NONE', #4934, 1000.000000000000000 ) ;
#2908 = ORIENTED_EDGE ( 'NONE', *, *, #2173, .F. ) ;
#2909 = VERTEX_POINT ( 'NONE', #4094 ) ;
#2910 = CARTESIAN_POINT ( 'NONE',  ( 13.60000000000082743, 37.50000000000003553, 50.00000000000000000 ) ) ;
#2911 = EDGE_LOOP ( 'NONE', ( #4873, #5442, #4535, #1899 ) ) ;
#2912 = CIRCLE ( 'NONE', #6011, 1.000000000000000888 ) ;
#2913 = ORIENTED_EDGE ( 'NONE', *, *, #3293, .F. ) ;
#2914 = CARTESIAN_POINT ( 'NONE',  ( 15.59999999999998188, 4.500000000000000000, 50.00000000000000000 ) ) ;
#2915 = DIRECTION ( 'NONE',  ( -0.0000000000000000000, -0.0000000000000000000, -1.000000000000000000 ) ) ;
#2916 = FACE_OUTER_BOUND ( 'NONE', #177, .T. ) ;
#2917 = VERTEX_POINT ( 'NONE', #87 ) ;
#2918 = DIRECTION ( 'NONE',  ( 1.000000000000000000, 0.0000000000000000000, 0.0000000000000000000 ) ) ;
#2919 = EDGE_CURVE ( 'NONE', #2651, #4702, #604, .T. ) ;
#2920 = CARTESIAN_POINT ( 'NONE',  ( 1.500000000000000666, 27.40000000000002345, 50.00000000000000000 ) ) ;
#2921 = EDGE_LOOP ( 'NONE', ( #1333, #4920, #1462, #516 ) ) ;
#2922 = ORIENTED_EDGE ( 'NONE', *, *, #3060, .F. ) ;
#2923 = DIRECTION ( 'NONE',  ( -0.0000000000000000000, -0.0000000000000000000, -1.000000000000000000 ) ) ;
#2924 = LINE ( 'NONE', #5352, #1001 ) ;
#2925 = AXIS2_PLACEMENT_3D ( 'NONE', #4736, #2704, #5221 ) ;
#2926 = VECTOR ( 'NONE', #2028, 1000.000000000000000 ) ;
#2927 = CIRCLE ( 'NONE', #5396, 1.000000000000000888 ) ;
#2928 = EDGE_CURVE ( 'NONE', #4976, #4871, #2272, .T. ) ;
#2929 = AXIS2_PLACEMENT_3D ( 'NONE', #351, #648, #709 ) ;
#2930 = CARTESIAN_POINT ( 'NONE',  ( 32.55000000000005400, 31.55000000000007887, 0.0000000000000000000 ) ) ;
#2931 = EDGE_CURVE ( 'NONE', #4348, #550, #6081, .T. ) ;
#2932 = CARTESIAN_POINT ( 'NONE',  ( 1.361730811316063890E-16, 14.70000000000001528, 50.00000000000000000 ) ) ;
#2933 = DIRECTION ( 'NONE',  ( 1.000000000000000000, 0.0000000000000000000, 0.0000000000000000000 ) ) ;
#2934 = CIRCLE ( 'NONE', #5606, 1.000000000000000888 ) ;
#2935 = DIRECTION ( 'NONE',  ( 0.0000000000000000000, 0.0000000000000000000, 1.000000000000000000 ) ) ;
#2936 = ORIENTED_EDGE ( 'NONE', *, *, #4064, .T. ) ;
#2937 = AXIS2_PLACEMENT_3D ( 'NONE', #3554, #5092, #571 ) ;
#2938 = VECTOR ( 'NONE', #96, 1000.000000000000000 ) ;
#2939 = CYLINDRICAL_SURFACE ( 'NONE', #4291, 1.000000000000000000 ) ;
#2940 = CIRCLE ( 'NONE', #4477, 1.000000000000000444 ) ;
#2941 = CARTESIAN_POINT ( 'NONE',  ( 1.500000000000001332, 12.60000000000001030, 0.0000000000000000000 ) ) ;
#2942 = ORIENTED_EDGE ( 'NONE', *, *, #5562, .T. ) ;
#2943 = PLANE ( 'NONE',  #3842 ) ;
#2944 = EDGE_CURVE ( 'NONE', #1639, #810, #3194, .T. ) ;
#2945 = ORIENTED_EDGE ( 'NONE', *, *, #2703, .T. ) ;
#2946 = ORIENTED_EDGE ( 'NONE', *, *, #6139, .F. ) ;
#2947 = DIRECTION ( 'NONE',  ( 0.0000000000000000000, 0.0000000000000000000, -1.000000000000000000 ) ) ;
#2948 = AXIS2_PLACEMENT_3D ( 'NONE', #815, #5435, #2794 ) ;
#2950 = EDGE_LOOP ( 'NONE', ( #5828, #4688, #3354, #1933 ) ) ;
#2949 = DIRECTION ( 'NONE',  ( -1.000000000000000000, 0.0000000000000000000, 0.0000000000000000000 ) ) ;
#2951 = CARTESIAN_POINT ( 'NONE',  ( 38.50000000000036948, 10.74999999999961986, 50.00000000000000000 ) ) ;
#2952 = DIRECTION ( 'NONE',  ( 1.000000000000000000, 0.0000000000000000000, 0.0000000000000000000 ) ) ;
#2953 = ORIENTED_EDGE ( 'NONE', *, *, #1729, .T. ) ;
#2954 = ORIENTED_EDGE ( 'NONE', *, *, #2855, .T. ) ;
#2955 = ORIENTED_EDGE ( 'NONE', *, *, #4238, .T. ) ;
#2956 =( LENGTH_UNIT ( ) NAMED_UNIT ( * ) SI_UNIT ( .MILLI., .METRE. ) );
#2957 = PLANE ( 'NONE',  #940 ) ;
#2958 = LINE ( 'NONE', #5014, #3380 ) ;
#2959 = DIRECTION ( 'NONE',  ( -0.0000000000000000000, -0.0000000000000000000, -1.000000000000000000 ) ) ;
#2960 = PLANE ( 'NONE',  #1376 ) ;
#2962 = DIRECTION ( 'NONE',  ( 0.7071067811865276997, 0.7071067811865674457, -0.0000000000000000000 ) ) ;
#2961 = AXIS2_PLACEMENT_3D ( 'NONE', #108, #2398, #5524 ) ;
#2963 = AXIS2_PLACEMENT_3D ( 'NONE', #344, #1832, #3193 ) ;
#2964 = CARTESIAN_POINT ( 'NONE',  ( 39.80000000000001137, 25.10000000000001918, 0.0000000000000000000 ) ) ;
#2965 = ORIENTED_EDGE ( 'NONE', *, *, #1435, .T. ) ;
#2966 = CARTESIAN_POINT ( 'NONE',  ( 37.70000000000030838, 8.450000000000006395, 50.00000000000000000 ) ) ;
#2967 = CIRCLE ( 'NONE', #3581, 0.3000000000000016542 ) ;
#2968 = AXIS2_PLACEMENT_3D ( 'NONE', #6001, #5424, #6066 ) ;
#2969 = DIRECTION ( 'NONE',  ( -0.0000000000000000000, -0.0000000000000000000, -1.000000000000000000 ) ) ;
#2970 = PLANE ( 'NONE',  #3729 ) ;
#2971 = VECTOR ( 'NONE', #3337, 1000.000000000000000 ) ;
#2972 = ORIENTED_EDGE ( 'NONE', *, *, #1498, .T. ) ;
#2973 = EDGE_CURVE ( 'NONE', #5431, #2195, #2058, .T. ) ;
#2974 = DIRECTION ( 'NONE',  ( -1.000000000000000000, 0.0000000000000000000, 0.0000000000000000000 ) ) ;
#2975 = AXIS2_PLACEMENT_3D ( 'NONE', #984, #585, #3959 ) ;
#2976 = ORIENTED_EDGE ( 'NONE', *, *, #3388, .T. ) ;
#2977 = ORIENTED_EDGE ( 'NONE', *, *, #2896, .F. ) ;
#2978 = CARTESIAN_POINT ( 'NONE',  ( 35.49999999999998579, 40.00000000000000711, 50.00000000000000000 ) ) ;
#2979 = ADVANCED_FACE ( 'NONE', ( #3132 ), #4035, .T. ) ;
#2981 = ORIENTED_EDGE ( 'NONE', *, *, #4136, .F. ) ;
#2980 = CARTESIAN_POINT ( 'NONE',  ( 24.39999999999998437, 4.500000000000000000, 0.0000000000000000000 ) ) ;
#2982 = PLANE ( 'NONE',  #3739 ) ;
#2983 = DIRECTION ( 'NONE',  ( 0.0000000000000000000, -1.000000000000000000, 0.0000000000000000000 ) ) ;
#2984 = EDGE_LOOP ( 'NONE', ( #1423, #4779, #4019, #4250 ) ) ;
#2985 = EDGE_LOOP ( 'NONE', ( #1584, #1009, #4708, #3147 ) ) ;
#2986 = VERTEX_POINT ( 'NONE', #5529 ) ;
#2987 = SURFACE_SIDE_STYLE ('',( #5936 ) ) ;
#2988 = LINE ( 'NONE', #1015, #2169 ) ;
#2989 = CARTESIAN_POINT ( 'NONE',  ( 0.9999999999999985567, 15.10000000000001918, 50.00000000000000000 ) ) ;
#2990 = DIRECTION ( 'NONE',  ( 0.0000000000000000000, 0.0000000000000000000, 1.000000000000000000 ) ) ;
#2991 = FACE_BOUND ( 'NONE', #6052, .T. ) ;
#2992 = CARTESIAN_POINT ( 'NONE',  ( 10.75000000000000000, 2.499999999999999556, 0.0000000000000000000 ) ) ;
#2993 = CYLINDRICAL_SURFACE ( 'NONE', #5513, 0.2000000000000002887 ) ;
#2994 = ORIENTED_EDGE ( 'NONE', *, *, #3136, .T. ) ;
#2995 = DIRECTION ( 'NONE',  ( -1.000000000000000000, 0.0000000000000000000, 0.0000000000000000000 ) ) ;
#2996 = CARTESIAN_POINT ( 'NONE',  ( 2.300000000000057998, 31.54999999999986926, 0.0000000000000000000 ) ) ;
#2997 = EDGE_CURVE ( 'NONE', #810, #4997, #3163, .T. ) ;
#2998 = EDGE_LOOP ( 'NONE', ( #5533, #1965, #3038, #6082 ) ) ;
#2999 = CARTESIAN_POINT ( 'NONE',  ( 25.09999999999998721, 39.20000000000001705, 50.00000000000000000 ) ) ;
#3000 = ADVANCED_FACE ( 'NONE', ( #3614 ), #1188, .F. ) ;
#3001 = VERTEX_POINT ( 'NONE', #113 ) ;
#3002 = ORIENTED_EDGE ( 'NONE', *, *, #2729, .T. ) ;
#3003 = CARTESIAN_POINT ( 'NONE',  ( 1.499999999999999556, 29.24999999999954525, 50.00000000000000000 ) ) ;
#3005 = ORIENTED_EDGE ( 'NONE', *, *, #2445, .T. ) ;
#3004 = CARTESIAN_POINT ( 'NONE',  ( 26.00000000000038369, 23.75735931288024005, 0.0000000000000000000 ) ) ;
#3006 = CARTESIAN_POINT ( 'NONE',  ( 15.69999999999998153, 39.00000000000001421, 50.00000000000000000 ) ) ;
#3007 = CARTESIAN_POINT ( 'NONE',  ( 29.25000000000000000, 37.50000000000004263, 50.00000000000000000 ) ) ;
#3008 = CIRCLE ( 'NONE', #5590, 0.3000000000000016542 ) ;
#3009 = ORIENTED_EDGE ( 'NONE', *, *, #1923, .F. ) ;
#3010 = ORIENTED_EDGE ( 'NONE', *, *, #5190, .F. ) ;
#3011 = CIRCLE ( 'NONE', #428, 0.1999999999999987899 ) ;
#3012 = ORIENTED_EDGE ( 'NONE', *, *, #6067, .T. ) ;
#3013 = VERTEX_POINT ( 'NONE', #632 ) ;
#3014 =( NAMED_UNIT ( * ) PLANE_ANGLE_UNIT ( ) SI_UNIT ( $, .RADIAN. ) );
#3015 = DIRECTION ( 'NONE',  ( -0.0000000000000000000, -0.0000000000000000000, -1.000000000000000000 ) ) ;
#3016 = CARTESIAN_POINT ( 'NONE',  ( 23.75735931288057756, 14.00000000000000178, 50.00000000000000000 ) ) ;
#3017 = EDGE_CURVE ( 'NONE', #4788, #5945, #412, .T. ) ;
#3018 = CARTESIAN_POINT ( 'NONE',  ( 35.49999999999999289, 15.59999999999928022, 50.00000000000000000 ) ) ;
#3019 = DIRECTION ( 'NONE',  ( 6.854200608435435519E-17, -1.000000000000000000, 0.0000000000000000000 ) ) ;
#3020 = FACE_OUTER_BOUND ( 'NONE', #4222, .T. ) ;
#3021 = ADVANCED_FACE ( 'NONE', ( #149 ), #2118, .F. ) ;
#3022 = DIRECTION ( 'NONE',  ( -1.000000000000000000, 0.0000000000000000000, 0.0000000000000000000 ) ) ;
#3023 = ORIENTED_EDGE ( 'NONE', *, *, #5523, .T. ) ;
#3024 = VECTOR ( 'NONE', #1216, 1000.000000000000000 ) ;
#3025 = VECTOR ( 'NONE', #688, 1000.000000000000000 ) ;
#3026 = DIRECTION ( 'NONE',  ( -0.0000000000000000000, -1.000000000000000000, -0.0000000000000000000 ) ) ;
#3027 = AXIS2_PLACEMENT_3D ( 'NONE', #433, #4315, #6299 ) ;
#3028 = EDGE_CURVE ( 'NONE', #1075, #5790, #5131, .T. ) ;
#3029 = VECTOR ( 'NONE', #4077, 1000.000000000000000 ) ;
#3030 = CARTESIAN_POINT ( 'NONE',  ( 24.09999999999998366, 4.199999999999997513, 50.00000000000000000 ) ) ;
#3031 = VECTOR ( 'NONE', #110, 1000.000000000000000 ) ;
#3032 = ORIENTED_EDGE ( 'NONE', *, *, #1646, .F. ) ;
#3033 = VERTEX_POINT ( 'NONE', #3647 ) ;
#3034 = DIRECTION ( 'NONE',  ( 1.000000000000000000, 0.0000000000000000000, 0.0000000000000000000 ) ) ;
#3035 = AXIS2_PLACEMENT_3D ( 'NONE', #5870, #3886, #1430 ) ;
#3036 = CIRCLE ( 'NONE', #3350, 3.200000000000001066 ) ;
#3037 = CARTESIAN_POINT ( 'NONE',  ( 24.89999999999998437, 39.00000000000002132, 0.0000000000000000000 ) ) ;
#3038 = ORIENTED_EDGE ( 'NONE', *, *, #242, .F. ) ;
#3039 = ORIENTED_EDGE ( 'NONE', *, *, #3841, .F. ) ;
#3040 = DIRECTION ( 'NONE',  ( -1.000000000000000000, 0.0000000000000000000, 0.0000000000000000000 ) ) ;
#3041 = VERTEX_POINT ( 'NONE', #2647 ) ;
#3042 = DIRECTION ( 'NONE',  ( -1.000000000000000000, 1.360567432138673116E-15, 0.0000000000000000000 ) ) ;
#3043 = EDGE_CURVE ( 'NONE', #3855, #4620, #4614, .T. ) ;
#3044 = DIRECTION ( 'NONE',  ( -0.0000000000000000000, -0.0000000000000000000, -1.000000000000000000 ) ) ;
#3045 = EDGE_CURVE ( 'NONE', #1223, #5134, #4123, .T. ) ;
#3046 = ADVANCED_FACE ( 'NONE', ( #5624 ), #698, .F. ) ;
#3047 = EDGE_LOOP ( 'NONE', ( #3530, #1549, #4782, #3062 ) ) ;
#3048 = ORIENTED_EDGE ( 'NONE', *, *, #924, .F. ) ;
#3049 = ORIENTED_EDGE ( 'NONE', *, *, #5456, .F. ) ;
#3050 = ADVANCED_FACE ( 'NONE', ( #4159 ), #3292, .T. ) ;
#3051 = CARTESIAN_POINT ( 'NONE',  ( 27.39999999999999147, 1.500000000000000444, 0.0000000000000000000 ) ) ;
#3052 = DIRECTION ( 'NONE',  ( -0.0000000000000000000, -0.0000000000000000000, -1.000000000000000000 ) ) ;
#3053 = LINE ( 'NONE', #5015, #6072 ) ;
#3054 = DIRECTION ( 'NONE',  ( -1.000000000000000000, 0.0000000000000000000, 0.0000000000000000000 ) ) ;
#3055 = FACE_OUTER_BOUND ( 'NONE', #6283, .T. ) ;
#3056 = CARTESIAN_POINT ( 'NONE',  ( 1.199999999999999956, 24.10000000000001563, 50.00000000000000000 ) ) ;
#3057 = VERTEX_POINT ( 'NONE', #1354 ) ;
#3058 = EDGE_CURVE ( 'NONE', #6083, #2424, #3103, .T. ) ;
#3059 = DIRECTION ( 'NONE',  ( -1.000000000000000000, 0.0000000000000000000, 0.0000000000000000000 ) ) ;
#3060 = EDGE_CURVE ( 'NONE', #629, #967, #1292, .T. ) ;
#3061 = LINE ( 'NONE', #1118, #1156 ) ;
#3062 = ORIENTED_EDGE ( 'NONE', *, *, #910, .T. ) ;
#3063 = VECTOR ( 'NONE', #5884, 1000.000000000000000 ) ;
#3064 = CARTESIAN_POINT ( 'NONE',  ( 32.55000000000005400, 38.69999999999998863, 50.00000000000000000 ) ) ;
#3065 = CIRCLE ( 'NONE', #5858, 1.000000000000000888 ) ;
#3066 = LINE ( 'NONE', #458, #2754 ) ;
#3067 = VERTEX_POINT ( 'NONE', #5726 ) ;
#3068 = CIRCLE ( 'NONE', #4090, 0.9999999999999940048 ) ;
#3069 = AXIS2_PLACEMENT_3D ( 'NONE', #5475, #5448, #5041 ) ;
#3070 = DIRECTION ( 'NONE',  ( 0.0000000000000000000, -1.000000000000000000, 0.0000000000000000000 ) ) ;
#3071 = VERTEX_POINT ( 'NONE', #730 ) ;
#3072 = CARTESIAN_POINT ( 'NONE',  ( 20.00000000000000000, 20.00000000000000000, 50.00000000000000000 ) ) ;
#3073 = DIRECTION ( 'NONE',  ( -1.000000000000000000, 0.0000000000000000000, 0.0000000000000000000 ) ) ;
#3074 = CIRCLE ( 'NONE', #1211, 0.2999999999999999334 ) ;
#3075 = VERTEX_POINT ( 'NONE', #2281 ) ;
#3076 = ORIENTED_EDGE ( 'NONE', *, *, #5949, .T. ) ;
#3077 = EDGE_CURVE ( 'NONE', #6248, #5378, #1833, .T. ) ;
#3078 = ORIENTED_EDGE ( 'NONE', *, *, #2780, .F. ) ;
#3079 = LINE ( 'NONE', #3200, #6212 ) ;
#3080 = DIRECTION ( 'NONE',  ( 1.000000000000000000, 0.0000000000000000000, 0.0000000000000000000 ) ) ;
#3081 = DIRECTION ( 'NONE',  ( -1.000000000000000000, 0.0000000000000000000, 0.0000000000000000000 ) ) ;
#3082 = EDGE_CURVE ( 'NONE', #6342, #5627, #1313, .T. ) ;
#3083 = FACE_OUTER_BOUND ( 'NONE', #4219, .T. ) ;
#3084 = VECTOR ( 'NONE', #3646, 1000.000000000000000 ) ;
#3085 = DIRECTION ( 'NONE',  ( 1.172110456741105303E-16, -1.000000000000000000, 0.0000000000000000000 ) ) ;
#3086 = CARTESIAN_POINT ( 'NONE',  ( 9.749999999999998224, 2.500000000000006661, 50.00000000000000000 ) ) ;
#3087 = ORIENTED_EDGE ( 'NONE', *, *, #5986, .T. ) ;
#3088 = CARTESIAN_POINT ( 'NONE',  ( 27.39999999999998437, 2.500000000000000444, 0.0000000000000000000 ) ) ;
#3089 = DIRECTION ( 'NONE',  ( 0.0000000000000000000, 1.000000000000000000, 0.0000000000000000000 ) ) ;
#3090 = CARTESIAN_POINT ( 'NONE',  ( 9.749999999999998224, 32.49264068711924125, 50.00000000000000000 ) ) ;
#3091 = VECTOR ( 'NONE', #2637, 1000.000000000000000 ) ;
#3092 = ORIENTED_EDGE ( 'NONE', *, *, #2449, .F. ) ;
#3093 = PLANE ( 'NONE',  #2476 ) ;
#3094 = DIRECTION ( 'NONE',  ( 1.000000000000000000, 0.0000000000000000000, 0.0000000000000000000 ) ) ;
#3095 = ORIENTED_EDGE ( 'NONE', *, *, #5209, .F. ) ;
#3096 = ADVANCED_FACE ( 'NONE', ( #4254 ), #2316, .F. ) ;
#3097 = PLANE ( 'NONE',  #3546 ) ;
#3099 = ORIENTED_EDGE ( 'NONE', *, *, #5675, .T. ) ;
#3098 = EDGE_CURVE ( 'NONE', #4949, #4997, #1798, .T. ) ;
#3100 = DIRECTION ( 'NONE',  ( 0.0000000000000000000, -0.0000000000000000000, -1.000000000000000000 ) ) ;
#3101 = DIRECTION ( 'NONE',  ( 0.0000000000000000000, -0.0000000000000000000, -1.000000000000000000 ) ) ;
#3102 = ORIENTED_EDGE ( 'NONE', *, *, #1199, .F. ) ;
#3103 = CIRCLE ( 'NONE', #4126, 0.1999999999999987899 ) ;
#3104 = ORIENTED_EDGE ( 'NONE', *, *, #2902, .T. ) ;
#3105 = ORIENTED_EDGE ( 'NONE', *, *, #3968, .T. ) ;
#3106 = LINE ( 'NONE', #3653, #3107 ) ;
#3107 = VECTOR ( 'NONE', #2095, 1000.000000000000000 ) ;
#3108 = LINE ( 'NONE', #4103, #6171 ) ;
#3109 = AXIS2_PLACEMENT_3D ( 'NONE', #1914, #3309, #3279 ) ;
#3110 = LINE ( 'NONE', #6033, #5235 ) ;
#3111 = CARTESIAN_POINT ( 'NONE',  ( 7.449999999999999289, 37.69999999999979678, 50.00000000000000000 ) ) ;
#3112 = LINE ( 'NONE', #6345, #2712 ) ;
#3113 = CARTESIAN_POINT ( 'NONE',  ( 7.449999999999999289, 32.54999999999986926, 50.00000000000000000 ) ) ;
#3114 = EDGE_LOOP ( 'NONE', ( #5164, #5700, #3612, #2681 ) ) ;
#3115 = DIRECTION ( 'NONE',  ( 1.000000000000000000, -1.347358039593656589E-15, 0.0000000000000000000 ) ) ;
#3116 = DIRECTION ( 'NONE',  ( 0.0000000000000000000, 0.0000000000000000000, 1.000000000000000000 ) ) ;
#3117 = EDGE_CURVE ( 'NONE', #1033, #2420, #1325, .T. ) ;
#3118 = ADVANCED_FACE ( 'NONE', ( #3811 ), #2354, .F. ) ;
#3119 = FACE_BOUND ( 'NONE', #81, .T. ) ;
#3120 = DIRECTION ( 'NONE',  ( -0.0000000000000000000, 1.000000000000000000, -0.0000000000000000000 ) ) ;
#3121 = ORIENTED_EDGE ( 'NONE', *, *, #5777, .T. ) ;
#3122 = DIRECTION ( 'NONE',  ( -0.0000000000000000000, -0.0000000000000000000, -1.000000000000000000 ) ) ;
#3123 = AXIS2_PLACEMENT_3D ( 'NONE', #3265, #5237, #6249 ) ;
#3124 = VECTOR ( 'NONE', #331, 1000.000000000000000 ) ;
#3125 = DIRECTION ( 'NONE',  ( -0.0000000000000000000, -0.0000000000000000000, -1.000000000000000000 ) ) ;
#3127 = EDGE_LOOP ( 'NONE', ( #4586, #2123, #1638, #2057 ) ) ;
#3126 = AXIS2_PLACEMENT_3D ( 'NONE', #2591, #4557, #130 ) ;
#3128 = FACE_OUTER_BOUND ( 'NONE', #833, .T. ) ;
#3129 = AXIS2_PLACEMENT_3D ( 'NONE', #4928, #2533, #4414 ) ;
#3130 = ORIENTED_EDGE ( 'NONE', *, *, #4405, .F. ) ;
#3131 = CARTESIAN_POINT ( 'NONE',  ( 1.500000000000000666, 27.40000000000002345, 50.00000000000000000 ) ) ;
#3132 = FACE_OUTER_BOUND ( 'NONE', #1662, .T. ) ;
#3133 = EDGE_CURVE ( 'NONE', #2421, #2519, #3777, .T. ) ;
#3134 = AXIS2_PLACEMENT_3D ( 'NONE', #1085, #5075, #3146 ) ;
#3135 = ORIENTED_EDGE ( 'NONE', *, *, #6297, .T. ) ;
#3136 = EDGE_CURVE ( 'NONE', #3849, #1870, #5295, .T. ) ;
#3137 = EDGE_LOOP ( 'NONE', ( #5814, #5368, #2323, #447 ) ) ;
#3138 = ORIENTED_EDGE ( 'NONE', *, *, #4653, .T. ) ;
#3139 = DIRECTION ( 'NONE',  ( -1.000000000000000000, 0.0000000000000000000, 0.0000000000000000000 ) ) ;
#3140 = ADVANCED_FACE ( 'NONE', ( #5914 ), #4807, .F. ) ;
#3141 = DIRECTION ( 'NONE',  ( -0.0000000000000000000, -1.000000000000000000, -0.0000000000000000000 ) ) ;
#3142 = ORIENTED_EDGE ( 'NONE', *, *, #718, .F. ) ;
#3143 = DIRECTION ( 'NONE',  ( -6.802837160693372485E-16, -1.000000000000000000, 0.0000000000000000000 ) ) ;
#3144 = DIRECTION ( 'NONE',  ( 0.0000000000000000000, 0.0000000000000000000, 1.000000000000000000 ) ) ;
#3145 = CARTESIAN_POINT ( 'NONE',  ( 8.449999999999999289, 37.69999999999978968, 50.00000000000000000 ) ) ;
#3146 = DIRECTION ( 'NONE',  ( -1.000000000000000000, 0.0000000000000000000, 0.0000000000000000000 ) ) ;
#3147 = ORIENTED_EDGE ( 'NONE', *, *, #619, .F. ) ;
#3148 = DIRECTION ( 'NONE',  ( -0.0000000000000000000, -0.0000000000000000000, -1.000000000000000000 ) ) ;
#3149 = DIRECTION ( 'NONE',  ( 0.0000000000000000000, 0.0000000000000000000, 1.000000000000000000 ) ) ;
#3150 = FACE_BOUND ( 'NONE', #5626, .T. ) ;
#3151 = DIRECTION ( 'NONE',  ( -0.0000000000000000000, -0.0000000000000000000, -1.000000000000000000 ) ) ;
#3152 = ORIENTED_EDGE ( 'NONE', *, *, #1850, .F. ) ;
#3153 = CARTESIAN_POINT ( 'NONE',  ( 7.450000000000308376, 8.449999999999795008, 50.00000000000000000 ) ) ;
#3154 = CARTESIAN_POINT ( 'NONE',  ( 4.500000000000367706, 4.499999999999868550, 50.00000000000000000 ) ) ;
#3155 = VERTEX_POINT ( 'NONE', #6308 ) ;
#3156 = EDGE_CURVE ( 'NONE', #2515, #4063, #1954, .T. ) ;
#3157 = CARTESIAN_POINT ( 'NONE',  ( 26.09999999999998010, 4.500000000000000888, 0.0000000000000000000 ) ) ;
#3158 = AXIS2_PLACEMENT_3D ( 'NONE', #3419, #4770, #5288 ) ;
#3159 = CIRCLE ( 'NONE', #5756, 4.500000000000001776 ) ;
#3160 = VECTOR ( 'NONE', #3840, 1000.000000000000000 ) ;
#3161 = ORIENTED_EDGE ( 'NONE', *, *, #6044, .F. ) ;
#3162 = DIRECTION ( 'NONE',  ( 0.0000000000000000000, 0.0000000000000000000, 1.000000000000000000 ) ) ;
#3163 = LINE ( 'NONE', #4581, #4752 ) ;
#3164 = AXIS2_PLACEMENT_3D ( 'NONE', #3853, #4786, #417 ) ;
#3165 = VECTOR ( 'NONE', #3894, 1000.000000000000000 ) ;
#3166 = AXIS2_PLACEMENT_3D ( 'NONE', #3613, #1097, #3162 ) ;
#3167 = VERTEX_POINT ( 'NONE', #3451 ) ;
#3168 = ORIENTED_EDGE ( 'NONE', *, *, #801, .T. ) ;
#3169 = ADVANCED_FACE ( 'NONE', ( #2711 ), #246, .T. ) ;
#3170 = ORIENTED_EDGE ( 'NONE', *, *, #2366, .F. ) ;
#3171 = VECTOR ( 'NONE', #3596, 1000.000000000000000 ) ;
#3172 = VERTEX_POINT ( 'NONE', #1733 ) ;
#3173 = DIRECTION ( 'NONE',  ( 1.000000000000000000, 0.0000000000000000000, 0.0000000000000000000 ) ) ;
#3174 = LINE ( 'NONE', #4203, #2451 ) ;
#3175 = ORIENTED_EDGE ( 'NONE', *, *, #1587, .F. ) ;
#3176 = DIRECTION ( 'NONE',  ( -0.0000000000000000000, -0.0000000000000000000, -1.000000000000000000 ) ) ;
#3177 = CARTESIAN_POINT ( 'NONE',  ( 38.80000000000001137, 15.89999999999928271, 0.0000000000000000000 ) ) ;
#3178 = EDGE_CURVE ( 'NONE', #4419, #1229, #3710, .T. ) ;
#3179 = DIRECTION ( 'NONE',  ( -1.594351493229579034E-16, -1.000000000000000000, 0.0000000000000000000 ) ) ;
#3180 = ORIENTED_EDGE ( 'NONE', *, *, #1630, .F. ) ;
#3181 = LINE ( 'NONE', #3568, #1485 ) ;
#3182 = ORIENTED_EDGE ( 'NONE', *, *, #502, .F. ) ;
#3183 = CARTESIAN_POINT ( 'NONE',  ( 4.500000000000001776, 26.10000000000001563, 50.00000000000000000 ) ) ;
#3184 = DIRECTION ( 'NONE',  ( -1.000000000000000000, -0.0000000000000000000, -0.0000000000000000000 ) ) ;
#3185 = DIRECTION ( 'NONE',  ( -0.0000000000000000000, 1.000000000000000000, -0.0000000000000000000 ) ) ;
#3186 = CARTESIAN_POINT ( 'NONE',  ( 39.00000000000000711, 24.90000000000001634, 0.0000000000000000000 ) ) ;
#3187 = VERTEX_POINT ( 'NONE', #2746 ) ;
#3188 = FACE_OUTER_BOUND ( 'NONE', #2235, .T. ) ;
#3189 = EDGE_CURVE ( 'NONE', #4063, #3519, #279, .T. ) ;
#3190 = DIRECTION ( 'NONE',  ( -0.0000000000000000000, -0.0000000000000000000, -1.000000000000000000 ) ) ;
#3191 =( NAMED_UNIT ( * ) PLANE_ANGLE_UNIT ( ) SI_UNIT ( $, .RADIAN. ) );
#3192 = ORIENTED_EDGE ( 'NONE', *, *, #4449, .F. ) ;
#3193 = DIRECTION ( 'NONE',  ( 1.000000000000000000, 0.0000000000000000000, 0.0000000000000000000 ) ) ;
#3194 = LINE ( 'NONE', #2055, #2484 ) ;
#3195 = ADVANCED_FACE ( 'NONE', ( #1087 ), #1053, .T. ) ;
#3196 = ORIENTED_EDGE ( 'NONE', *, *, #3696, .T. ) ;
#3197 = ORIENTED_EDGE ( 'NONE', *, *, #5986, .F. ) ;
#3198 = EDGE_LOOP ( 'NONE', ( #4805, #3039, #4287, #2383 ) ) ;
#3199 = ORIENTED_EDGE ( 'NONE', *, *, #2768, .F. ) ;
#3200 = CARTESIAN_POINT ( 'NONE',  ( 1.300000000000366862, 7.449999999999787903, 50.00000000000000000 ) ) ;
#3201 = CARTESIAN_POINT ( 'NONE',  ( 12.00000000000000000, 23.75735931288056335, 0.0000000000000000000 ) ) ;
#3202 = AXIS2_PLACEMENT_3D ( 'NONE', #3496, #4488, #2000 ) ;
#3203 = ORIENTED_EDGE ( 'NONE', *, *, #1863, .F. ) ;
#3204 = CARTESIAN_POINT ( 'NONE',  ( 32.49264068711970310, 30.24999999999960210, 50.00000000000000000 ) ) ;
#3205 = DIRECTION ( 'NONE',  ( -1.000000000000000000, 0.0000000000000000000, 0.0000000000000000000 ) ) ;
#3206 = CARTESIAN_POINT ( 'NONE',  ( 38.80000000000001137, 15.89999999999928271, 0.0000000000000000000 ) ) ;
#3207 = VERTEX_POINT ( 'NONE', #4564 ) ;
#3208 = CARTESIAN_POINT ( 'NONE',  ( 39.80000000000001137, 14.70000000000001705, 50.00000000000000000 ) ) ;
#3209 = CIRCLE ( 'NONE', #615, 1.000000000000000888 ) ;
#3210 = VERTEX_POINT ( 'NONE', #2073 ) ;
#3211 = CARTESIAN_POINT ( 'NONE',  ( 23.75735931288070901, 26.00000000000000355, 50.00000000000000000 ) ) ;
#3212 = DIRECTION ( 'NONE',  ( -0.0000000000000000000, -0.0000000000000000000, -1.000000000000000000 ) ) ;
#3213 = VECTOR ( 'NONE', #1817, 1000.000000000000000 ) ;
#3214 = EDGE_CURVE ( 'NONE', #5175, #4058, #3995, .T. ) ;
#3215 = CARTESIAN_POINT ( 'NONE',  ( 1.199999999999998623, 24.30000000000001492, 50.00000000000000000 ) ) ;
#3216 = LINE ( 'NONE', #137, #958 ) ;
#3217 = CIRCLE ( 'NONE', #950, 0.1999999999999987899 ) ;
#3218 = ORIENTED_EDGE ( 'NONE', *, *, #217, .T. ) ;
#3219 = CARTESIAN_POINT ( 'NONE',  ( 29.24999999999999289, 1.500000000000000444, 0.0000000000000000000 ) ) ;
#3220 = CARTESIAN_POINT ( 'NONE',  ( 10.75000000000000533, 38.50000000000004263, 50.00000000000000000 ) ) ;
#3221 = CARTESIAN_POINT ( 'NONE',  ( 2.300000000000057998, 31.54999999999986926, 50.00000000000000000 ) ) ;
#3222 = EDGE_LOOP ( 'NONE', ( #3652, #3199, #700, #1670 ) ) ;
#3223 = CARTESIAN_POINT ( 'NONE',  ( 1.300000000000051115, 35.49999999999977263, 50.00000000000000000 ) ) ;
#3224 = EDGE_CURVE ( 'NONE', #5398, #4641, #3159, .T. ) ;
#3225 = VECTOR ( 'NONE', #937, 1000.000000000000000 ) ;
#3226 = VECTOR ( 'NONE', #2598, 1000.000000000000000 ) ;
#3227 = CARTESIAN_POINT ( 'NONE',  ( 13.90000000000082636, 35.80000000000001847, 50.00000000000000000 ) ) ;
#3228 = VECTOR ( 'NONE', #5433, 1000.000000000000000 ) ;
#3229 = ORIENTED_EDGE ( 'NONE', *, *, #6, .F. ) ;
#3230 = ORIENTED_EDGE ( 'NONE', *, *, #5482, .F. ) ;
#3231 = AXIS2_PLACEMENT_3D ( 'NONE', #3111, #5073, #2626 ) ;
#3232 = ORIENTED_EDGE ( 'NONE', *, *, #301, .F. ) ;
#3233 = COLOUR_RGB ( '',0.8980392156862745390, 0.9176470588235293713, 0.9294117647058823817 ) ;
#3234 = ORIENTED_EDGE ( 'NONE', *, *, #1415, .F. ) ;
#3235 = DIRECTION ( 'NONE',  ( -0.7071067811865472397, 0.7071067811865479058, 0.0000000000000000000 ) ) ;
#3236 = ADVANCED_FACE ( 'NONE', ( #4082 ), #2043, .F. ) ;
#3237 = CARTESIAN_POINT ( 'NONE',  ( 12.59999999999998188, 2.499999999999999556, 0.0000000000000000000 ) ) ;
#3238 = CARTESIAN_POINT ( 'NONE',  ( 11.74999999999999822, 32.49264068711923414, 50.00000000000000000 ) ) ;
#3239 = VECTOR ( 'NONE', #1655, 1000.000000000000000 ) ;
#3240 = VERTEX_POINT ( 'NONE', #563 ) ;
#3241 = DIRECTION ( 'NONE',  ( -1.000000000000000000, 0.0000000000000000000, 0.0000000000000000000 ) ) ;
#3242 = DIRECTION ( 'NONE',  ( 1.000000000000000000, -2.308434370423353371E-16, 0.0000000000000000000 ) ) ;
#3243 = EDGE_CURVE ( 'NONE', #2843, #2107, #3268, .T. ) ;
#3244 = ORIENTED_EDGE ( 'NONE', *, *, #3077, .F. ) ;
#3245 = DIRECTION ( 'NONE',  ( -1.000000000000000000, 0.0000000000000000000, 0.0000000000000000000 ) ) ;
#3246 = ORIENTED_EDGE ( 'NONE', *, *, #6367, .F. ) ;
#3247 = CARTESIAN_POINT ( 'NONE',  ( 31.55000000000037019, 7.449999999999999289, 50.00000000000000000 ) ) ;
#3248 = LINE ( 'NONE', #5080, #1608 ) ;
#3249 = DIRECTION ( 'NONE',  ( -0.0000000000000000000, -0.0000000000000000000, -1.000000000000000000 ) ) ;
#3250 = DIRECTION ( 'NONE',  ( 0.0000000000000000000, 0.0000000000000000000, 1.000000000000000000 ) ) ;
#3251 = FACE_OUTER_BOUND ( 'NONE', #3592, .T. ) ;
#3252 = AXIS2_PLACEMENT_3D ( 'NONE', #4758, #1003, #3463 ) ;
#3253 = EDGE_CURVE ( 'NONE', #5228, #1842, #592, .T. ) ;
#3254 = ORIENTED_EDGE ( 'NONE', *, *, #2405, .T. ) ;
#3255 = DIRECTION ( 'NONE',  ( -1.000000000000000000, 0.0000000000000000000, 0.0000000000000000000 ) ) ;
#3256 = CARTESIAN_POINT ( 'NONE',  ( 38.69999999999999574, 35.50000000000000000, 50.00000000000000000 ) ) ;
#3257 = LINE ( 'NONE', #5654, #1560 ) ;
#3258 = ORIENTED_EDGE ( 'NONE', *, *, #1890, .F. ) ;
#3259 = CARTESIAN_POINT ( 'NONE',  ( 1.199999999999998623, 15.70000000000001883, 50.00000000000000000 ) ) ;
#3260 = CARTESIAN_POINT ( 'NONE',  ( 39.80000000000001137, 25.30000000000001847, 0.0000000000000000000 ) ) ;
#3261 = EDGE_LOOP ( 'NONE', ( #1998, #1952, #2370, #561 ) ) ;
#3262 = ORIENTED_EDGE ( 'NONE', *, *, #1548, .T. ) ;
#3263 = ORIENTED_EDGE ( 'NONE', *, *, #2449, .T. ) ;
#3264 = ORIENTED_EDGE ( 'NONE', *, *, #4449, .T. ) ;
#3265 = CARTESIAN_POINT ( 'NONE',  ( 13.41421356237310114, 14.82842712474610103, 50.00000000000000000 ) ) ;
#3266 = DIRECTION ( 'NONE',  ( 1.000000000000000000, 0.0000000000000000000, 0.0000000000000000000 ) ) ;
#3267 = AXIS2_PLACEMENT_3D ( 'NONE', #1940, #1631, #5000 ) ;
#3268 = CIRCLE ( 'NONE', #2541, 1.000000000000000888 ) ;
#3269 = DIRECTION ( 'NONE',  ( -0.0000000000000000000, -0.0000000000000000000, -1.000000000000000000 ) ) ;
#3270 = VERTEX_POINT ( 'NONE', #2966 ) ;
#3271 = LINE ( 'NONE', #319, #4095 ) ;
#3272 = ADVANCED_FACE ( 'NONE', ( #5517 ), #1531, .F. ) ;
#3273 = EDGE_CURVE ( 'NONE', #3071, #5488, #1814, .T. ) ;
#3274 = LINE ( 'NONE', #3305, #5294 ) ;
#3275 = CIRCLE ( 'NONE', #5231, 1.000000000000000666 ) ;
#3276 = VERTEX_POINT ( 'NONE', #500 ) ;
#3277 = DIRECTION ( 'NONE',  ( 1.000000000000000000, 0.0000000000000000000, 0.0000000000000000000 ) ) ;
#3278 = LINE ( 'NONE', #2980, #1084 ) ;
#3279 = DIRECTION ( 'NONE',  ( -1.000000000000000000, 0.0000000000000000000, 0.0000000000000000000 ) ) ;
#3280 = CARTESIAN_POINT ( 'NONE',  ( 35.79999999999999005, 15.59999999999928200, 50.00000000000000000 ) ) ;
#3281 = VECTOR ( 'NONE', #1588, 1000.000000000000000 ) ;
#3282 = ADVANCED_FACE ( 'NONE', ( #2507 ), #2535, .F. ) ;
#3283 = CARTESIAN_POINT ( 'NONE',  ( 28.00000000000038369, 23.75735931288024005, 0.0000000000000000000 ) ) ;
#3284 = VERTEX_POINT ( 'NONE', #1503 ) ;
#3285 = FACE_OUTER_BOUND ( 'NONE', #31, .T. ) ;
#3286 = CARTESIAN_POINT ( 'NONE',  ( 32.49264068711970310, 30.24999999999955236, 50.00000000000000000 ) ) ;
#3287 = VERTEX_POINT ( 'NONE', #73 ) ;
#3288 = CARTESIAN_POINT ( 'NONE',  ( 26.00000000000038369, 16.24264068711893572, 0.0000000000000000000 ) ) ;
#3289 = CARTESIAN_POINT ( 'NONE',  ( 32.55000000000005400, 38.69999999999998863, 50.00000000000000000 ) ) ;
#3290 = DIRECTION ( 'NONE',  ( 0.0000000000000000000, -0.0000000000000000000, 1.000000000000000000 ) ) ;
#3291 = CARTESIAN_POINT ( 'NONE',  ( 30.25000000000000000, 2.500000000000007550, 0.0000000000000000000 ) ) ;
#3292 = CYLINDRICAL_SURFACE ( 'NONE', #308, 0.2999999999999999334 ) ;
#3293 = EDGE_CURVE ( 'NONE', #353, #1864, #2226, .T. ) ;
#3294 = ORIENTED_EDGE ( 'NONE', *, *, #3585, .T. ) ;
#3295 = VERTEX_POINT ( 'NONE', #13 ) ;
#3296 = EDGE_CURVE ( 'NONE', #4148, #2812, #4052, .T. ) ;
#3297 = ORIENTED_EDGE ( 'NONE', *, *, #1759, .F. ) ;
#3298 = VECTOR ( 'NONE', #3637, 1000.000000000000000 ) ;
#3299 = ORIENTED_EDGE ( 'NONE', *, *, #4179, .T. ) ;
#3300 = LINE ( 'NONE', #5266, #2819 ) ;
#3301 = CARTESIAN_POINT ( 'NONE',  ( 26.39999999999998082, 4.199999999999997513, 50.00000000000000000 ) ) ;
#3302 = LINE ( 'NONE', #1873, #4712 ) ;
#3303 = ORIENTED_EDGE ( 'NONE', *, *, #3711, .T. ) ;
#3304 = DIRECTION ( 'NONE',  ( 9.376883653943612109E-14, -1.000000000000000000, -0.0000000000000000000 ) ) ;
#3305 = CARTESIAN_POINT ( 'NONE',  ( 35.50000000000029843, 1.300000000000078870, 50.00000000000000000 ) ) ;
#3306 = ORIENTED_EDGE ( 'NONE', *, *, #6291, .F. ) ;
#3307 = CARTESIAN_POINT ( 'NONE',  ( 16.24264068711929809, 14.00000000000000178, 0.0000000000000000000 ) ) ;
#3308 = LINE ( 'NONE', #3975, #6145 ) ;
#3309 = DIRECTION ( 'NONE',  ( -0.0000000000000000000, -0.0000000000000000000, -1.000000000000000000 ) ) ;
#3310 = CYLINDRICAL_SURFACE ( 'NONE', #1205, 1.999999999999998224 ) ;
#3311 = CARTESIAN_POINT ( 'NONE',  ( 1.361730811316063890E-16, 14.70000000000001528, 50.00000000000000000 ) ) ;
#3312 = ORIENTED_EDGE ( 'NONE', *, *, #5202, .T. ) ;
#3313 = DIRECTION ( 'NONE',  ( -0.0000000000000000000, -0.0000000000000000000, -1.000000000000000000 ) ) ;
#3314 = DIRECTION ( 'NONE',  ( -0.0000000000000000000, -0.0000000000000000000, -1.000000000000000000 ) ) ;
#3315 = VECTOR ( 'NONE', #2150, 1000.000000000000000 ) ;
#3316 = EDGE_LOOP ( 'NONE', ( #2654, #2813 ) ) ;
#3317 = EDGE_CURVE ( 'NONE', #2420, #3284, #2447, .T. ) ;
#3318 = AXIS2_PLACEMENT_3D ( 'NONE', #6096, #5706, #1689 ) ;
#3319 = DIRECTION ( 'NONE',  ( -0.0000000000000000000, -0.0000000000000000000, -1.000000000000000000 ) ) ;
#3320 = ADVANCED_FACE ( 'NONE', ( #1983 ), #3965, .F. ) ;
#3321 = LINE ( 'NONE', #4319, #371 ) ;
#3322 = VECTOR ( 'NONE', #828, 1000.000000000000000 ) ;
#3323 = LINE ( 'NONE', #3872, #107 ) ;
#3324 = ORIENTED_EDGE ( 'NONE', *, *, #2521, .T. ) ;
#3325 = CARTESIAN_POINT ( 'NONE',  ( 15.89999999999998437, 1.200000000000001066, 50.00000000000000000 ) ) ;
#3326 = DIRECTION ( 'NONE',  ( 1.000000000000000000, 0.0000000000000000000, 0.0000000000000000000 ) ) ;
#3327 = AXIS2_PLACEMENT_3D ( 'NONE', #442, #2454, #3488 ) ;
#3328 = ORIENTED_EDGE ( 'NONE', *, *, #2806, .F. ) ;
#3329 = ORIENTED_EDGE ( 'NONE', *, *, #5625, .F. ) ;
#3330 = DIRECTION ( 'NONE',  ( 1.000000000000000000, -8.163404592829867359E-15, 0.0000000000000000000 ) ) ;
#3331 = ORIENTED_EDGE ( 'NONE', *, *, #3515, .T. ) ;
#3332 = CIRCLE ( 'NONE', #5070, 0.1999999999999987899 ) ;
#3333 = EDGE_CURVE ( 'NONE', #4387, #1000, #1709, .T. ) ;
#3334 = ORIENTED_EDGE ( 'NONE', *, *, #348, .T. ) ;
#3335 = FACE_OUTER_BOUND ( 'NONE', #6348, .T. ) ;
#3336 = CARTESIAN_POINT ( 'NONE',  ( 15.69999999999998153, 0.9999999999999995559, 50.00000000000000000 ) ) ;
#3337 = DIRECTION ( 'NONE',  ( -1.000000000000000000, -0.0000000000000000000, -0.0000000000000000000 ) ) ;
#3338 = EDGE_CURVE ( 'NONE', #702, #1033, #3375, .T. ) ;
#3339 = VECTOR ( 'NONE', #6382, 1000.000000000000000 ) ;
#3340 = CIRCLE ( 'NONE', #2508, 2.000000000000000000 ) ;
#3341 = ORIENTED_EDGE ( 'NONE', *, *, #3117, .T. ) ;
#3342 = CARTESIAN_POINT ( 'NONE',  ( 28.00000000000038369, 16.24264068711893572, 0.0000000000000000000 ) ) ;
#3343 = LINE ( 'NONE', #914, #3854 ) ;
#3344 = CIRCLE ( 'NONE', #4672, 1.000000000000000444 ) ;
#3345 = VERTEX_POINT ( 'NONE', #4144 ) ;
#3346 = DIRECTION ( 'NONE',  ( -0.0000000000000000000, -0.0000000000000000000, -1.000000000000000000 ) ) ;
#3347 = CIRCLE ( 'NONE', #4989, 1.000000000000000888 ) ;
#3348 = DIRECTION ( 'NONE',  ( -0.0000000000000000000, -0.0000000000000000000, -1.000000000000000000 ) ) ;
#3349 = DIRECTION ( 'NONE',  ( 0.0000000000000000000, 0.0000000000000000000, 1.000000000000000000 ) ) ;
#3350 = AXIS2_PLACEMENT_3D ( 'NONE', #2234, #2793, #2861 ) ;
#3351 = DIRECTION ( 'NONE',  ( 1.000000000000000000, 6.854200608435435519E-17, -0.0000000000000000000 ) ) ;
#3352 = FACE_OUTER_BOUND ( 'NONE', #6416, .T. ) ;
#3353 = DIRECTION ( 'NONE',  ( 1.000000000000000000, 0.0000000000000000000, 0.0000000000000000000 ) ) ;
#3354 = ORIENTED_EDGE ( 'NONE', *, *, #4032, .T. ) ;
#3355 = CARTESIAN_POINT ( 'NONE',  ( 15.89999999999998437, 38.80000000000001847, 50.00000000000000000 ) ) ;
#3356 = EDGE_CURVE ( 'NONE', #4431, #3210, #2755, .T. ) ;
#3357 = DIRECTION ( 'NONE',  ( 1.000000000000000000, 0.0000000000000000000, 0.0000000000000000000 ) ) ;
#3358 = ORIENTED_EDGE ( 'NONE', *, *, #818, .F. ) ;
#3359 = CARTESIAN_POINT ( 'NONE',  ( 4.199999999999999289, 26.40000000000001634, 0.0000000000000000000 ) ) ;
#3360 = EDGE_CURVE ( 'NONE', #1036, #3868, #3065, .T. ) ;
#3361 = ORIENTED_EDGE ( 'NONE', *, *, #225, .T. ) ;
#3362 = EDGE_LOOP ( 'NONE', ( #6330, #3776, #4979, #3994 ) ) ;
#3363 = DIRECTION ( 'NONE',  ( -0.0000000000000000000, -0.0000000000000000000, -1.000000000000000000 ) ) ;
#3364 = VERTEX_POINT ( 'NONE', #4239 ) ;
#3365 = ORIENTED_EDGE ( 'NONE', *, *, #3224, .T. ) ;
#3366 = CARTESIAN_POINT ( 'NONE',  ( 37.69999999999999574, 31.55000000000007887, 50.00000000000000000 ) ) ;
#3367 = DIRECTION ( 'NONE',  ( -0.0000000000000000000, -0.0000000000000000000, -1.000000000000000000 ) ) ;
#3368 = CARTESIAN_POINT ( 'NONE',  ( 16.24264068711925546, 28.00000000000000000, 50.00000000000000000 ) ) ;
#3369 = ORIENTED_EDGE ( 'NONE', *, *, #5118, .F. ) ;
#3370 = EDGE_CURVE ( 'NONE', #2031, #4037, #685, .T. ) ;
#3371 = DIRECTION ( 'NONE',  ( 1.000000000000000000, 0.0000000000000000000, 0.0000000000000000000 ) ) ;
#3372 = CARTESIAN_POINT ( 'NONE',  ( 14.82842712474618985, 13.41421356237309226, 0.0000000000000000000 ) ) ;
#3373 = CIRCLE ( 'NONE', #4706, 1.000000000000000888 ) ;
#3374 = ORIENTED_EDGE ( 'NONE', *, *, #1010, .F. ) ;
#3375 = CIRCLE ( 'NONE', #1508, 1.000000000000000888 ) ;
#3376 = CARTESIAN_POINT ( 'NONE',  ( 7.450000000000314593, 2.299999999999867040, 50.00000000000000000 ) ) ;
#3377 = CARTESIAN_POINT ( 'NONE',  ( 7.507359312880753421, 30.24999999999955236, 0.0000000000000000000 ) ) ;
#3378 = ADVANCED_FACE ( 'NONE', ( #2168 ), #2204, .F. ) ;
#3379 = DIRECTION ( 'NONE',  ( 0.0000000000000000000, -1.000000000000000000, 0.0000000000000000000 ) ) ;
#3380 = VECTOR ( 'NONE', #584, 1000.000000000000000 ) ;
#3381 = VECTOR ( 'NONE', #4828, 1000.000000000000000 ) ;
#3382 = DIRECTION ( 'NONE',  ( 1.000000000000000000, 0.0000000000000000000, -0.0000000000000000000 ) ) ;
#3383 = DIRECTION ( 'NONE',  ( -0.0000000000000000000, -0.0000000000000000000, -1.000000000000000000 ) ) ;
#3384 = EDGE_CURVE ( 'NONE', #4652, #19, #4812, .T. ) ;
#3385 = CARTESIAN_POINT ( 'NONE',  ( 7.450000000000314593, 7.449999999999794120, 50.00000000000000000 ) ) ;
#3386 = VERTEX_POINT ( 'NONE', #6196 ) ;
#3387 = AXIS2_PLACEMENT_3D ( 'NONE', #1947, #7, #2990 ) ;
#3388 = EDGE_CURVE ( 'NONE', #2544, #4005, #372, .T. ) ;
#3389 = DIRECTION ( 'NONE',  ( -0.0000000000000000000, -0.0000000000000000000, -1.000000000000000000 ) ) ;
#3390 = DIRECTION ( 'NONE',  ( -0.0000000000000000000, -0.0000000000000000000, -1.000000000000000000 ) ) ;
#3391 = VERTEX_POINT ( 'NONE', #234 ) ;
#3392 = FACE_OUTER_BOUND ( 'NONE', #3680, .T. ) ;
#3393 = EDGE_CURVE ( 'NONE', #3868, #1812, #1690, .T. ) ;
#3394 = VERTEX_POINT ( 'NONE', #3603 ) ;
#3395 = ORIENTED_EDGE ( 'NONE', *, *, #6209, .T. ) ;
#3396 = DIRECTION ( 'NONE',  ( 0.7071067811865675568, -0.7071067811865275887, -0.0000000000000000000 ) ) ;
#3397 = ORIENTED_EDGE ( 'NONE', *, *, #579, .T. ) ;
#3398 = ORIENTED_EDGE ( 'NONE', *, *, #3971, .T. ) ;
#3399 = LINE ( 'NONE', #2914, #637 ) ;
#3400 = EDGE_CURVE ( 'NONE', #3167, #1036, #6163, .T. ) ;
#3401 = CARTESIAN_POINT ( 'NONE',  ( 12.00000000000000000, 23.75735931288056335, 50.00000000000000000 ) ) ;
#3402 = ADVANCED_FACE ( 'NONE', ( #1143 ), #4698, .F. ) ;
#3403 = PLANE ( 'NONE',  #5864 ) ;
#3404 = VERTEX_POINT ( 'NONE', #5608 ) ;
#3405 = CARTESIAN_POINT ( 'NONE',  ( 25.09999999999998721, 39.80000000000003268, 0.0000000000000000000 ) ) ;
#3406 = FACE_OUTER_BOUND ( 'NONE', #3645, .T. ) ;
#3407 = VERTEX_POINT ( 'NONE', #4666 ) ;
#3408 = ORIENTED_EDGE ( 'NONE', *, *, #4808, .T. ) ;
#3409 = FACE_OUTER_BOUND ( 'NONE', #1041, .T. ) ;
#3410 = LINE ( 'NONE', #6324, #5024 ) ;
#3411 = DIRECTION ( 'NONE',  ( -0.0000000000000000000, 1.000000000000000000, -0.0000000000000000000 ) ) ;
#3412 = DIRECTION ( 'NONE',  ( -0.0000000000000000000, -0.0000000000000000000, -1.000000000000000000 ) ) ;
#3413 = CARTESIAN_POINT ( 'NONE',  ( 2.500000000000001332, 10.75000000000000178, 50.00000000000000000 ) ) ;
#3414 = CARTESIAN_POINT ( 'NONE',  ( 31.55000000000004334, 32.55000000000008242, 0.0000000000000000000 ) ) ;
#3415 = VERTEX_POINT ( 'NONE', #6097 ) ;
#3416 = EDGE_CURVE ( 'NONE', #5953, #2645, #5542, .T. ) ;
#3417 = ADVANCED_FACE ( 'NONE', ( #2268 ), #199, .F. ) ;
#3418 = VECTOR ( 'NONE', #1225, 1000.000000000000000 ) ;
#3419 = CARTESIAN_POINT ( 'NONE',  ( 32.49264068711969600, 28.24999999999955236, 50.00000000000000000 ) ) ;
#3420 = CARTESIAN_POINT ( 'NONE',  ( 38.50000000000027001, 27.40000000000258495, 50.00000000000000000 ) ) ;
#3421 = EDGE_LOOP ( 'NONE', ( #2936, #1359, #4353, #3005 ) ) ;
#3422 = DIRECTION ( 'NONE',  ( -0.0000000000000000000, -0.0000000000000000000, -1.000000000000000000 ) ) ;
#3423 = VECTOR ( 'NONE', #2720, 1000.000000000000000 ) ;
#3424 = VECTOR ( 'NONE', #2468, 1000.000000000000000 ) ;
#3425 = ORIENTED_EDGE ( 'NONE', *, *, #1946, .F. ) ;
#3426 = ORIENTED_EDGE ( 'NONE', *, *, #2663, .T. ) ;
#3427 = DIRECTION ( 'NONE',  ( -1.000000000000000000, 0.0000000000000000000, 0.0000000000000000000 ) ) ;
#3428 = EDGE_CURVE ( 'NONE', #4677, #2388, #1751, .T. ) ;
#3430 = EDGE_LOOP ( 'NONE', ( #3121, #1583, #2453, #5331 ) ) ;
#3429 = CARTESIAN_POINT ( 'NONE',  ( 11.74999999999999822, 7.507359312880714342, 0.0000000000000000000 ) ) ;
#3431 = FACE_OUTER_BOUND ( 'NONE', #6106, .T. ) ;
#3432 = CARTESIAN_POINT ( 'NONE',  ( 30.25000000000000000, 37.50000000000003553, 50.00000000000000000 ) ) ;
#3433 = LINE ( 'NONE', #939, #4604 ) ;
#3434 = ORIENTED_EDGE ( 'NONE', *, *, #1548, .F. ) ;
#3435 = FACE_OUTER_BOUND ( 'NONE', #5472, .T. ) ;
#3436 = AXIS2_PLACEMENT_3D ( 'NONE', #5519, #5549, #4534 ) ;
#3437 = EDGE_CURVE ( 'NONE', #3813, #3712, #3578, .T. ) ;
#3438 = EDGE_LOOP ( 'NONE', ( #6279, #6178, #4396, #1356 ) ) ;
#3439 = ORIENTED_EDGE ( 'NONE', *, *, #2638, .F. ) ;
#3440 = CARTESIAN_POINT ( 'NONE',  ( 37.50000000000036238, 9.749999999999609201, 0.0000000000000000000 ) ) ;
#3441 = CARTESIAN_POINT ( 'NONE',  ( 13.99999999999999822, 16.24264068711919862, 50.00000000000000000 ) ) ;
#3442 = AXIS2_PLACEMENT_3D ( 'NONE', #453, #1936, #5437 ) ;
#3443 = AXIS2_PLACEMENT_3D ( 'NONE', #4926, #1978, #5942 ) ;
#3444 = VECTOR ( 'NONE', #5670, 1000.000000000000000 ) ;
#3445 = CARTESIAN_POINT ( 'NONE',  ( 4.500000000000033751, 0.0000000000000000000, 50.00000000000000000 ) ) ;
#3446 = EDGE_CURVE ( 'NONE', #1451, #3590, #3248, .T. ) ;
#3447 = DIRECTION ( 'NONE',  ( -0.0000000000000000000, -0.0000000000000000000, -1.000000000000000000 ) ) ;
#3448 = FACE_OUTER_BOUND ( 'NONE', #6076, .T. ) ;
#3449 = CARTESIAN_POINT ( 'NONE',  ( 14.69999999999998153, 0.2000000000000000666, 50.00000000000000000 ) ) ;
#3450 = VERTEX_POINT ( 'NONE', #785 ) ;
#3451 = CARTESIAN_POINT ( 'NONE',  ( 37.70000000000030838, 8.450000000000006395, 0.0000000000000000000 ) ) ;
#3452 = AXIS2_PLACEMENT_3D ( 'NONE', #2633, #621, #2170 ) ;
#3453 = CARTESIAN_POINT ( 'NONE',  ( 28.25000000000000000, 7.507359312880506508, 0.0000000000000000000 ) ) ;
#3454 = EDGE_CURVE ( 'NONE', #5627, #2744, #4598, .T. ) ;
#3455 = CIRCLE ( 'NONE', #1682, 2.000000000000000000 ) ;
#3456 = CARTESIAN_POINT ( 'NONE',  ( 14.89999999999998259, 39.80000000000001847, 50.00000000000000000 ) ) ;
#3457 = ORIENTED_EDGE ( 'NONE', *, *, #4061, .T. ) ;
#3458 = LINE ( 'NONE', #5853, #3778 ) ;
#3459 = VERTEX_POINT ( 'NONE', #169 ) ;
#3460 = ORIENTED_EDGE ( 'NONE', *, *, #3720, .F. ) ;
#3461 = CYLINDRICAL_SURFACE ( 'NONE', #5720, 0.2999999999999999334 ) ;
#3462 = AXIS2_PLACEMENT_3D ( 'NONE', #2425, #972, #4727 ) ;
#3464 = ORIENTED_EDGE ( 'NONE', *, *, #4896, .F. ) ;
#3463 = DIRECTION ( 'NONE',  ( -1.000000000000000000, 0.0000000000000000000, 0.0000000000000000000 ) ) ;
#3465 = LINE ( 'NONE', #5894, #2079 ) ;
#3466 = DIRECTION ( 'NONE',  ( -0.0000000000000000000, -0.0000000000000000000, -1.000000000000000000 ) ) ;
#3467 = EDGE_LOOP ( 'NONE', ( #4718, #2456, #6113, #2650 ) ) ;
#3468 = ORIENTED_EDGE ( 'NONE', *, *, #3908, .F. ) ;
#3469 = VERTEX_POINT ( 'NONE', #1653 ) ;
#3470 =( NAMED_UNIT ( * ) SI_UNIT ( $, .STERADIAN. ) SOLID_ANGLE_UNIT ( ) );
#3471 = CARTESIAN_POINT ( 'NONE',  ( 7.449999999999999289, 37.69999999999979678, 50.00000000000000000 ) ) ;
#3472 = CARTESIAN_POINT ( 'NONE',  ( 24.39999999999998437, 35.50000000000004263, 50.00000000000000000 ) ) ;
#3473 = EDGE_CURVE ( 'NONE', #2764, #3364, #582, .T. ) ;
#3474 = DIRECTION ( 'NONE',  ( 1.000000000000000000, -0.0000000000000000000, -0.0000000000000000000 ) ) ;
#3475 = FACE_BOUND ( 'NONE', #1206, .T. ) ;
#3477 = DIRECTION ( 'NONE',  ( -1.000000000000000000, 0.0000000000000000000, 0.0000000000000000000 ) ) ;
#3476 = VECTOR ( 'NONE', #2900, 1000.000000000000000 ) ;
#3478 = AXIS2_PLACEMENT_3D ( 'NONE', #2844, #6179, #4806 ) ;
#3479 = LINE ( 'NONE', #6399, #5194 ) ;
#3480 = ORIENTED_EDGE ( 'NONE', *, *, #4691, .F. ) ;
#3481 = DIRECTION ( 'NONE',  ( -0.0000000000000000000, -0.0000000000000000000, -1.000000000000000000 ) ) ;
#3482 = EDGE_CURVE ( 'NONE', #1973, #3459, #4311, .T. ) ;
#3483 = VECTOR ( 'NONE', #6395, 1000.000000000000000 ) ;
#3484 = VECTOR ( 'NONE', #396, 1000.000000000000000 ) ;
#3485 = CARTESIAN_POINT ( 'NONE',  ( 14.82842712474615787, 26.58578643762691129, 50.00000000000000000 ) ) ;
#3486 = VECTOR ( 'NONE', #191, 1000.000000000000000 ) ;
#3487 = ORIENTED_EDGE ( 'NONE', *, *, #68, .F. ) ;
#3488 = DIRECTION ( 'NONE',  ( -1.000000000000000000, 0.0000000000000000000, 0.0000000000000000000 ) ) ;
#3489 = CIRCLE ( 'NONE', #5455, 0.2000000000000005107 ) ;
#3490 = ORIENTED_EDGE ( 'NONE', *, *, #74, .F. ) ;
#3491 = EDGE_LOOP ( 'NONE', ( #352, #5764, #2666, #802 ) ) ;
#3492 = CARTESIAN_POINT ( 'NONE',  ( 35.49999999999998579, 40.00000000000000711, 0.0000000000000000000 ) ) ;
#3494 = ORIENTED_EDGE ( 'NONE', *, *, #1181, .F. ) ;
#3493 = DIRECTION ( 'NONE',  ( -0.0000000000000000000, -0.0000000000000000000, -1.000000000000000000 ) ) ;
#3495 = FACE_OUTER_BOUND ( 'NONE', #5659, .T. ) ;
#3496 = CARTESIAN_POINT ( 'NONE',  ( 24.39999999999998437, 4.200000000000000178, 50.00000000000000000 ) ) ;
#3497 = EDGE_CURVE ( 'NONE', #3284, #3661, #2336, .T. ) ;
#3498 = VERTEX_POINT ( 'NONE', #6295 ) ;
#3499 = EDGE_CURVE ( 'NONE', #5690, #1063, #3410, .T. ) ;
#3500 = ORIENTED_EDGE ( 'NONE', *, *, #1417, .T. ) ;
#3501 = ORIENTED_EDGE ( 'NONE', *, *, #6355, .T. ) ;
#3502 = DIRECTION ( 'NONE',  ( -1.000000000000000000, 0.0000000000000000000, 0.0000000000000000000 ) ) ;
#3503 = LINE ( 'NONE', #5905, #4301 ) ;
#3504 = EDGE_CURVE ( 'NONE', #5684, #3450, #5776, .T. ) ;
#3505 = DIRECTION ( 'NONE',  ( 1.000000000000000000, 0.0000000000000000000, -0.0000000000000000000 ) ) ;
#3506 = CARTESIAN_POINT ( 'NONE',  ( 39.80000000000001137, 14.70000000000001705, 50.00000000000000000 ) ) ;
#3507 = CYLINDRICAL_SURFACE ( 'NONE', #4985, 1.000000000000000888 ) ;
#3508 = DIRECTION ( 'NONE',  ( -0.0000000000000000000, -0.0000000000000000000, -1.000000000000000000 ) ) ;
#3509 = VERTEX_POINT ( 'NONE', #1849 ) ;
#3510 = EDGE_CURVE ( 'NONE', #2047, #5565, #2924, .T. ) ;
#3511 = DIRECTION ( 'NONE',  ( -1.000000000000000000, 0.0000000000000000000, 0.0000000000000000000 ) ) ;
#3512 = CARTESIAN_POINT ( 'NONE',  ( 2.499999999999999556, 29.24999999999955236, 0.0000000000000000000 ) ) ;
#3513 = EDGE_CURVE ( 'NONE', #1671, #2355, #1402, .T. ) ;
#3514 = ORIENTED_EDGE ( 'NONE', *, *, #2056, .F. ) ;
#3515 = EDGE_CURVE ( 'NONE', #1229, #993, #5649, .T. ) ;
#3516 = ORIENTED_EDGE ( 'NONE', *, *, #3887, .T. ) ;
#3517 = DIRECTION ( 'NONE',  ( -0.0000000000000000000, -0.0000000000000000000, -1.000000000000000000 ) ) ;
#3518 = ORIENTED_EDGE ( 'NONE', *, *, #1323, .T. ) ;
#3519 = VERTEX_POINT ( 'NONE', #3377 ) ;
#3520 = ADVANCED_FACE ( 'NONE', ( #2892 ), #1372, .F. ) ;
#3521 = LINE ( 'NONE', #5494, #4569 ) ;
#3522 = AXIS2_PLACEMENT_3D ( 'NONE', #4523, #4042, #6028 ) ;
#3523 = ORIENTED_EDGE ( 'NONE', *, *, #3750, .F. ) ;
#3524 = CARTESIAN_POINT ( 'NONE',  ( 25.09999999999998721, 39.80000000000003268, 50.00000000000000000 ) ) ;
#3525 = DIRECTION ( 'NONE',  ( -0.0000000000000000000, -0.0000000000000000000, -1.000000000000000000 ) ) ;
#3526 = CIRCLE ( 'NONE', #2489, 0.3000000000000016542 ) ;
#3527 = ORIENTED_EDGE ( 'NONE', *, *, #4298, .T. ) ;
#3528 = CIRCLE ( 'NONE', #4133, 0.3000000000000016542 ) ;
#3529 = EDGE_CURVE ( 'NONE', #3057, #6248, #376, .T. ) ;
#3530 = ORIENTED_EDGE ( 'NONE', *, *, #5545, .F. ) ;
#3531 = ORIENTED_EDGE ( 'NONE', *, *, #4840, .T. ) ;
#3532 = CARTESIAN_POINT ( 'NONE',  ( 37.50000000000036238, 9.749999999999609201, 50.00000000000000000 ) ) ;
#3533 = EDGE_CURVE ( 'NONE', #669, #3559, #427, .T. ) ;
#3534 = DIRECTION ( 'NONE',  ( 0.0000000000000000000, 0.0000000000000000000, 1.000000000000000000 ) ) ;
#3535 = DIRECTION ( 'NONE',  ( -0.0000000000000000000, -0.0000000000000000000, -1.000000000000000000 ) ) ;
#3536 = CARTESIAN_POINT ( 'NONE',  ( 25.29999999999998650, 0.2000000000000000389, 50.00000000000000000 ) ) ;
#3537 = FACE_OUTER_BOUND ( 'NONE', #3137, .T. ) ;
#3538 = DIRECTION ( 'NONE',  ( -1.000000000000000000, 0.0000000000000000000, 0.0000000000000000000 ) ) ;
#3539 = ORIENTED_EDGE ( 'NONE', *, *, #405, .T. ) ;
#3540 = CIRCLE ( 'NONE', #3847, 0.2999999999999999334 ) ;
#3541 = VECTOR ( 'NONE', #3042, 1000.000000000000000 ) ;
#3542 = CARTESIAN_POINT ( 'NONE',  ( 37.50000000000036948, 12.60000000000294307, 0.0000000000000000000 ) ) ;
#3543 = AXIS2_PLACEMENT_3D ( 'NONE', #1049, #95, #2503 ) ;
#3544 = VECTOR ( 'NONE', #1744, 1000.000000000000000 ) ;
#3545 = CARTESIAN_POINT ( 'NONE',  ( 16.60000000000000142, 20.00000000000000000, 50.00000000000000000 ) ) ;
#3546 = AXIS2_PLACEMENT_3D ( 'NONE', #3003, #83, #4968 ) ;
#3547 = ORIENTED_EDGE ( 'NONE', *, *, #339, .T. ) ;
#3548 = LINE ( 'NONE', #1659, #4946 ) ;
#3549 = CIRCLE ( 'NONE', #2415, 1.000000000000000888 ) ;
#3550 = AXIS2_PLACEMENT_3D ( 'NONE', #2265, #5672, #4234 ) ;
#3551 = ADVANCED_FACE ( 'NONE', ( #1915 ), #2402, .F. ) ;
#3552 = CARTESIAN_POINT ( 'NONE',  ( 15.69999999999998153, 0.9999999999999995559, 0.0000000000000000000 ) ) ;
#3553 = ORIENTED_EDGE ( 'NONE', *, *, #1890, .T. ) ;
#3554 = CARTESIAN_POINT ( 'NONE',  ( 35.50000000000031264, 4.500000000000079936, 0.0000000000000000000 ) ) ;
#3555 = ORIENTED_EDGE ( 'NONE', *, *, #3338, .T. ) ;
#3556 = DIRECTION ( 'NONE',  ( 1.000000000000000000, 0.0000000000000000000, 0.0000000000000000000 ) ) ;
#3557 = DIRECTION ( 'NONE',  ( -0.0000000000000000000, -0.0000000000000000000, -1.000000000000000000 ) ) ;
#3558 = EDGE_CURVE ( 'NONE', #4403, #1533, #4796, .T. ) ;
#3559 = VERTEX_POINT ( 'NONE', #4375 ) ;
#3560 = AXIS2_PLACEMENT_3D ( 'NONE', #1338, #451, #2949 ) ;
#3561 = ORIENTED_EDGE ( 'NONE', *, *, #1950, .F. ) ;
#3562 = EDGE_LOOP ( 'NONE', ( #1493, #5800, #4746, #4134 ) ) ;
#3563 = CARTESIAN_POINT ( 'NONE',  ( 35.79999999999999005, 13.60000000000294307, 50.00000000000000000 ) ) ;
#3564 = PLANE ( 'NONE',  #3679 ) ;
#3565 = CYLINDRICAL_SURFACE ( 'NONE', #1518, 2.000000000000000000 ) ;
#3566 = DIRECTION ( 'NONE',  ( -0.7071067811865411334, -0.7071067811865539010, 0.0000000000000000000 ) ) ;
#3567 = DIRECTION ( 'NONE',  ( -0.0000000000000000000, -1.000000000000000000, -0.0000000000000000000 ) ) ;
#3568 = CARTESIAN_POINT ( 'NONE',  ( 35.49999999999999289, 15.59999999999928022, 50.00000000000000000 ) ) ;
#3569 = ORIENTED_EDGE ( 'NONE', *, *, #1098, .F. ) ;
#3570 = DIRECTION ( 'NONE',  ( 0.0000000000000000000, 0.0000000000000000000, 1.000000000000000000 ) ) ;
#3571 = EDGE_CURVE ( 'NONE', #4005, #1913, #949, .T. ) ;
#3572 = DIRECTION ( 'NONE',  ( 0.0000000000000000000, 0.0000000000000000000, 1.000000000000000000 ) ) ;
#3573 = DIRECTION ( 'NONE',  ( -0.0000000000000000000, -0.0000000000000000000, -1.000000000000000000 ) ) ;
#3574 = EDGE_CURVE ( 'NONE', #6215, #3071, #6260, .T. ) ;
#3575 = ORIENTED_EDGE ( 'NONE', *, *, #2635, .T. ) ;
#3576 = AXIS2_PLACEMENT_3D ( 'NONE', #205, #340, #4385 ) ;
#3577 = CARTESIAN_POINT ( 'NONE',  ( 1.199999999999998623, 15.70000000000001883, 0.0000000000000000000 ) ) ;
#3578 = CIRCLE ( 'NONE', #789, 0.1999999999999987899 ) ;
#3579 = CYLINDRICAL_SURFACE ( 'NONE', #2446, 0.1999999999999994282 ) ;
#3580 = ORIENTED_EDGE ( 'NONE', *, *, #840, .F. ) ;
#3581 = AXIS2_PLACEMENT_3D ( 'NONE', #2818, #6252, #1908 ) ;
#3582 = LINE ( 'NONE', #1153, #3031 ) ;
#3583 = ORIENTED_EDGE ( 'NONE', *, *, #1535, .F. ) ;
#3584 = DIRECTION ( 'NONE',  ( 1.000000000000000000, 0.0000000000000000000, 0.0000000000000000000 ) ) ;
#3585 = EDGE_CURVE ( 'NONE', #5291, #4160, #1785, .T. ) ;
#3586 = DIRECTION ( 'NONE',  ( 0.0000000000000000000, -1.000000000000000000, 0.0000000000000000000 ) ) ;
#3587 = AXIS2_PLACEMENT_3D ( 'NONE', #128, #3656, #5634 ) ;
#3588 = ORIENTED_EDGE ( 'NONE', *, *, #2902, .F. ) ;
#3589 = VERTEX_POINT ( 'NONE', #817 ) ;
#3590 = VERTEX_POINT ( 'NONE', #4342 ) ;
#3591 = EDGE_CURVE ( 'NONE', #2102, #543, #327, .T. ) ;
#3592 = EDGE_LOOP ( 'NONE', ( #3324, #4452, #60, #6346 ) ) ;
#3593 = ADVANCED_FACE ( 'NONE', ( #3797 ), #3310, .F. ) ;
#3594 = FACE_OUTER_BOUND ( 'NONE', #283, .T. ) ;
#3595 = DIRECTION ( 'NONE',  ( 1.000000000000000000, 0.0000000000000000000, 0.0000000000000000000 ) ) ;
#3596 = DIRECTION ( 'NONE',  ( 1.000000000000000000, 0.0000000000000000000, 0.0000000000000000000 ) ) ;
#3597 = CARTESIAN_POINT ( 'NONE',  ( 15.59999999999998543, 35.50000000000003553, 50.00000000000000000 ) ) ;
#3598 = AXIS2_PLACEMENT_3D ( 'NONE', #5558, #5623, #3100 ) ;
#3599 = CARTESIAN_POINT ( 'NONE',  ( 10.75000000000000533, 1.499999999999999334, 50.00000000000000000 ) ) ;
#3600 = CARTESIAN_POINT ( 'NONE',  ( 32.55000000000037375, 2.300000000000078870, 50.00000000000000000 ) ) ;
#3601 = ORIENTED_EDGE ( 'NONE', *, *, #3529, .T. ) ;
#3602 = LINE ( 'NONE', #1142, #6005 ) ;
#3603 = CARTESIAN_POINT ( 'NONE',  ( 30.25000000000000000, 37.50000000000003553, 0.0000000000000000000 ) ) ;
#3604 = CARTESIAN_POINT ( 'NONE',  ( 14.00000000000000000, 23.75735931288055625, 0.0000000000000000000 ) ) ;
#3605 = DIRECTION ( 'NONE',  ( -0.0000000000000000000, -0.0000000000000000000, -1.000000000000000000 ) ) ;
#3606 = ADVANCED_FACE ( 'NONE', ( #1109 ), #3985, .T. ) ;
#3607 = ORIENTED_EDGE ( 'NONE', *, *, #5081, .T. ) ;
#3608 = LINE ( 'NONE', #1565, #3298 ) ;
#3609 = CARTESIAN_POINT ( 'NONE',  ( 39.00000000000000711, 15.69999999999927986, 50.00000000000000000 ) ) ;
#3610 = ORIENTED_EDGE ( 'NONE', *, *, #5306, .T. ) ;
#3611 = CARTESIAN_POINT ( 'NONE',  ( 4.500000000000073719, 38.69999999999979678, 50.00000000000000000 ) ) ;
#3612 = ORIENTED_EDGE ( 'NONE', *, *, #4516, .F. ) ;
#3613 = CARTESIAN_POINT ( 'NONE',  ( 14.89999999999998259, 39.80000000000001847, 50.00000000000000000 ) ) ;
#3614 = FACE_OUTER_BOUND ( 'NONE', #4975, .T. ) ;
#3615 = ORIENTED_EDGE ( 'NONE', *, *, #4546, .T. ) ;
#3616 = CIRCLE ( 'NONE', #4229, 0.3000000000000016542 ) ;
#3617 = ORIENTED_EDGE ( 'NONE', *, *, #2641, .F. ) ;
#3618 = VERTEX_POINT ( 'NONE', #2498 ) ;
#3619 = CARTESIAN_POINT ( 'NONE',  ( 4.200000000000001066, 24.40000000000001990, 0.0000000000000000000 ) ) ;
#3620 = CARTESIAN_POINT ( 'NONE',  ( 1.199999999999998623, 24.30000000000001492, 50.00000000000000000 ) ) ;
#3621 = VECTOR ( 'NONE', #2829, 1000.000000000000000 ) ;
#3622 = ORIENTED_EDGE ( 'NONE', *, *, #2245, .T. ) ;
#3623 = CARTESIAN_POINT ( 'NONE',  ( 11.99999999999999822, 16.24264068711918796, 50.00000000000000000 ) ) ;
#3624 = ADVANCED_FACE ( 'NONE', ( #6030 ), #4466, .F. ) ;
#3625 = DIRECTION ( 'NONE',  ( -1.000000000000000000, 0.0000000000000000000, 0.0000000000000000000 ) ) ;
#3626 = LINE ( 'NONE', #5602, #3444 ) ;
#3627 = DIRECTION ( 'NONE',  ( 0.0000000000000000000, 0.0000000000000000000, 1.000000000000000000 ) ) ;
#3628 = CARTESIAN_POINT ( 'NONE',  ( 37.50000000000036948, 12.60000000000294307, 50.00000000000000000 ) ) ;
#3629 = CARTESIAN_POINT ( 'NONE',  ( 10.75000000000000533, 1.499999999999999334, 0.0000000000000000000 ) ) ;
#3630 = CIRCLE ( 'NONE', #4143, 1.999999999999998224 ) ;
#3631 = DIRECTION ( 'NONE',  ( -0.0000000000000000000, -0.0000000000000000000, -1.000000000000000000 ) ) ;
#3632 = ADVANCED_FACE ( 'NONE', ( #1945 ), #4434, .F. ) ;
#3633 = CARTESIAN_POINT ( 'NONE',  ( 25.09999999999998721, 39.80000000000003268, 50.00000000000000000 ) ) ;
#3634 = DIRECTION ( 'NONE',  ( -0.0000000000000000000, -0.0000000000000000000, -1.000000000000000000 ) ) ;
#3635 = VECTOR ( 'NONE', #717, 1000.000000000000000 ) ;
#3636 = ORIENTED_EDGE ( 'NONE', *, *, #3510, .T. ) ;
#3637 = DIRECTION ( 'NONE',  ( -0.0000000000000000000, -0.0000000000000000000, -1.000000000000000000 ) ) ;
#3638 = AXIS2_PLACEMENT_3D ( 'NONE', #354, #1839, #5204 ) ;
#3639 = VECTOR ( 'NONE', #1948, 1000.000000000000000 ) ;
#3640 = EDGE_CURVE ( 'NONE', #5291, #3345, #4606, .T. ) ;
#3641 = DIRECTION ( 'NONE',  ( -0.0000000000000000000, -0.0000000000000000000, -1.000000000000000000 ) ) ;
#3642 = ORIENTED_EDGE ( 'NONE', *, *, #3504, .T. ) ;
#3643 = LINE ( 'NONE', #2247, #3732 ) ;
#3644 = CIRCLE ( 'NONE', #3753, 4.499999999999997335 ) ;
#3645 = EDGE_LOOP ( 'NONE', ( #3615, #1746, #4530, #5679 ) ) ;
#3646 = DIRECTION ( 'NONE',  ( -1.000000000000000000, -0.0000000000000000000, -0.0000000000000000000 ) ) ;
#3647 = CARTESIAN_POINT ( 'NONE',  ( 24.39999999999998437, 4.500000000000000000, 50.00000000000000000 ) ) ;
#3648 = CIRCLE ( 'NONE', #1074, 1.000000000000000888 ) ;
#3649 = ORIENTED_EDGE ( 'NONE', *, *, #5941, .F. ) ;
#3650 = ORIENTED_EDGE ( 'NONE', *, *, #4890, .F. ) ;
#3651 = ORIENTED_EDGE ( 'NONE', *, *, #4257, .F. ) ;
#3652 = ORIENTED_EDGE ( 'NONE', *, *, #3701, .T. ) ;
#3653 = CARTESIAN_POINT ( 'NONE',  ( 24.09999999999998366, 1.200000000000001288, 50.00000000000000000 ) ) ;
#3654 = CARTESIAN_POINT ( 'NONE',  ( 2.500000000000001332, 27.40000000000001634, 50.00000000000000000 ) ) ;
#3655 = ORIENTED_EDGE ( 'NONE', *, *, #2638, .T. ) ;
#3656 = DIRECTION ( 'NONE',  ( -0.0000000000000000000, -0.0000000000000000000, -1.000000000000000000 ) ) ;
#3657 = DIRECTION ( 'NONE',  ( 1.000000000000000000, -3.614007241618369971E-16, 0.0000000000000000000 ) ) ;
#3658 = DIRECTION ( 'NONE',  ( 0.0000000000000000000, 0.0000000000000000000, 1.000000000000000000 ) ) ;
#3659 = VERTEX_POINT ( 'NONE', #3472 ) ;
#3660 = CARTESIAN_POINT ( 'NONE',  ( 39.20000000000000284, 25.10000000000001918, 50.00000000000000000 ) ) ;
#3661 = VERTEX_POINT ( 'NONE', #5968 ) ;
#3662 = CARTESIAN_POINT ( 'NONE',  ( 38.50000000000036948, 12.60000000000293596, 50.00000000000000000 ) ) ;
#3663 = CARTESIAN_POINT ( 'NONE',  ( 4.200000000000001066, 13.90000000000001812, 50.00000000000000000 ) ) ;
#3664 = EDGE_CURVE ( 'NONE', #4387, #4788, #2560, .T. ) ;
#3665 = CARTESIAN_POINT ( 'NONE',  ( 40.00000000000000711, 14.70000000000001528, 50.00000000000000000 ) ) ;
#3666 = CARTESIAN_POINT ( 'NONE',  ( 1.199999999999999956, 24.10000000000001563, 50.00000000000000000 ) ) ;
#3667 = ORIENTED_EDGE ( 'NONE', *, *, #4952, .T. ) ;
#3668 = ADVANCED_FACE ( 'NONE', ( #1465 ), #3564, .F. ) ;
#3669 = CARTESIAN_POINT ( 'NONE',  ( 25.09999999999998721, 0.7999999999999987121, 0.0000000000000000000 ) ) ;
#3670 = FACE_OUTER_BOUND ( 'NONE', #5091, .T. ) ;
#3671 = VERTEX_POINT ( 'NONE', #1525 ) ;
#3672 = CARTESIAN_POINT ( 'NONE',  ( 35.79999999999999005, 13.60000000000294307, 0.0000000000000000000 ) ) ;
#3673 = AXIS2_PLACEMENT_3D ( 'NONE', #879, #2365, #913 ) ;
#3674 = AXIS2_PLACEMENT_3D ( 'NONE', #4289, #6277, #3326 ) ;
#3675 = ORIENTED_EDGE ( 'NONE', *, *, #348, .F. ) ;
#3676 = CARTESIAN_POINT ( 'NONE',  ( 2.500000000000008438, 26.40000000000001634, 50.00000000000000000 ) ) ;
#3677 = DIRECTION ( 'NONE',  ( -1.000000000000000000, 0.0000000000000000000, 0.0000000000000000000 ) ) ;
#3678 = AXIS2_PLACEMENT_3D ( 'NONE', #2128, #6154, #5665 ) ;
#3679 = AXIS2_PLACEMENT_3D ( 'NONE', #2989, #35, #5992 ) ;
#3680 = EDGE_LOOP ( 'NONE', ( #1846, #783, #2228, #6245 ) ) ;
#3681 = EDGE_LOOP ( 'NONE', ( #5264, #153, #2954, #1837 ) ) ;
#3682 = EDGE_LOOP ( 'NONE', ( #2003, #1040, #2538, #1076 ) ) ;
#3683 = EDGE_CURVE ( 'NONE', #2687, #736, #5341, .T. ) ;
#3684 = AXIS2_PLACEMENT_3D ( 'NONE', #3018, #3505, #1526 ) ;
#3685 = VERTEX_POINT ( 'NONE', #982 ) ;
#3686 = DIRECTION ( 'NONE',  ( -0.0000000000000000000, -0.0000000000000000000, -1.000000000000000000 ) ) ;
#3687 = LINE ( 'NONE', #2193, #4193 ) ;
#3688 = EDGE_CURVE ( 'NONE', #214, #5848, #6174, .T. ) ;
#3689 = ORIENTED_EDGE ( 'NONE', *, *, #421, .F. ) ;
#3690 = DIRECTION ( 'NONE',  ( -1.000000000000000000, 0.0000000000000000000, 0.0000000000000000000 ) ) ;
#3691 = CARTESIAN_POINT ( 'NONE',  ( 13.90000000000083169, 35.50000000000001421, 0.0000000000000000000 ) ) ;
#3692 = CARTESIAN_POINT ( 'NONE',  ( 37.50000000000009237, 29.24999999999955236, 50.00000000000000000 ) ) ;
#3693 = ORIENTED_EDGE ( 'NONE', *, *, #3893, .F. ) ;
#3694 = CYLINDRICAL_SURFACE ( 'NONE', #30, 1.000000000000000444 ) ;
#3695 = ORIENTED_EDGE ( 'NONE', *, *, #5586, .F. ) ;
#3696 = EDGE_CURVE ( 'NONE', #2917, #2676, #2036, .T. ) ;
#3697 = CARTESIAN_POINT ( 'NONE',  ( 1.300000000000366862, 4.499999999999889866, 50.00000000000000000 ) ) ;
#3698 = CARTESIAN_POINT ( 'NONE',  ( 11.74999999999999822, 32.49264068711923414, 50.00000000000000000 ) ) ;
#3699 = CARTESIAN_POINT ( 'NONE',  ( 38.70000000000031548, 4.500000000000101252, 50.00000000000000000 ) ) ;
#3700 = DIRECTION ( 'NONE',  ( -1.000000000000000000, 0.0000000000000000000, 0.0000000000000000000 ) ) ;
#3701 = EDGE_CURVE ( 'NONE', #3590, #2397, #3503, .T. ) ;
#3702 = ORIENTED_EDGE ( 'NONE', *, *, #2050, .T. ) ;
#3703 = LINE ( 'NONE', #5680, #2403 ) ;
#3704 = EDGE_CURVE ( 'NONE', #1706, #1681, #609, .T. ) ;
#3705 = LINE ( 'NONE', #2775, #6060 ) ;
#3706 = EDGE_CURVE ( 'NONE', #1768, #5963, #92, .T. ) ;
#3707 = CARTESIAN_POINT ( 'NONE',  ( 31.55000000000037019, 2.300000000000085976, 0.0000000000000000000 ) ) ;
#3708 = ORIENTED_EDGE ( 'NONE', *, *, #6086, .T. ) ;
#3709 = CARTESIAN_POINT ( 'NONE',  ( 20.00000000000000000, 20.00000000000000000, 0.0000000000000000000 ) ) ;
#3710 = LINE ( 'NONE', #1255, #5334 ) ;
#3711 = EDGE_CURVE ( 'NONE', #5200, #3685, #2529, .T. ) ;
#3712 = VERTEX_POINT ( 'NONE', #5506 ) ;
#3713 = VERTEX_POINT ( 'NONE', #4493 ) ;
#3714 = ORIENTED_EDGE ( 'NONE', *, *, #3664, .T. ) ;
#3715 = VERTEX_POINT ( 'NONE', #1079 ) ;
#3716 = DIRECTION ( 'NONE',  ( 0.0000000000000000000, 0.0000000000000000000, 1.000000000000000000 ) ) ;
#3717 = DIRECTION ( 'NONE',  ( -0.0000000000000000000, -0.0000000000000000000, -1.000000000000000000 ) ) ;
#3718 = DIRECTION ( 'NONE',  ( 0.0000000000000000000, 0.0000000000000000000, 1.000000000000000000 ) ) ;
#3719 = ORIENTED_EDGE ( 'NONE', *, *, #5518, .F. ) ;
#3720 = EDGE_CURVE ( 'NONE', #3187, #3713, #2958, .T. ) ;
#3721 = FACE_OUTER_BOUND ( 'NONE', #5935, .T. ) ;
#3722 = LINE ( 'NONE', #391, #4468 ) ;
#3723 = ORIENTED_EDGE ( 'NONE', *, *, #889, .T. ) ;
#3724 = FACE_OUTER_BOUND ( 'NONE', #5551, .T. ) ;
#3725 = VECTOR ( 'NONE', #6153, 1000.000000000000000 ) ;
#3726 = ORIENTED_EDGE ( 'NONE', *, *, #4869, .F. ) ;
#3727 = DIRECTION ( 'NONE',  ( -0.0000000000000000000, 1.000000000000000000, -0.0000000000000000000 ) ) ;
#3728 = CARTESIAN_POINT ( 'NONE',  ( 25.09999999999998721, 39.80000000000003268, 0.0000000000000000000 ) ) ;
#3729 = AXIS2_PLACEMENT_3D ( 'NONE', #5607, #4081, #2733 ) ;
#3730 = DIRECTION ( 'NONE',  ( 1.000000000000000000, 0.0000000000000000000, 0.0000000000000000000 ) ) ;
#3731 = CARTESIAN_POINT ( 'NONE',  ( 15.09999999999998543, 39.00000000000001421, 50.00000000000000000 ) ) ;
#3732 = VECTOR ( 'NONE', #5621, 1000.000000000000000 ) ;
#3733 = VERTEX_POINT ( 'NONE', #4524 ) ;
#3734 = FACE_OUTER_BOUND ( 'NONE', #2762, .T. ) ;
#3735 = DIRECTION ( 'NONE',  ( -0.0000000000000000000, 1.000000000000000000, -0.0000000000000000000 ) ) ;
#3736 =( NAMED_UNIT ( * ) SI_UNIT ( $, .STERADIAN. ) SOLID_ANGLE_UNIT ( ) );
#3737 = EDGE_LOOP ( 'NONE', ( #5827, #5728, #5591, #2437 ) ) ;
#3738 = LINE ( 'NONE', #5157, #5441 ) ;
#3739 = AXIS2_PLACEMENT_3D ( 'NONE', #4397, #1516, #4008 ) ;
#3740 = CIRCLE ( 'NONE', #2710, 2.000000000000005329 ) ;
#3741 = CARTESIAN_POINT ( 'NONE',  ( 13.60000000000082743, 35.80000000000002558, 0.0000000000000000000 ) ) ;
#3742 = VECTOR ( 'NONE', #2099, 1000.000000000000000 ) ;
#3743 = EDGE_LOOP ( 'NONE', ( #360, #1571, #6185, #6415 ) ) ;
#3744 = ADVANCED_FACE ( 'NONE', ( #4924 ), #4043, .F. ) ;
#3745 = EDGE_LOOP ( 'NONE', ( #3942, #410, #3523, #1294 ) ) ;
#3746 = CIRCLE ( 'NONE', #1987, 2.000000000000000000 ) ;
#3747 = ORIENTED_EDGE ( 'NONE', *, *, #2944, .F. ) ;
#3748 = VERTEX_POINT ( 'NONE', #4655 ) ;
#3749 = CARTESIAN_POINT ( 'NONE',  ( 15.89999999999998437, 38.80000000000001847, 50.00000000000000000 ) ) ;
#3750 = EDGE_CURVE ( 'NONE', #5629, #5760, #124, .T. ) ;
#3751 = DIRECTION ( 'NONE',  ( 3.614007241618369971E-16, 1.000000000000000000, 0.0000000000000000000 ) ) ;
#3752 = LINE ( 'NONE', #5735, #3784 ) ;
#3753 = AXIS2_PLACEMENT_3D ( 'NONE', #469, #4529, #6063 ) ;
#3754 = VERTEX_POINT ( 'NONE', #740 ) ;
#3755 = CARTESIAN_POINT ( 'NONE',  ( 10.75000000000000533, 1.499999999999999334, 50.00000000000000000 ) ) ;
#3756 = DIRECTION ( 'NONE',  ( -0.0000000000000000000, -0.0000000000000000000, -1.000000000000000000 ) ) ;
#3757 = ORIENTED_EDGE ( 'NONE', *, *, #401, .T. ) ;
#3758 = DIRECTION ( 'NONE',  ( -0.0000000000000000000, -0.0000000000000000000, -1.000000000000000000 ) ) ;
#3759 = DIRECTION ( 'NONE',  ( -1.000000000000000000, 0.0000000000000000000, 0.0000000000000000000 ) ) ;
#3760 = CARTESIAN_POINT ( 'NONE',  ( 16.24264068711928743, 12.00000000000000178, 0.0000000000000000000 ) ) ;
#3761 = DIRECTION ( 'NONE',  ( -0.0000000000000000000, -0.0000000000000000000, -1.000000000000000000 ) ) ;
#3762 = CARTESIAN_POINT ( 'NONE',  ( 12.59999999999997655, 1.499999999999999112, 50.00000000000000000 ) ) ;
#3763 = CARTESIAN_POINT ( 'NONE',  ( 24.39999999999998437, 35.50000000000004263, 50.00000000000000000 ) ) ;
#3764 = DIRECTION ( 'NONE',  ( 0.0000000000000000000, 1.000000000000000000, 0.0000000000000000000 ) ) ;
#3765 = CIRCLE ( 'NONE', #4999, 2.000000000000000000 ) ;
#3766 = EDGE_LOOP ( 'NONE', ( #5761, #306, #4892, #690 ) ) ;
#3767 = EDGE_CURVE ( 'NONE', #2328, #5983, #2867, .T. ) ;
#3768 = FACE_OUTER_BOUND ( 'NONE', #382, .T. ) ;
#3769 = EDGE_CURVE ( 'NONE', #543, #5873, #3275, .T. ) ;
#3770 = LINE ( 'NONE', #2380, #5856 ) ;
#3771 = DIRECTION ( 'NONE',  ( -0.0000000000000000000, -0.0000000000000000000, -1.000000000000000000 ) ) ;
#3772 = CARTESIAN_POINT ( 'NONE',  ( 1.300000000000366862, 7.449999999999787903, 50.00000000000000000 ) ) ;
#3773 = EDGE_CURVE ( 'NONE', #1057, #5199, #2685, .T. ) ;
#3774 = CARTESIAN_POINT ( 'NONE',  ( 9.750000000000000000, 37.50000000000003553, 0.0000000000000000000 ) ) ;
#3775 = ORIENTED_EDGE ( 'NONE', *, *, #3767, .F. ) ;
#3776 = ORIENTED_EDGE ( 'NONE', *, *, #6029, .F. ) ;
#3777 = CIRCLE ( 'NONE', #3674, 0.3000000000000016542 ) ;
#3778 = VECTOR ( 'NONE', #964, 1000.000000000000000 ) ;
#3779 = VERTEX_POINT ( 'NONE', #2622 ) ;
#3780 = ADVANCED_FACE ( 'NONE', ( #4589 ), #5103, .F. ) ;
#3781 = ORIENTED_EDGE ( 'NONE', *, *, #562, .T. ) ;
#3782 = CARTESIAN_POINT ( 'NONE',  ( 8.449999999999999289, 37.69999999999978968, 50.00000000000000000 ) ) ;
#3783 = LINE ( 'NONE', #5734, #204 ) ;
#3784 = VECTOR ( 'NONE', #2788, 1000.000000000000000 ) ;
#3785 = AXIS2_PLACEMENT_3D ( 'NONE', #2216, #4191, #6180 ) ;
#3786 = CARTESIAN_POINT ( 'NONE',  ( 35.79999999999999005, 15.89999999999928271, 0.0000000000000000000 ) ) ;
#3787 = ORIENTED_EDGE ( 'NONE', *, *, #3273, .T. ) ;
#3788 = DIRECTION ( 'NONE',  ( 1.000000000000000000, 0.0000000000000000000, 0.0000000000000000000 ) ) ;
#3789 = EDGE_CURVE ( 'NONE', #4429, #3013, #3687, .T. ) ;
#3790 = DIRECTION ( 'NONE',  ( -1.000000000000000000, 0.0000000000000000000, 0.0000000000000000000 ) ) ;
#3791 = AXIS2_PLACEMENT_3D ( 'NONE', #3311, #3351, #886 ) ;
#3792 = EDGE_CURVE ( 'NONE', #5965, #3459, #2023, .T. ) ;
#3793 = ORIENTED_EDGE ( 'NONE', *, *, #5104, .T. ) ;
#3794 = DIRECTION ( 'NONE',  ( -1.000000000000000000, 0.0000000000000000000, 0.0000000000000000000 ) ) ;
#3795 = CYLINDRICAL_SURFACE ( 'NONE', #659, 2.000000000000005329 ) ;
#3796 = DIRECTION ( 'NONE',  ( -0.0000000000000000000, -0.0000000000000000000, -1.000000000000000000 ) ) ;
#3797 = FACE_OUTER_BOUND ( 'NONE', #1091, .T. ) ;
#3798 = AXIS2_PLACEMENT_3D ( 'NONE', #5994, #5172, #2130 ) ;
#3799 = DIRECTION ( 'NONE',  ( -0.0000000000000000000, -0.0000000000000000000, -1.000000000000000000 ) ) ;
#3800 = ORIENTED_EDGE ( 'NONE', *, *, #2663, .F. ) ;
#3801 = DIRECTION ( 'NONE',  ( -1.000000000000000000, 0.0000000000000000000, 0.0000000000000000000 ) ) ;
#3802 = DIRECTION ( 'NONE',  ( 0.0000000000000000000, -0.0000000000000000000, 1.000000000000000000 ) ) ;
#3803 = ORIENTED_EDGE ( 'NONE', *, *, #1596, .F. ) ;
#3804 = CARTESIAN_POINT ( 'NONE',  ( 8.921572875254007329, 10.33578643762692550, 50.00000000000000000 ) ) ;
#3805 = DIRECTION ( 'NONE',  ( 0.0000000000000000000, 0.0000000000000000000, 1.000000000000000000 ) ) ;
#3806 = EDGE_CURVE ( 'NONE', #1768, #2578, #2721, .T. ) ;
#3807 = DIRECTION ( 'NONE',  ( -1.000000000000000000, -0.0000000000000000000, -0.0000000000000000000 ) ) ;
#3808 = ORIENTED_EDGE ( 'NONE', *, *, #1844, .T. ) ;
#3809 = ADVANCED_FACE ( 'NONE', ( #2227 ), #6088, .T. ) ;
#3810 = LINE ( 'NONE', #2745, #4293 ) ;
#3811 = FACE_OUTER_BOUND ( 'NONE', #1386, .T. ) ;
#3812 = EDGE_LOOP ( 'NONE', ( #5901, #3329, #2581, #3781 ) ) ;
#3813 = VERTEX_POINT ( 'NONE', #4686 ) ;
#3814 = CARTESIAN_POINT ( 'NONE',  ( 24.39999999999998437, 35.50000000000004263, 50.00000000000000000 ) ) ;
#3815 = ORIENTED_EDGE ( 'NONE', *, *, #2919, .F. ) ;
#3816 = ORIENTED_EDGE ( 'NONE', *, *, #2243, .T. ) ;
#3817 = CARTESIAN_POINT ( 'NONE',  ( 35.50000000000000000, 35.50000000000000711, 0.0000000000000000000 ) ) ;
#3818 = LINE ( 'NONE', #5305, #2275 ) ;
#3819 = CARTESIAN_POINT ( 'NONE',  ( 0.9999999999999985567, 15.10000000000001918, 50.00000000000000000 ) ) ;
#3820 = VERTEX_POINT ( 'NONE', #4622 ) ;
#3821 = DIRECTION ( 'NONE',  ( -0.7071067811865421326, 0.7071067811865530128, 0.0000000000000000000 ) ) ;
#3822 = CARTESIAN_POINT ( 'NONE',  ( 39.20000000000000284, 25.10000000000001918, 0.0000000000000000000 ) ) ;
#3823 = ORIENTED_EDGE ( 'NONE', *, *, #3454, .F. ) ;
#3824 = FACE_OUTER_BOUND ( 'NONE', #4001, .T. ) ;
#3825 = DIRECTION ( 'NONE',  ( 1.000000000000000000, 0.0000000000000000000, 0.0000000000000000000 ) ) ;
#3826 = DIRECTION ( 'NONE',  ( -1.000000000000000000, 0.0000000000000000000, 0.0000000000000000000 ) ) ;
#3827 = EDGE_CURVE ( 'NONE', #2584, #3715, #5023, .T. ) ;
#3828 = CARTESIAN_POINT ( 'NONE',  ( -1.217252705265708188E-15, 25.30000000000002203, 0.0000000000000000000 ) ) ;
#3829 = PLANE ( 'NONE',  #334 ) ;
#3830 = PLANE ( 'NONE',  #5610 ) ;
#3831 = VECTOR ( 'NONE', #2753, 1000.000000000000000 ) ;
#3832 = ORIENTED_EDGE ( 'NONE', *, *, #2044, .F. ) ;
#3833 = VECTOR ( 'NONE', #4013, 1000.000000000000000 ) ;
#3834 = CYLINDRICAL_SURFACE ( 'NONE', #1059, 0.1999999999999987899 ) ;
#3835 = EDGE_CURVE ( 'NONE', #2917, #1639, #793, .T. ) ;
#3836 = DIRECTION ( 'NONE',  ( -1.000000000000000000, 0.0000000000000000000, 0.0000000000000000000 ) ) ;
#3837 = AXIS2_PLACEMENT_3D ( 'NONE', #4740, #1222, #1664 ) ;
#3838 = DIRECTION ( 'NONE',  ( -0.7071067811865474617, 0.7071067811865474617, -0.0000000000000000000 ) ) ;
#3839 = ORIENTED_EDGE ( 'NONE', *, *, #3497, .T. ) ;
#3840 = DIRECTION ( 'NONE',  ( -0.0000000000000000000, -0.0000000000000000000, -1.000000000000000000 ) ) ;
#3841 = EDGE_CURVE ( 'NONE', #6213, #865, #5698, .T. ) ;
#3842 = AXIS2_PLACEMENT_3D ( 'NONE', #1507, #407, #4907 ) ;
#3843 = EDGE_LOOP ( 'NONE', ( #3839, #2222, #1593, #2466 ) ) ;
#3844 = VERTEX_POINT ( 'NONE', #1265 ) ;
#3845 = CARTESIAN_POINT ( 'NONE',  ( 24.39999999999998437, 35.50000000000004263, 50.00000000000000000 ) ) ;
#3846 = ORIENTED_EDGE ( 'NONE', *, *, #5211, .F. ) ;
#3847 = AXIS2_PLACEMENT_3D ( 'NONE', #5153, #302, #5254 ) ;
#3848 = AXIS2_PLACEMENT_3D ( 'NONE', #3999, #1988, #6401 ) ;
#3849 = VERTEX_POINT ( 'NONE', #5632 ) ;
#3850 = CYLINDRICAL_SURFACE ( 'NONE', #3638, 1.999999999999998224 ) ;
#3851 = LINE ( 'NONE', #4332, #3831 ) ;
#3852 = EDGE_CURVE ( 'NONE', #6213, #4387, #3174, .T. ) ;
#3853 = CARTESIAN_POINT ( 'NONE',  ( 0.7999999999999983791, 15.10000000000001741, 50.00000000000000000 ) ) ;
#3854 = VECTOR ( 'NONE', #2858, 1000.000000000000000 ) ;
#3855 = VERTEX_POINT ( 'NONE', #5206 ) ;
#3856 = DIRECTION ( 'NONE',  ( -1.000000000000000000, 0.0000000000000000000, 0.0000000000000000000 ) ) ;
#3857 = EDGE_CURVE ( 'NONE', #3519, #963, #5340, .T. ) ;
#3858 = FACE_OUTER_BOUND ( 'NONE', #5058, .T. ) ;
#3859 = CIRCLE ( 'NONE', #2089, 1.000000000000000444 ) ;
#3860 = ORIENTED_EDGE ( 'NONE', *, *, #5553, .T. ) ;
#3861 = DIRECTION ( 'NONE',  ( 1.000000000000000000, 0.0000000000000000000, 0.0000000000000000000 ) ) ;
#3862 = CIRCLE ( 'NONE', #1892, 1.000000000000000888 ) ;
#3863 = DIRECTION ( 'NONE',  ( 1.000000000000000000, 0.0000000000000000000, 0.0000000000000000000 ) ) ;
#3864 = DIRECTION ( 'NONE',  ( -0.0000000000000000000, -0.0000000000000000000, -1.000000000000000000 ) ) ;
#3865 = CARTESIAN_POINT ( 'NONE',  ( 26.00000000000038369, 16.24264068711893572, 50.00000000000000000 ) ) ;
#3866 = DIRECTION ( 'NONE',  ( -1.000000000000000000, 0.0000000000000000000, 0.0000000000000000000 ) ) ;
#3867 = DIRECTION ( 'NONE',  ( 0.0000000000000000000, -0.0000000000000000000, -1.000000000000000000 ) ) ;
#3868 = VERTEX_POINT ( 'NONE', #1232 ) ;
#3869 = EDGE_CURVE ( 'NONE', #5651, #5471, #2231, .T. ) ;
#3870 = CARTESIAN_POINT ( 'NONE',  ( 31.55000000000037019, 7.449999999999999289, 50.00000000000000000 ) ) ;
#3871 = EDGE_CURVE ( 'NONE', #1260, #3386, #1616, .T. ) ;
#3872 = CARTESIAN_POINT ( 'NONE',  ( 26.58578643762728788, 14.82842712474584346, 0.0000000000000000000 ) ) ;
#3873 = EDGE_CURVE ( 'NONE', #4641, #4160, #3108, .T. ) ;
#3874 = ORIENTED_EDGE ( 'NONE', *, *, #1378, .T. ) ;
#3875 = CARTESIAN_POINT ( 'NONE',  ( 37.50000000000027001, 27.40000000000248548, 0.0000000000000000000 ) ) ;
#3876 = EDGE_LOOP ( 'NONE', ( #446, #3434, #119, #190 ) ) ;
#3877 = ORIENTED_EDGE ( 'NONE', *, *, #599, .F. ) ;
#3878 = CARTESIAN_POINT ( 'NONE',  ( 30.25000000000000711, 7.507359312880497626, 50.00000000000000000 ) ) ;
#3879 = EDGE_LOOP ( 'NONE', ( #3874, #1215, #3815, #2163 ) ) ;
#3880 = ORIENTED_EDGE ( 'NONE', *, *, #3905, .F. ) ;
#3881 = CARTESIAN_POINT ( 'NONE',  ( 4.199999999999999289, 15.90000000000001812, 50.00000000000000000 ) ) ;
#3882 = CARTESIAN_POINT ( 'NONE',  ( 14.89999999999998259, 0.2000000000000014821, 0.0000000000000000000 ) ) ;
#3883 = CARTESIAN_POINT ( 'NONE',  ( 39.20000000000000284, 14.90000000000001812, 0.0000000000000000000 ) ) ;
#3884 = ORIENTED_EDGE ( 'NONE', *, *, #3338, .F. ) ;
#3885 = CARTESIAN_POINT ( 'NONE',  ( 1.499999999999999556, 29.24999999999954525, 0.0000000000000000000 ) ) ;
#3886 = DIRECTION ( 'NONE',  ( 0.0000000000000000000, 0.0000000000000000000, 1.000000000000000000 ) ) ;
#3887 = EDGE_CURVE ( 'NONE', #1671, #6112, #876, .T. ) ;
#3888 = ORIENTED_EDGE ( 'NONE', *, *, #6340, .F. ) ;
#3889 = VECTOR ( 'NONE', #1698, 1000.000000000000000 ) ;
#3890 = VERTEX_POINT ( 'NONE', #809 ) ;
#3891 = VECTOR ( 'NONE', #800, 1000.000000000000000 ) ;
#3892 = FACE_OUTER_BOUND ( 'NONE', #2279, .T. ) ;
#3893 = EDGE_CURVE ( 'NONE', #902, #4431, #3302, .T. ) ;
#3894 = DIRECTION ( 'NONE',  ( -0.0000000000000000000, -0.0000000000000000000, -1.000000000000000000 ) ) ;
#3895 = LINE ( 'NONE', #5877, #4000 ) ;
#3896 = VECTOR ( 'NONE', #317, 1000.000000000000000 ) ;
#3897 = FACE_OUTER_BOUND ( 'NONE', #3198, .T. ) ;
#3898 = CARTESIAN_POINT ( 'NONE',  ( 2.500000000000001332, 27.40000000000001634, 0.0000000000000000000 ) ) ;
#3899 = DIRECTION ( 'NONE',  ( -1.000000000000000000, 0.0000000000000000000, 0.0000000000000000000 ) ) ;
#3900 = ORIENTED_EDGE ( 'NONE', *, *, #2705, .F. ) ;
#3901 = VECTOR ( 'NONE', #3379, 1000.000000000000000 ) ;
#3902 = ADVANCED_FACE ( 'NONE', ( #287 ), #3403, .F. ) ;
#3903 = CARTESIAN_POINT ( 'NONE',  ( 20.00000000000000000, 20.00000000000000000, 50.00000000000000000 ) ) ;
#3904 = CARTESIAN_POINT ( 'NONE',  ( 2.500000000000008438, 26.40000000000001634, 0.0000000000000000000 ) ) ;
#3905 = EDGE_CURVE ( 'NONE', #6182, #5888, #3068, .T. ) ;
#3906 = ORIENTED_EDGE ( 'NONE', *, *, #321, .T. ) ;
#3907 = CARTESIAN_POINT ( 'NONE',  ( 24.89999999999998792, 39.20000000000001705, 50.00000000000000000 ) ) ;
#3908 = EDGE_CURVE ( 'NONE', #4702, #2986, #1317, .T. ) ;
#3909 = VERTEX_POINT ( 'NONE', #1841 ) ;
#3910 = ORIENTED_EDGE ( 'NONE', *, *, #1107, .T. ) ;
#3911 = DIRECTION ( 'NONE',  ( -1.000000000000000000, 0.0000000000000000000, 0.0000000000000000000 ) ) ;
#3912 = ORIENTED_EDGE ( 'NONE', *, *, #4855, .F. ) ;
#3914 = ORIENTED_EDGE ( 'NONE', *, *, #64, .T. ) ;
#3913 = FACE_OUTER_BOUND ( 'NONE', #3812, .T. ) ;
#3915 = LINE ( 'NONE', #2461, #5713 ) ;
#3916 = FACE_OUTER_BOUND ( 'NONE', #903, .T. ) ;
#3917 = CYLINDRICAL_SURFACE ( 'NONE', #6273, 0.2000000000000005107 ) ;
#3918 = EDGE_CURVE ( 'NONE', #1799, #4441, #4849, .T. ) ;
#3919 = ORIENTED_EDGE ( 'NONE', *, *, #4852, .F. ) ;
#3920 = CYLINDRICAL_SURFACE ( 'NONE', #3267, 0.3000000000000016542 ) ;
#3921 = VECTOR ( 'NONE', #567, 1000.000000000000000 ) ;
#3922 = PRODUCT_DEFINITION_CONTEXT ( 'detailed design', #2313, 'design' ) ;
#3923 = ORIENTED_EDGE ( 'NONE', *, *, #662, .T. ) ;
#3924 = ORIENTED_EDGE ( 'NONE', *, *, #1867, .F. ) ;
#3925 = LINE ( 'NONE', #518, #5273 ) ;
#3926 = DIRECTION ( 'NONE',  ( 1.000000000000000000, 0.0000000000000000000, 0.0000000000000000000 ) ) ;
#3927 = ADVANCED_FACE ( 'NONE', ( #5268 ), #1806, .T. ) ;
#3928 = CARTESIAN_POINT ( 'NONE',  ( 38.50000000000009948, 29.24999999999964118, 50.00000000000000000 ) ) ;
#3929 = DIRECTION ( 'NONE',  ( -0.0000000000000000000, -0.0000000000000000000, -1.000000000000000000 ) ) ;
#3930 = LINE ( 'NONE', #559, #5716 ) ;
#3931 = CARTESIAN_POINT ( 'NONE',  ( 25.29999999999999005, 0.0000000000000000000, 50.00000000000000000 ) ) ;
#3932 = ORIENTED_EDGE ( 'NONE', *, *, #6080, .F. ) ;
#3933 = CARTESIAN_POINT ( 'NONE',  ( 2.500000000000006661, 30.24999999999955236, 50.00000000000000000 ) ) ;
#3934 = VECTOR ( 'NONE', #3525, 1000.000000000000000 ) ;
#3935 = CARTESIAN_POINT ( 'NONE',  ( 0.9999999999999985567, 15.10000000000001918, 50.00000000000000000 ) ) ;
#3936 = DIRECTION ( 'NONE',  ( 1.000000000000000000, 0.0000000000000000000, 0.0000000000000000000 ) ) ;
#3937 = ORIENTED_EDGE ( 'NONE', *, *, #5141, .F. ) ;
#3938 = CARTESIAN_POINT ( 'NONE',  ( 9.750000000000000000, 37.50000000000003553, 50.00000000000000000 ) ) ;
#3939 = CIRCLE ( 'NONE', #3522, 1.000000000000000000 ) ;
#3940 = VECTOR ( 'NONE', #1209, 1000.000000000000000 ) ;
#3941 = ORIENTED_EDGE ( 'NONE', *, *, #6007, .T. ) ;
#3942 = ORIENTED_EDGE ( 'NONE', *, *, #1010, .T. ) ;
#3943 = DIRECTION ( 'NONE',  ( -0.0000000000000000000, -0.0000000000000000000, -1.000000000000000000 ) ) ;
#3945 = ORIENTED_EDGE ( 'NONE', *, *, #4594, .F. ) ;
#3944 = DIRECTION ( 'NONE',  ( -1.000000000000000000, -0.0000000000000000000, -0.0000000000000000000 ) ) ;
#3946 = LINE ( 'NONE', #3006, #3225 ) ;
#3947 = EDGE_CURVE ( 'NONE', #852, #2046, #2125, .T. ) ;
#3948 = DIRECTION ( 'NONE',  ( -0.0000000000000000000, -0.0000000000000000000, -1.000000000000000000 ) ) ;
#3949 = ORIENTED_EDGE ( 'NONE', *, *, #804, .F. ) ;
#3950 = AXIS2_PLACEMENT_3D ( 'NONE', #2571, #1562, #593 ) ;
#3951 = ORIENTED_EDGE ( 'NONE', *, *, #3871, .F. ) ;
#3952 = EDGE_CURVE ( 'NONE', #2355, #3813, #1364, .T. ) ;
#3953 = ORIENTED_EDGE ( 'NONE', *, *, #4257, .T. ) ;
#3954 = FILL_AREA_STYLE ('',( #5379 ) ) ;
#3955 = DIRECTION ( 'NONE',  ( 0.0000000000000000000, 0.0000000000000000000, -1.000000000000000000 ) ) ;
#3956 = DIRECTION ( 'NONE',  ( -1.000000000000000000, 0.0000000000000000000, 0.0000000000000000000 ) ) ;
#3957 = VECTOR ( 'NONE', #880, 1000.000000000000000 ) ;
#3958 = AXIS2_PLACEMENT_3D ( 'NONE', #4940, #5335, #3427 ) ;
#3959 = DIRECTION ( 'NONE',  ( -1.000000000000000000, 0.0000000000000000000, 0.0000000000000000000 ) ) ;
#3960 = CARTESIAN_POINT ( 'NONE',  ( 13.59999999999998366, 2.500000000000006661, 50.00000000000000000 ) ) ;
#3961 = CARTESIAN_POINT ( 'NONE',  ( -1.084202172485504434E-16, 14.70000000000001528, 50.00000000000000000 ) ) ;
#3962 = AXIS2_PLACEMENT_3D ( 'NONE', #1117, #3089, #2139 ) ;
#3963 = DIRECTION ( 'NONE',  ( -1.000000000000000000, 0.0000000000000000000, 0.0000000000000000000 ) ) ;
#3964 = ORIENTED_EDGE ( 'NONE', *, *, #5167, .T. ) ;
#3965 = CYLINDRICAL_SURFACE ( 'NONE', #2643, 1.000000000000000888 ) ;
#3966 = VECTOR ( 'NONE', #195, 1000.000000000000114 ) ;
#3967 = DIRECTION ( 'NONE',  ( -1.000000000000000000, 0.0000000000000000000, 0.0000000000000000000 ) ) ;
#3968 = EDGE_CURVE ( 'NONE', #1391, #1, #1774, .T. ) ;
#3969 = VERTEX_POINT ( 'NONE', #2396 ) ;
#3970 = DIRECTION ( 'NONE',  ( -1.000000000000000000, 0.0000000000000000000, 0.0000000000000000000 ) ) ;
#3971 = EDGE_CURVE ( 'NONE', #4636, #2344, #1105, .T. ) ;
#3972 = ORIENTED_EDGE ( 'NONE', *, *, #2521, .F. ) ;
#3973 = ORIENTED_EDGE ( 'NONE', *, *, #1320, .T. ) ;
#3974 = DIRECTION ( 'NONE',  ( -1.000000000000000000, 0.0000000000000000000, 0.0000000000000000000 ) ) ;
#3976 = ORIENTED_EDGE ( 'NONE', *, *, #2197, .T. ) ;
#3975 = CARTESIAN_POINT ( 'NONE',  ( 13.90000000000083169, 35.50000000000001421, 50.00000000000000000 ) ) ;
#3977 = DIRECTION ( 'NONE',  ( -0.0000000000000000000, -0.0000000000000000000, -1.000000000000000000 ) ) ;
#3978 = FACE_OUTER_BOUND ( 'NONE', #2356, .T. ) ;
#3979 = CIRCLE ( 'NONE', #5924, 4.499999999999997335 ) ;
#3980 = EDGE_LOOP ( 'NONE', ( #831, #6155, #2640, #3294 ) ) ;
#3981 = ADVANCED_FACE ( 'NONE', ( #1394 ), #4333, .F. ) ;
#3982 = ORIENTED_EDGE ( 'NONE', *, *, #1967, .F. ) ;
#3983 = ORIENTED_EDGE ( 'NONE', *, *, #3077, .T. ) ;
#3984 = DIRECTION ( 'NONE',  ( -1.000000000000000000, 0.0000000000000000000, 0.0000000000000000000 ) ) ;
#3985 = CYLINDRICAL_SURFACE ( 'NONE', #61, 0.1999999999999987899 ) ;
#3986 = EDGE_CURVE ( 'NONE', #3057, #4007, #839, .T. ) ;
#3987 = DIRECTION ( 'NONE',  ( -0.0000000000000000000, -0.0000000000000000000, -1.000000000000000000 ) ) ;
#3988 = EDGE_CURVE ( 'NONE', #4359, #2758, #2761, .T. ) ;
#3989 = CARTESIAN_POINT ( 'NONE',  ( 2.300000000000373745, 8.449999999999795008, 50.00000000000000000 ) ) ;
#3990 = FACE_OUTER_BOUND ( 'NONE', #4356, .T. ) ;
#3991 = AXIS2_PLACEMENT_3D ( 'NONE', #379, #5687, #5197 ) ;
#3992 = VECTOR ( 'NONE', #5724, 1000.000000000000000 ) ;
#3993 = CARTESIAN_POINT ( 'NONE',  ( 4.500000000000001776, 13.90000000000001990, 0.0000000000000000000 ) ) ;
#3994 = ORIENTED_EDGE ( 'NONE', *, *, #1401, .T. ) ;
#3995 = LINE ( 'NONE', #135, #164 ) ;
#3996 = VECTOR ( 'NONE', #2893, 1000.000000000000000 ) ;
#3997 = VECTOR ( 'NONE', #1818, 1000.000000000000000 ) ;
#3998 = EDGE_CURVE ( 'NONE', #2707, #3849, #2967, .T. ) ;
#3999 = CARTESIAN_POINT ( 'NONE',  ( 24.29999999999998295, 1.199999999999999956, 50.00000000000000000 ) ) ;
#4000 = VECTOR ( 'NONE', #3987, 1000.000000000000000 ) ;
#4001 = EDGE_LOOP ( 'NONE', ( #2481, #5495, #357, #2875 ) ) ;
#4002 = CARTESIAN_POINT ( 'NONE',  ( 2.300000000000057998, 31.54999999999986926, 50.00000000000000000 ) ) ;
#4003 = EDGE_CURVE ( 'NONE', #1599, #1935, #2259, .T. ) ;
#4004 = ORIENTED_EDGE ( 'NONE', *, *, #3905, .T. ) ;
#4005 = VERTEX_POINT ( 'NONE', #6218 ) ;
#4006 = CARTESIAN_POINT ( 'NONE',  ( 38.80000000000001137, 24.29999999999927951, 50.00000000000000000 ) ) ;
#4007 = VERTEX_POINT ( 'NONE', #3786 ) ;
#4008 = DIRECTION ( 'NONE',  ( -0.0000000000000000000, 0.0000000000000000000, -1.000000000000000000 ) ) ;
#4009 = CARTESIAN_POINT ( 'NONE',  ( 35.50000000000000711, 35.50000000000001421, 50.00000000000000000 ) ) ;
#4010 = ORIENTED_EDGE ( 'NONE', *, *, #5343, .F. ) ;
#4011 = EDGE_LOOP ( 'NONE', ( #2312, #3583, #1545, #4432 ) ) ;
#4012 = ORIENTED_EDGE ( 'NONE', *, *, #84, .T. ) ;
#4013 = DIRECTION ( 'NONE',  ( -1.000000000000000000, 1.360567432138673116E-15, 0.0000000000000000000 ) ) ;
#4014 = DIRECTION ( 'NONE',  ( -1.000000000000000000, 0.0000000000000000000, 0.0000000000000000000 ) ) ;
#4015 = DIRECTION ( 'NONE',  ( 0.0000000000000000000, -0.0000000000000000000, -1.000000000000000000 ) ) ;
#4016 = CARTESIAN_POINT ( 'NONE',  ( 0.9999999999999985567, 24.30000000000001847, 50.00000000000000000 ) ) ;
#4017 = CARTESIAN_POINT ( 'NONE',  ( 13.41421356237310114, 14.82842712474610103, 0.0000000000000000000 ) ) ;
#4018 = FACE_OUTER_BOUND ( 'NONE', #5882, .T. ) ;
#4019 = ORIENTED_EDGE ( 'NONE', *, *, #3082, .F. ) ;
#4020 = DIRECTION ( 'NONE',  ( 0.0000000000000000000, 0.0000000000000000000, 1.000000000000000000 ) ) ;
#4021 = EDGE_CURVE ( 'NONE', #4871, #5454, #3752, .T. ) ;
#4022 = LINE ( 'NONE', #42, #537 ) ;
#4023 = VERTEX_POINT ( 'NONE', #1300 ) ;
#4024 = EDGE_LOOP ( 'NONE', ( #4207, #4157, #5345, #1755 ) ) ;
#4025 = EDGE_CURVE ( 'NONE', #6041, #3589, #4751, .T. ) ;
#4026 = CYLINDRICAL_SURFACE ( 'NONE', #6089, 0.2000000000000005107 ) ;
#4027 = AXIS2_PLACEMENT_3D ( 'NONE', #1606, #3586, #3101 ) ;
#4028 = DIRECTION ( 'NONE',  ( 1.000000000000000000, -8.163404592829867359E-15, 0.0000000000000000000 ) ) ;
#4029 = ORIENTED_EDGE ( 'NONE', *, *, #4197, .F. ) ;
#4030 = CARTESIAN_POINT ( 'NONE',  ( 40.00000000000000711, 25.30000000000002203, 50.00000000000000000 ) ) ;
#4031 = AXIS2_PLACEMENT_3D ( 'NONE', #2224, #2621, #704 ) ;
#4032 = EDGE_CURVE ( 'NONE', #3270, #1180, #3433, .T. ) ;
#4033 = ORIENTED_EDGE ( 'NONE', *, *, #5353, .T. ) ;
#4034 = DIRECTION ( 'NONE',  ( 0.0000000000000000000, 0.0000000000000000000, 1.000000000000000000 ) ) ;
#4035 = CYLINDRICAL_SURFACE ( 'NONE', #5686, 0.3000000000000007661 ) ;
#4036 = ORIENTED_EDGE ( 'NONE', *, *, #1891, .F. ) ;
#4037 = VERTEX_POINT ( 'NONE', #1938 ) ;
#4038 = AXIS2_PLACEMENT_3D ( 'NONE', #5755, #4640, #797 ) ;
#4039 = ORIENTED_EDGE ( 'NONE', *, *, #5584, .F. ) ;
#4040 = ADVANCED_FACE ( 'NONE', ( #2916 ), #3917, .T. ) ;
#4041 = ORIENTED_EDGE ( 'NONE', *, *, #2064, .F. ) ;
#4042 = DIRECTION ( 'NONE',  ( 0.0000000000000000000, 0.0000000000000000000, 1.000000000000000000 ) ) ;
#4043 = CYLINDRICAL_SURFACE ( 'NONE', #4411, 1.000000000000000888 ) ;
#4044 = ADVANCED_FACE ( 'NONE', ( #4399 ), #6261, .F. ) ;
#4045 = DIRECTION ( 'NONE',  ( 0.7071067811865420216, -0.7071067811865531239, 0.0000000000000000000 ) ) ;
#4046 = CYLINDRICAL_SURFACE ( 'NONE', #5507, 4.500000000000002665 ) ;
#4047 = DIRECTION ( 'NONE',  ( -0.0000000000000000000, -0.0000000000000000000, -1.000000000000000000 ) ) ;
#4048 = CARTESIAN_POINT ( 'NONE',  ( 16.24264068711929809, 14.00000000000000178, 50.00000000000000000 ) ) ;
#4049 = VERTEX_POINT ( 'NONE', #5354 ) ;
#4050 = VECTOR ( 'NONE', #3314, 1000.000000000000000 ) ;
#4051 = VECTOR ( 'NONE', #4836, 1000.000000000000000 ) ;
#4052 = LINE ( 'NONE', #6039, #673 ) ;
#4053 = CIRCLE ( 'NONE', #4469, 4.500000000000003553 ) ;
#4054 = VECTOR ( 'NONE', #4371, 1000.000000000000000 ) ;
#4055 = DIRECTION ( 'NONE',  ( -1.000000000000000000, 0.0000000000000000000, 0.0000000000000000000 ) ) ;
#4056 = EDGE_CURVE ( 'NONE', #1903, #4996, #2797, .T. ) ;
#4057 = AXIS2_PLACEMENT_3D ( 'NONE', #1065, #5556, #600 ) ;
#4058 = VERTEX_POINT ( 'NONE', #5318 ) ;
#4059 = DIRECTION ( 'NONE',  ( -1.000000000000000000, 0.0000000000000000000, 0.0000000000000000000 ) ) ;
#4060 = VECTOR ( 'NONE', #1980, 1000.000000000000000 ) ;
#4061 = EDGE_CURVE ( 'NONE', #1681, #6253, #918, .T. ) ;
#4062 = CARTESIAN_POINT ( 'NONE',  ( 16.24264068711926257, 26.00000000000000355, 50.00000000000000000 ) ) ;
#4063 = VERTEX_POINT ( 'NONE', #2407 ) ;
#4064 = EDGE_CURVE ( 'NONE', #2426, #5565, #5709, .T. ) ;
#4065 = DIRECTION ( 'NONE',  ( -0.0000000000000000000, -0.0000000000000000000, -1.000000000000000000 ) ) ;
#4066 = VERTEX_POINT ( 'NONE', #365 ) ;
#4067 = CARTESIAN_POINT ( 'NONE',  ( 37.50000000000036238, 13.60000000000294307, 50.00000000000000000 ) ) ;
#4068 = DIRECTION ( 'NONE',  ( -0.0000000000000000000, -0.0000000000000000000, -1.000000000000000000 ) ) ;
#4069 = ORIENTED_EDGE ( 'NONE', *, *, #3585, .F. ) ;
#4070 = AXIS2_PLACEMENT_3D ( 'NONE', #2361, #6284, #1262 ) ;
#4071 = VERTEX_POINT ( 'NONE', #329 ) ;
#4072 = VERTEX_POINT ( 'NONE', #4860 ) ;
#4073 = LINE ( 'NONE', #642, #4347 ) ;
#4074 = CARTESIAN_POINT ( 'NONE',  ( 25.09999999999998721, 0.2000000000000014266, 0.0000000000000000000 ) ) ;
#4075 = EDGE_CURVE ( 'NONE', #4303, #474, #2374, .T. ) ;
#4076 = DIRECTION ( 'NONE',  ( 1.000000000000000000, 0.0000000000000000000, 0.0000000000000000000 ) ) ;
#4077 = DIRECTION ( 'NONE',  ( -1.000000000000000000, 0.0000000000000000000, 0.0000000000000000000 ) ) ;
#4078 = DIRECTION ( 'NONE',  ( -1.000000000000000000, 0.0000000000000000000, 0.0000000000000000000 ) ) ;
#4079 = CARTESIAN_POINT ( 'NONE',  ( 15.69999999999998153, 0.9999999999999995559, 50.00000000000000000 ) ) ;
#4080 = ORIENTED_EDGE ( 'NONE', *, *, #5010, .F. ) ;
#4081 = DIRECTION ( 'NONE',  ( 0.0000000000000000000, -1.000000000000000000, 0.0000000000000000000 ) ) ;
#4082 = FACE_OUTER_BOUND ( 'NONE', #1990, .T. ) ;
#4083 = LINE ( 'NONE', #3604, #4676 ) ;
#4084 = CARTESIAN_POINT ( 'NONE',  ( 14.89999999999998259, 39.80000000000001847, 0.0000000000000000000 ) ) ;
#4085 = ORIENTED_EDGE ( 'NONE', *, *, #79, .F. ) ;
#4086 = DIRECTION ( 'NONE',  ( 0.0000000000000000000, -1.000000000000000000, 0.0000000000000000000 ) ) ;
#4087 = VECTOR ( 'NONE', #1472, 1000.000000000000000 ) ;
#4088 = DIRECTION ( 'NONE',  ( -1.000000000000000000, 0.0000000000000000000, 0.0000000000000000000 ) ) ;
#4089 = ORIENTED_EDGE ( 'NONE', *, *, #5167, .F. ) ;
#4090 = AXIS2_PLACEMENT_3D ( 'NONE', #5767, #5372, #4302 ) ;
#4091 = DIRECTION ( 'NONE',  ( 0.0000000000000000000, -0.0000000000000000000, 1.000000000000000000 ) ) ;
#4092 = ORIENTED_EDGE ( 'NONE', *, *, #1221, .T. ) ;
#4093 = DIRECTION ( 'NONE',  ( -0.0000000000000000000, -0.0000000000000000000, -1.000000000000000000 ) ) ;
#4094 = CARTESIAN_POINT ( 'NONE',  ( 29.66421356237311358, 8.921572875253589885, 0.0000000000000000000 ) ) ;
#4095 = VECTOR ( 'NONE', #2857, 1000.000000000000000 ) ;
#4096 = EDGE_CURVE ( 'NONE', #5888, #6120, #1788, .T. ) ;
#4097 = ORIENTED_EDGE ( 'NONE', *, *, #4178, .F. ) ;
#4098 = ORIENTED_EDGE ( 'NONE', *, *, #4192, .F. ) ;
#4099 = ORIENTED_EDGE ( 'NONE', *, *, #5006, .F. ) ;
#4100 = EDGE_LOOP ( 'NONE', ( #3397, #6309, #3569, #1361 ) ) ;
#4101 = EDGE_CURVE ( 'NONE', #3394, #4681, #1752, .T. ) ;
#4102 = CYLINDRICAL_SURFACE ( 'NONE', #101, 1.000000000000000444 ) ;
#4103 = CARTESIAN_POINT ( 'NONE',  ( 4.089858178284565156E-16, 35.49999999999998579, 0.0000000000000000000 ) ) ;
#4104 = ORIENTED_EDGE ( 'NONE', *, *, #1026, .T. ) ;
#4105 = LINE ( 'NONE', #1110, #3281 ) ;
#4106 = LINE ( 'NONE', #4692, #1473 ) ;
#4107 = DIRECTION ( 'NONE',  ( 0.0000000000000000000, 1.000000000000000000, -0.0000000000000000000 ) ) ;
#4108 = CARTESIAN_POINT ( 'NONE',  ( 32.55000000000005400, 38.69999999999998863, 0.0000000000000000000 ) ) ;
#4109 = ORIENTED_EDGE ( 'NONE', *, *, #2635, .F. ) ;
#4110 = CARTESIAN_POINT ( 'NONE',  ( 13.41421356237310114, 14.82842712474610103, 0.0000000000000000000 ) ) ;
#4111 = ADVANCED_FACE ( 'NONE', ( #1342 ), #4313, .F. ) ;
#4112 = DIRECTION ( 'NONE',  ( -1.000000000000000000, 0.0000000000000000000, 0.0000000000000000000 ) ) ;
#4113 = CARTESIAN_POINT ( 'NONE',  ( 4.200000000000001066, 13.90000000000001812, 0.0000000000000000000 ) ) ;
#4114 = LINE ( 'NONE', #5613, #3025 ) ;
#4115 = CIRCLE ( 'NONE', #4738, 2.000000000000001776 ) ;
#4116 = ORIENTED_EDGE ( 'NONE', *, *, #2619, .F. ) ;
#4117 = CARTESIAN_POINT ( 'NONE',  ( 24.09999999999998366, 35.80000000000004690, 50.00000000000000000 ) ) ;
#4118 = DIRECTION ( 'NONE',  ( 0.0000000000000000000, 0.0000000000000000000, 1.000000000000000000 ) ) ;
#4119 = ORIENTED_EDGE ( 'NONE', *, *, #1540, .T. ) ;
#4120 = CARTESIAN_POINT ( 'NONE',  ( 37.69999999999999574, 31.55000000000007887, 50.00000000000000000 ) ) ;
#4121 = ORIENTED_EDGE ( 'NONE', *, *, #5323, .F. ) ;
#4122 = CARTESIAN_POINT ( 'NONE',  ( 12.59999999999998188, 2.499999999999999556, 50.00000000000000000 ) ) ;
#4123 = LINE ( 'NONE', #6110, #1246 ) ;
#4124 = EDGE_LOOP ( 'NONE', ( #209, #2002, #3816, #144 ) ) ;
#4125 = ORIENTED_EDGE ( 'NONE', *, *, #2176, .F. ) ;
#4126 = AXIS2_PLACEMENT_3D ( 'NONE', #3260, #4324, #309 ) ;
#4127 = ORIENTED_EDGE ( 'NONE', *, *, #952, .T. ) ;
#4128 = EDGE_CURVE ( 'NONE', #4475, #184, #5249, .T. ) ;
#4129 = CIRCLE ( 'NONE', #2277, 2.000000000000001776 ) ;
#4130 = VERTEX_POINT ( 'NONE', #2303 ) ;
#4131 = CARTESIAN_POINT ( 'NONE',  ( 37.50000000000036948, 10.74999999999961098, 0.0000000000000000000 ) ) ;
#4132 = DIRECTION ( 'NONE',  ( 0.0000000000000000000, 0.0000000000000000000, 1.000000000000000000 ) ) ;
#4133 = AXIS2_PLACEMENT_3D ( 'NONE', #5851, #6304, #3936 ) ;
#4134 = ORIENTED_EDGE ( 'NONE', *, *, #4460, .T. ) ;
#4135 = CYLINDRICAL_SURFACE ( 'NONE', #3587, 0.2999999999999999334 ) ;
#4136 = EDGE_CURVE ( 'NONE', #184, #906, #2767, .T. ) ;
#4137 = CARTESIAN_POINT ( 'NONE',  ( 15.09999999999998543, 0.9999999999999997780, 0.0000000000000000000 ) ) ;
#4138 = DIRECTION ( 'NONE',  ( 0.0000000000000000000, 0.0000000000000000000, 1.000000000000000000 ) ) ;
#4139 = ORIENTED_EDGE ( 'NONE', *, *, #5789, .T. ) ;
#4140 = DIRECTION ( 'NONE',  ( 0.0000000000000000000, 1.000000000000000000, 0.0000000000000000000 ) ) ;
#4141 = ORIENTED_EDGE ( 'NONE', *, *, #2973, .F. ) ;
#4142 = DIRECTION ( 'NONE',  ( -3.614007241618369971E-16, -1.000000000000000000, 0.0000000000000000000 ) ) ;
#4143 = AXIS2_PLACEMENT_3D ( 'NONE', #1991, #3422, #4839 ) ;
#4144 = CARTESIAN_POINT ( 'NONE',  ( 0.2000000000000002054, 25.10000000000001918, 50.00000000000000000 ) ) ;
#4145 = PLANE ( 'NONE',  #3962 ) ;
#4146 = DIRECTION ( 'NONE',  ( -0.0000000000000000000, -0.0000000000000000000, -1.000000000000000000 ) ) ;
#4147 = VECTOR ( 'NONE', #2969, 1000.000000000000000 ) ;
#4148 = VERTEX_POINT ( 'NONE', #4344 ) ;
#4149 = CARTESIAN_POINT ( 'NONE',  ( 39.80000000000001137, 25.10000000000001918, 50.00000000000000000 ) ) ;
#4150 = AXIS2_PLACEMENT_3D ( 'NONE', #3536, #69, #3054 ) ;
#4151 = DIRECTION ( 'NONE',  ( -1.000000000000000000, 0.0000000000000000000, 0.0000000000000000000 ) ) ;
#4152 = ORIENTED_EDGE ( 'NONE', *, *, #4993, .T. ) ;
#4153 = EDGE_CURVE ( 'NONE', #2107, #1063, #4277, .T. ) ;
#4154 = PLANE ( 'NONE',  #5170 ) ;
#4155 = VECTOR ( 'NONE', #230, 1000.000000000000000 ) ;
#4157 = ORIENTED_EDGE ( 'NONE', *, *, #699, .F. ) ;
#4156 = EDGE_CURVE ( 'NONE', #3969, #4475, #5778, .T. ) ;
#4158 = FACE_OUTER_BOUND ( 'NONE', #5532, .T. ) ;
#4159 = FACE_OUTER_BOUND ( 'NONE', #6400, .T. ) ;
#4160 = VERTEX_POINT ( 'NONE', #3828 ) ;
#4161 = EDGE_LOOP ( 'NONE', ( #1602, #1130, #5899, #5837 ) ) ;
#4162 = EDGE_LOOP ( 'NONE', ( #1419, #2032, #3104, #3808 ) ) ;
#4163 = ORIENTED_EDGE ( 'NONE', *, *, #3017, .T. ) ;
#4164 = DIRECTION ( 'NONE',  ( -1.000000000000000000, 0.0000000000000000000, 0.0000000000000000000 ) ) ;
#4165 = DIRECTION ( 'NONE',  ( -0.0000000000000000000, -0.0000000000000000000, -1.000000000000000000 ) ) ;
#4166 = VECTOR ( 'NONE', #542, 1000.000000000000000 ) ;
#4167 = EDGE_CURVE ( 'NONE', #6085, #115, #2769, .T. ) ;
#4168 = VERTEX_POINT ( 'NONE', #6326 ) ;
#4169 = LINE ( 'NONE', #6058, #3171 ) ;
#4170 = DIRECTION ( 'NONE',  ( -1.000000000000000000, 0.0000000000000000000, 0.0000000000000000000 ) ) ;
#4171 = LINE ( 'NONE', #4660, #747 ) ;
#4172 = ORIENTED_EDGE ( 'NONE', *, *, #5681, .T. ) ;
#4173 = CARTESIAN_POINT ( 'NONE',  ( 8.353015431920196533E-16, 4.500000000000032863, 50.00000000000000000 ) ) ;
#4174 = LINE ( 'NONE', #683, #1591 ) ;
#4175 = LINE ( 'NONE', #4210, #1046 ) ;
#4176 = CARTESIAN_POINT ( 'NONE',  ( 32.55000000000037375, 7.450000000000006395, 0.0000000000000000000 ) ) ;
#4177 = ADVANCED_FACE ( 'NONE', ( #5217 ), #4731, .F. ) ;
#4178 = EDGE_CURVE ( 'NONE', #4071, #551, #297, .T. ) ;
#4179 = EDGE_CURVE ( 'NONE', #1515, #1903, #397, .T. ) ;
#4180 = DIRECTION ( 'NONE',  ( 0.0000000000000000000, 0.0000000000000000000, 1.000000000000000000 ) ) ;
#4181 = CARTESIAN_POINT ( 'NONE',  ( 25.09999999999998721, 0.2000000000000014266, 0.0000000000000000000 ) ) ;
#4182 = ORIENTED_EDGE ( 'NONE', *, *, #1382, .F. ) ;
#4183 = DIRECTION ( 'NONE',  ( -0.0000000000000000000, -0.0000000000000000000, -1.000000000000000000 ) ) ;
#4184 = EDGE_CURVE ( 'NONE', #5001, #3207, #2131, .T. ) ;
#4185 = DIRECTION ( 'NONE',  ( -0.0000000000000000000, -0.0000000000000000000, -1.000000000000000000 ) ) ;
#4186 = DIRECTION ( 'NONE',  ( 0.0000000000000000000, 1.000000000000000000, 0.0000000000000000000 ) ) ;
#4187 = AXIS2_PLACEMENT_3D ( 'NONE', #5719, #4118, #724 ) ;
#4188 = AXIS2_PLACEMENT_3D ( 'NONE', #2668, #4631, #262 ) ;
#4189 = ORIENTED_EDGE ( 'NONE', *, *, #5081, .F. ) ;
#4190 = DIRECTION ( 'NONE',  ( -0.0000000000000000000, -0.0000000000000000000, -1.000000000000000000 ) ) ;
#4191 = DIRECTION ( 'NONE',  ( 0.0000000000000000000, 1.000000000000000000, 0.0000000000000000000 ) ) ;
#4192 = EDGE_CURVE ( 'NONE', #6275, #6342, #2007, .T. ) ;
#4193 = VECTOR ( 'NONE', #5567, 1000.000000000000000 ) ;
#4194 = VECTOR ( 'NONE', #5844, 1000.000000000000000 ) ;
#4195 = ORIENTED_EDGE ( 'NONE', *, *, #6297, .F. ) ;
#4196 = ORIENTED_EDGE ( 'NONE', *, *, #923, .F. ) ;
#4197 = EDGE_CURVE ( 'NONE', #635, #3287, #3053, .T. ) ;
#4198 = EDGE_LOOP ( 'NONE', ( #1874, #366, #2679, #6161 ) ) ;
#4199 = AXIS2_PLACEMENT_3D ( 'NONE', #2822, #256, #1843 ) ;
#4200 = ORIENTED_EDGE ( 'NONE', *, *, #2570, .F. ) ;
#4201 = LINE ( 'NONE', #6186, #981 ) ;
#4202 = CARTESIAN_POINT ( 'NONE',  ( 4.500000000000033751, 0.0000000000000000000, 50.00000000000000000 ) ) ;
#4203 = CARTESIAN_POINT ( 'NONE',  ( 16.24264068711929809, 14.00000000000000178, 50.00000000000000000 ) ) ;
#4204 = EDGE_LOOP ( 'NONE', ( #5004, #3229, #2351, #5393 ) ) ;
#4205 = DIRECTION ( 'NONE',  ( -0.0000000000000000000, -0.0000000000000000000, -1.000000000000000000 ) ) ;
#4206 = DIRECTION ( 'NONE',  ( 1.000000000000000000, 0.0000000000000000000, 0.0000000000000000000 ) ) ;
#4207 = ORIENTED_EDGE ( 'NONE', *, *, #729, .T. ) ;
#4208 = DIRECTION ( 'NONE',  ( 0.0000000000000000000, -0.0000000000000000000, 1.000000000000000000 ) ) ;
#4209 = VERTEX_POINT ( 'NONE', #2501 ) ;
#4210 = CARTESIAN_POINT ( 'NONE',  ( 0.9999999999999986677, 24.90000000000001634, 50.00000000000000000 ) ) ;
#4211 = DIRECTION ( 'NONE',  ( -1.000000000000000000, 0.0000000000000000000, 0.0000000000000000000 ) ) ;
#4212 = CARTESIAN_POINT ( 'NONE',  ( 30.25000000000000000, 37.50000000000003553, 50.00000000000000000 ) ) ;
#4213 = CARTESIAN_POINT ( 'NONE',  ( 13.60000000000082743, 35.80000000000002558, 50.00000000000000000 ) ) ;
#4214 = ORIENTED_EDGE ( 'NONE', *, *, #4935, .T. ) ;
#4215 = DIRECTION ( 'NONE',  ( 6.802837160693372485E-16, 1.000000000000000000, 0.0000000000000000000 ) ) ;
#4216 = LINE ( 'NONE', #303, #3889 ) ;
#4217 = ADVANCED_FACE ( 'NONE', ( #4436 ), #557, .T. ) ;
#4218 = LINE ( 'NONE', #6204, #1869 ) ;
#4219 = EDGE_LOOP ( 'NONE', ( #4587, #29, #5298, #1208 ) ) ;
#4220 = CARTESIAN_POINT ( 'NONE',  ( 26.10000000000043485, 35.50000000000002842, 50.00000000000000000 ) ) ;
#4221 = DIRECTION ( 'NONE',  ( -0.0000000000000000000, 0.0000000000000000000, -1.000000000000000000 ) ) ;
#4222 = EDGE_LOOP ( 'NONE', ( #2657, #3888, #5359, #3501 ) ) ;
#4223 = ORIENTED_EDGE ( 'NONE', *, *, #4918, .F. ) ;
#4224 = VERTEX_POINT ( 'NONE', #3928 ) ;
#4225 = ORIENTED_EDGE ( 'NONE', *, *, #2156, .F. ) ;
#4226 = DIRECTION ( 'NONE',  ( -0.0000000000000000000, -0.0000000000000000000, -1.000000000000000000 ) ) ;
#4227 = DIRECTION ( 'NONE',  ( -1.000000000000000000, 0.0000000000000000000, 0.0000000000000000000 ) ) ;
#4228 = DIRECTION ( 'NONE',  ( -0.0000000000000000000, -0.0000000000000000000, -1.000000000000000000 ) ) ;
#4229 = AXIS2_PLACEMENT_3D ( 'NONE', #4428, #574, #5929 ) ;
#4230 = EDGE_LOOP ( 'NONE', ( #4846, #4109, #1961, #2340 ) ) ;
#4231 = PLANE ( 'NONE',  #6282 ) ;
#4232 = CARTESIAN_POINT ( 'NONE',  ( 4.199999999999999289, 24.10000000000001563, 0.0000000000000000000 ) ) ;
#4233 = VERTEX_POINT ( 'NONE', #4410 ) ;
#4234 = DIRECTION ( 'NONE',  ( 0.7071067811865495711, -0.7071067811865454633, 0.0000000000000000000 ) ) ;
#4235 = CIRCLE ( 'NONE', #1456, 0.2999999999999999334 ) ;
#4236 = FACE_OUTER_BOUND ( 'NONE', #2921, .T. ) ;
#4237 = DIRECTION ( 'NONE',  ( -0.0000000000000000000, -0.0000000000000000000, -1.000000000000000000 ) ) ;
#4238 = EDGE_CURVE ( 'NONE', #4463, #3404, #2872, .T. ) ;
#4239 = CARTESIAN_POINT ( 'NONE',  ( 15.59999999999998188, 4.500000000000000000, 50.00000000000000000 ) ) ;
#4240 = CIRCLE ( 'NONE', #4761, 1.000000000000000000 ) ;
#4241 = DIRECTION ( 'NONE',  ( 1.000000000000000000, 0.0000000000000000000, 0.0000000000000000000 ) ) ;
#4242 = DIRECTION ( 'NONE',  ( 0.7071067811865479058, 0.7071067811865472397, -0.0000000000000000000 ) ) ;
#4243 = CARTESIAN_POINT ( 'NONE',  ( 35.79999999999999005, 15.59999999999928200, 50.00000000000000000 ) ) ;
#4244 = ORIENTED_EDGE ( 'NONE', *, *, #2260, .T. ) ;
#4245 = CARTESIAN_POINT ( 'NONE',  ( 39.20000000000000284, 24.90000000000001990, 50.00000000000000000 ) ) ;
#4246 = ADVANCED_FACE ( 'NONE', ( #4470 ), #5476, .F. ) ;
#4247 = AXIS2_PLACEMENT_3D ( 'NONE', #5645, #5710, #2171 ) ;
#4248 = DIRECTION ( 'NONE',  ( -0.0000000000000000000, -0.0000000000000000000, -1.000000000000000000 ) ) ;
#4249 = DIRECTION ( 'NONE',  ( 1.000000000000000000, 0.0000000000000000000, 0.0000000000000000000 ) ) ;
#4250 = ORIENTED_EDGE ( 'NONE', *, *, #2156, .T. ) ;
#4251 = PLANE ( 'NONE',  #5961 ) ;
#4252 = AXIS2_PLACEMENT_3D ( 'NONE', #974, #2117, #1701 ) ;
#4253 = VECTOR ( 'NONE', #678, 1000.000000000000000 ) ;
#4254 = FACE_OUTER_BOUND ( 'NONE', #824, .T. ) ;
#4255 = EDGE_CURVE ( 'NONE', #1515, #3469, #3895, .T. ) ;
#4256 = AXIS2_PLACEMENT_3D ( 'NONE', #954, #4472, #3477 ) ;
#4257 = EDGE_CURVE ( 'NONE', #5200, #3498, #1321, .T. ) ;
#4258 = ORIENTED_EDGE ( 'NONE', *, *, #553, .T. ) ;
#4259 = ORIENTED_EDGE ( 'NONE', *, *, #4835, .F. ) ;
#4260 = AXIS2_PLACEMENT_3D ( 'NONE', #5375, #2240, #2699 ) ;
#4261 = ORIENTED_EDGE ( 'NONE', *, *, #1568, .T. ) ;
#4262 = ORIENTED_EDGE ( 'NONE', *, *, #2138, .F. ) ;
#4263 = FACE_OUTER_BOUND ( 'NONE', #2495, .T. ) ;
#4264 = DIRECTION ( 'NONE',  ( -1.000000000000000000, -0.0000000000000000000, -0.0000000000000000000 ) ) ;
#4265 = DIRECTION ( 'NONE',  ( 0.0000000000000000000, 0.0000000000000000000, 1.000000000000000000 ) ) ;
#4266 = CIRCLE ( 'NONE', #3129, 0.2000000000000005107 ) ;
#4267 = VERTEX_POINT ( 'NONE', #1436 ) ;
#4269 = DIRECTION ( 'NONE',  ( 0.0000000000000000000, 0.0000000000000000000, 1.000000000000000000 ) ) ;
#4268 = AXIS2_PLACEMENT_3D ( 'NONE', #979, #1523, #4980 ) ;
#4270 = LINE ( 'NONE', #2367, #2820 ) ;
#4271 = ORIENTED_EDGE ( 'NONE', *, *, #818, .T. ) ;
#4272 = DIRECTION ( 'NONE',  ( -0.0000000000000000000, -0.0000000000000000000, -1.000000000000000000 ) ) ;
#4273 = DIRECTION ( 'NONE',  ( 0.0000000000000000000, 0.0000000000000000000, 1.000000000000000000 ) ) ;
#4274 = CARTESIAN_POINT ( 'NONE',  ( 38.69999999999999574, 35.50000000000000000, 50.00000000000000000 ) ) ;
#4275 = CARTESIAN_POINT ( 'NONE',  ( 38.80000000000001137, 24.09999999999928022, 50.00000000000000000 ) ) ;
#4276 = EDGE_CURVE ( 'NONE', #2593, #5488, #5510, .T. ) ;
#4277 = LINE ( 'NONE', #6296, #5126 ) ;
#4278 = ORIENTED_EDGE ( 'NONE', *, *, #1810, .F. ) ;
#4279 = PLANE ( 'NONE',  #1471 ) ;
#4280 = DIRECTION ( 'NONE',  ( -0.0000000000000000000, -0.0000000000000000000, -1.000000000000000000 ) ) ;
#4281 = ADVANCED_FACE ( 'NONE', ( #1977 ), #5940, .F. ) ;
#4282 = CIRCLE ( 'NONE', #3252, 1.000000000000000888 ) ;
#4283 = VERTEX_POINT ( 'NONE', #5906 ) ;
#4284 = DIRECTION ( 'NONE',  ( -0.7071067811865593411, 0.7071067811865356934, 0.0000000000000000000 ) ) ;
#4285 = DIRECTION ( 'NONE',  ( -0.0000000000000000000, -0.0000000000000000000, -1.000000000000000000 ) ) ;
#4286 = LINE ( 'NONE', #1830, #5699 ) ;
#4287 = ORIENTED_EDGE ( 'NONE', *, *, #5789, .F. ) ;
#4288 = LINE ( 'NONE', #1324, #3160 ) ;
#4289 = CARTESIAN_POINT ( 'NONE',  ( 35.79999999999999005, 13.90000000000294378, 50.00000000000000000 ) ) ;
#4290 = ORIENTED_EDGE ( 'NONE', *, *, #3384, .F. ) ;
#4291 = AXIS2_PLACEMENT_3D ( 'NONE', #925, #1349, #4803 ) ;
#4292 = ORIENTED_EDGE ( 'NONE', *, *, #339, .F. ) ;
#4293 = VECTOR ( 'NONE', #6242, 1000.000000000000000 ) ;
#4294 = LINE ( 'NONE', #6280, #4888 ) ;
#4295 = VERTEX_POINT ( 'NONE', #4378 ) ;
#4296 = VERTEX_POINT ( 'NONE', #523 ) ;
#4297 = DIRECTION ( 'NONE',  ( -0.0000000000000000000, -0.0000000000000000000, -1.000000000000000000 ) ) ;
#4298 = EDGE_CURVE ( 'NONE', #5855, #369, #5383, .T. ) ;
#4299 = PLANE ( 'NONE',  #1140 ) ;
#4300 = AXIS2_PLACEMENT_3D ( 'NONE', #6352, #6316, #5798 ) ;
#4301 = VECTOR ( 'NONE', #1016, 1000.000000000000000 ) ;
#4302 = DIRECTION ( 'NONE',  ( -1.000000000000000000, 0.0000000000000000000, 0.0000000000000000000 ) ) ;
#4303 = VERTEX_POINT ( 'NONE', #2930 ) ;
#4304 = DIRECTION ( 'NONE',  ( 0.7071067811865530128, 0.7071067811865421326, -0.0000000000000000000 ) ) ;
#4305 = DIRECTION ( 'NONE',  ( 0.0000000000000000000, 0.0000000000000000000, 1.000000000000000000 ) ) ;
#4306 = AXIS2_PLACEMENT_3D ( 'NONE', #820, #1081, #6362 ) ;
#4307 = EDGE_CURVE ( 'NONE', #1103, #4447, #466, .T. ) ;
#4308 = ORIENTED_EDGE ( 'NONE', *, *, #3117, .F. ) ;
#4309 = LINE ( 'NONE', #4793, #346 ) ;
#4310 = CARTESIAN_POINT ( 'NONE',  ( 32.55000000000037375, 1.300000000000078870, 50.00000000000000000 ) ) ;
#4311 = LINE ( 'NONE', #363, #5966 ) ;
#4312 = AXIS2_PLACEMENT_3D ( 'NONE', #3342, #745, #1366 ) ;
#4313 = PLANE ( 'NONE',  #1008 ) ;
#4314 = CARTESIAN_POINT ( 'NONE',  ( 32.55000000000037375, 2.300000000000078870, 50.00000000000000000 ) ) ;
#4315 = DIRECTION ( 'NONE',  ( -0.0000000000000000000, -0.0000000000000000000, -1.000000000000000000 ) ) ;
#4316 = ADVANCED_FACE ( 'NONE', ( #5970 ), #6396, .F. ) ;
#4317 = VERTEX_POINT ( 'NONE', #1047 ) ;
#4318 = LINE ( 'NONE', #5574, #436 ) ;
#4319 = CARTESIAN_POINT ( 'NONE',  ( 0.2000000000000002054, 25.10000000000001918, 50.00000000000000000 ) ) ;
#4320 = CARTESIAN_POINT ( 'NONE',  ( 14.00000000000000178, 23.75735931288055625, 50.00000000000000000 ) ) ;
#4321 = EDGE_CURVE ( 'NONE', #5737, #6083, #5419, .T. ) ;
#4322 = ORIENTED_EDGE ( 'NONE', *, *, #2696, .T. ) ;
#4323 = DIRECTION ( 'NONE',  ( -0.0000000000000000000, -0.0000000000000000000, -1.000000000000000000 ) ) ;
#4324 = DIRECTION ( 'NONE',  ( 0.0000000000000000000, 0.0000000000000000000, 1.000000000000000000 ) ) ;
#4325 = EDGE_LOOP ( 'NONE', ( #2492, #1559, #6391, #2285 ) ) ;
#4326 = ORIENTED_EDGE ( 'NONE', *, *, #2154, .F. ) ;
#4327 = CARTESIAN_POINT ( 'NONE',  ( 4.500000000000389022, 1.299999999999867262, 50.00000000000000000 ) ) ;
#4328 = ORIENTED_EDGE ( 'NONE', *, *, #4933, .F. ) ;
#4329 = ADVANCED_FACE ( 'NONE', ( #5449 ), #65, .T. ) ;
#4330 = EDGE_LOOP ( 'NONE', ( #5673, #2027, #2090, #1440 ) ) ;
#4331 = CARTESIAN_POINT ( 'NONE',  ( 14.89999999999998259, 0.7999999999999982681, 0.0000000000000000000 ) ) ;
#4332 = CARTESIAN_POINT ( 'NONE',  ( 38.80000000000001137, 24.09999999999928022, 0.0000000000000000000 ) ) ;
#4333 = CYLINDRICAL_SURFACE ( 'NONE', #3164, 0.2000000000000003164 ) ;
#4334 = ORIENTED_EDGE ( 'NONE', *, *, #3454, .T. ) ;
#4335 = DIRECTION ( 'NONE',  ( 1.000000000000000000, 0.0000000000000000000, 0.0000000000000000000 ) ) ;
#4336 = EDGE_CURVE ( 'NONE', #2031, #1239, #901, .T. ) ;
#4337 = DIRECTION ( 'NONE',  ( 1.000000000000000000, 0.0000000000000000000, 0.0000000000000000000 ) ) ;
#4338 = ORIENTED_EDGE ( 'NONE', *, *, #2469, .T. ) ;
#4339 = SHAPE_DEFINITION_REPRESENTATION ( #5364, #2491 ) ;
#4340 = FACE_OUTER_BOUND ( 'NONE', #1896, .T. ) ;
#4341 = CIRCLE ( 'NONE', #4537, 0.1999999999999987899 ) ;
#4342 = CARTESIAN_POINT ( 'NONE',  ( 26.40000000000043912, 35.80000000000003268, 0.0000000000000000000 ) ) ;
#4343 = EDGE_CURVE ( 'NONE', #4403, #2620, #4526, .T. ) ;
#4344 = CARTESIAN_POINT ( 'NONE',  ( 27.40000000000044977, 38.50000000000004263, 0.0000000000000000000 ) ) ;
#4345 = CARTESIAN_POINT ( 'NONE',  ( 24.89999999999998437, 1.000000000000000000, 50.00000000000000000 ) ) ;
#4346 = FACE_OUTER_BOUND ( 'NONE', #4100, .T. ) ;
#4347 = VECTOR ( 'NONE', #4588, 1000.000000000000000 ) ;
#4348 = VERTEX_POINT ( 'NONE', #3204 ) ;
#4349 = VECTOR ( 'NONE', #6195, 1000.000000000000000 ) ;
#4350 = DIRECTION ( 'NONE',  ( -0.0000000000000000000, -0.0000000000000000000, -1.000000000000000000 ) ) ;
#4351 = VECTOR ( 'NONE', #4611, 1000.000000000000000 ) ;
#4352 = DIRECTION ( 'NONE',  ( 1.000000000000000000, 0.0000000000000000000, 0.0000000000000000000 ) ) ;
#4353 = ORIENTED_EDGE ( 'NONE', *, *, #5026, .F. ) ;
#4354 = CARTESIAN_POINT ( 'NONE',  ( 27.40000000000044267, 37.50000000000004263, 0.0000000000000000000 ) ) ;
#4355 = ADVANCED_FACE ( 'NONE', ( #4624 ), #1645, .F. ) ;
#4356 = EDGE_LOOP ( 'NONE', ( #6411, #1483, #4906, #1190 ) ) ;
#4357 = ORIENTED_EDGE ( 'NONE', *, *, #969, .F. ) ;
#4358 = CARTESIAN_POINT ( 'NONE',  ( 9.749999999999998224, 32.49264068711924125, 50.00000000000000000 ) ) ;
#4359 = VERTEX_POINT ( 'NONE', #5072 ) ;
#4360 = VECTOR ( 'NONE', #6172, 1000.000000000000000 ) ;
#4361 = VECTOR ( 'NONE', #415, 1000.000000000000000 ) ;
#4362 = ORIENTED_EDGE ( 'NONE', *, *, #5087, .F. ) ;
#4363 = FACE_OUTER_BOUND ( 'NONE', #2838, .T. ) ;
#4364 = DIRECTION ( 'NONE',  ( 0.0000000000000000000, 0.0000000000000000000, 1.000000000000000000 ) ) ;
#4365 = VECTOR ( 'NONE', #5859, 1000.000000000000000 ) ;
#4366 = DIRECTION ( 'NONE',  ( -1.000000000000000000, 0.0000000000000000000, 0.0000000000000000000 ) ) ;
#4367 = EDGE_CURVE ( 'NONE', #5945, #2909, #5106, .T. ) ;
#4368 = AXIS2_PLACEMENT_3D ( 'NONE', #6290, #3242, #5210 ) ;
#4369 = EDGE_LOOP ( 'NONE', ( #5297, #4010, #2076, #5922 ) ) ;
#4370 = CARTESIAN_POINT ( 'NONE',  ( 35.50000000000000000, 35.50000000000000711, 50.00000000000000000 ) ) ;
#4371 = DIRECTION ( 'NONE',  ( -0.0000000000000000000, -0.0000000000000000000, -1.000000000000000000 ) ) ;
#4372 = ORIENTED_EDGE ( 'NONE', *, *, #2278, .F. ) ;
#4373 = VECTOR ( 'NONE', #6098, 1000.000000000000000 ) ;
#4374 = CARTESIAN_POINT ( 'NONE',  ( 14.69999999999997975, 40.00000000000001421, 0.0000000000000000000 ) ) ;
#4375 = CARTESIAN_POINT ( 'NONE',  ( 24.09999999999998366, 1.200000000000001288, 0.0000000000000000000 ) ) ;
#4376 = ADVANCED_FACE ( 'NONE', ( #2625 ), #160, .F. ) ;
#4377 = STYLED_ITEM ( 'NONE', ( #4950 ), #2491 ) ;
#4378 = CARTESIAN_POINT ( 'NONE',  ( 24.09999999999998366, 35.80000000000004690, 50.00000000000000000 ) ) ;
#4379 = CARTESIAN_POINT ( 'NONE',  ( 25.29999999999998650, 39.80000000000003268, 50.00000000000000000 ) ) ;
#4380 = PLANE ( 'NONE',  #6021 ) ;
#4381 = LINE ( 'NONE', #3931, #4060 ) ;
#4382 = VERTEX_POINT ( 'NONE', #707 ) ;
#4383 = ADVANCED_FACE ( 'NONE', ( #677 ), #646, .F. ) ;
#4384 = AXIS2_PLACEMENT_3D ( 'NONE', #6380, #1934, #23 ) ;
#4385 = DIRECTION ( 'NONE',  ( 1.000000000000000000, 0.0000000000000000000, 0.0000000000000000000 ) ) ;
#4386 = DIRECTION ( 'NONE',  ( -0.0000000000000000000, -0.0000000000000000000, -1.000000000000000000 ) ) ;
#4387 = VERTEX_POINT ( 'NONE', #5142 ) ;
#4388 = EDGE_CURVE ( 'NONE', #2568, #2909, #93, .T. ) ;
#4389 = CARTESIAN_POINT ( 'NONE',  ( 38.80000000000001137, 24.09999999999928022, 0.0000000000000000000 ) ) ;
#4390 = ORIENTED_EDGE ( 'NONE', *, *, #5465, .F. ) ;
#4391 = ORIENTED_EDGE ( 'NONE', *, *, #1341, .F. ) ;
#4392 = LINE ( 'NONE', #5399, #1278 ) ;
#4393 = ORIENTED_EDGE ( 'NONE', *, *, #1614, .F. ) ;
#4394 = EDGE_CURVE ( 'NONE', #845, #5285, #3110, .T. ) ;
#4396 = ORIENTED_EDGE ( 'NONE', *, *, #4778, .F. ) ;
#4395 = CYLINDRICAL_SURFACE ( 'NONE', #4384, 0.2999999999999999334 ) ;
#4397 = CARTESIAN_POINT ( 'NONE',  ( 1.300000000000366862, 7.449999999999787903, 50.00000000000000000 ) ) ;
#4398 = CARTESIAN_POINT ( 'NONE',  ( 31.07842712474669611, 29.66421356237288975, 50.00000000000000000 ) ) ;
#4399 = FACE_OUTER_BOUND ( 'NONE', #5962, .T. ) ;
#4400 = ORIENTED_EDGE ( 'NONE', *, *, #3533, .T. ) ;
#4401 = CARTESIAN_POINT ( 'NONE',  ( 24.39999999999998437, 35.50000000000004263, 0.0000000000000000000 ) ) ;
#4402 = CARTESIAN_POINT ( 'NONE',  ( 25.17157287525381903, 26.58578643762691485, 50.00000000000000000 ) ) ;
#4403 = VERTEX_POINT ( 'NONE', #1683 ) ;
#4404 = ORIENTED_EDGE ( 'NONE', *, *, #4840, .F. ) ;
#4405 = EDGE_CURVE ( 'NONE', #2620, #733, #4105, .T. ) ;
#4406 = CARTESIAN_POINT ( 'NONE',  ( 15.09999999999998366, 39.20000000000000995, 50.00000000000000000 ) ) ;
#4407 = VECTOR ( 'NONE', #830, 1000.000000000000000 ) ;
#4408 = DIRECTION ( 'NONE',  ( 0.0000000000000000000, -1.000000000000000000, 0.0000000000000000000 ) ) ;
#4409 = DIRECTION ( 'NONE',  ( -0.0000000000000000000, -0.0000000000000000000, -1.000000000000000000 ) ) ;
#4410 = CARTESIAN_POINT ( 'NONE',  ( 30.25000000000000711, 7.507359312880497626, 0.0000000000000000000 ) ) ;
#4411 = AXIS2_PLACEMENT_3D ( 'NONE', #1586, #2470, #3956 ) ;
#4412 = LINE ( 'NONE', #6397, #3639 ) ;
#4413 = DIRECTION ( 'NONE',  ( 1.000000000000000000, 0.0000000000000000000, 0.0000000000000000000 ) ) ;
#4414 = DIRECTION ( 'NONE',  ( 1.000000000000000000, 0.0000000000000000000, 0.0000000000000000000 ) ) ;
#4415 = EDGE_LOOP ( 'NONE', ( #3787, #4517, #3152, #703 ) ) ;
#4416 = DIRECTION ( 'NONE',  ( 1.000000000000000000, 0.0000000000000000000, 0.0000000000000000000 ) ) ;
#4417 = ADVANCED_FACE ( 'NONE', ( #6091 ), #3565, .F. ) ;
#4418 = CARTESIAN_POINT ( 'NONE',  ( 35.50000000000002132, 26.10000000000248122, 50.00000000000000000 ) ) ;
#4419 = VERTEX_POINT ( 'NONE', #2659 ) ;
#4420 = CARTESIAN_POINT ( 'NONE',  ( 38.80000000000001137, 15.69999999999928342, 50.00000000000000000 ) ) ;
#4421 = EDGE_CURVE ( 'NONE', #3671, #1126, #3074, .T. ) ;
#4422 = ORIENTED_EDGE ( 'NONE', *, *, #3370, .T. ) ;
#4423 = ORIENTED_EDGE ( 'NONE', *, *, #3835, .T. ) ;
#4424 = CARTESIAN_POINT ( 'NONE',  ( 35.49999999999999289, 13.90000000000294555, 0.0000000000000000000 ) ) ;
#4426 = ORIENTED_EDGE ( 'NONE', *, *, #3513, .T. ) ;
#4425 = FACE_OUTER_BOUND ( 'NONE', #569, .T. ) ;
#4427 = DIRECTION ( 'NONE',  ( -0.0000000000000000000, 1.000000000000000000, -0.0000000000000000000 ) ) ;
#4428 = CARTESIAN_POINT ( 'NONE',  ( 24.39999999999998437, 4.200000000000000178, 0.0000000000000000000 ) ) ;
#4429 = VERTEX_POINT ( 'NONE', #5043 ) ;
#4430 = VECTOR ( 'NONE', #5489, 1000.000000000000000 ) ;
#4431 = VERTEX_POINT ( 'NONE', #2160 ) ;
#4432 = ORIENTED_EDGE ( 'NONE', *, *, #2683, .T. ) ;
#4433 = CARTESIAN_POINT ( 'NONE',  ( 35.80000000000002558, 24.39999999999928448, 0.0000000000000000000 ) ) ;
#4434 = CYLINDRICAL_SURFACE ( 'NONE', #681, 0.1999999999999987899 ) ;
#4435 = ADVANCED_FACE ( 'NONE', ( #611 ), #1712, .F. ) ;
#4436 = FACE_OUTER_BOUND ( 'NONE', #2159, .T. ) ;
#4437 = CARTESIAN_POINT ( 'NONE',  ( 4.500000000000000000, 35.50000000000001421, 50.00000000000000000 ) ) ;
#4438 = DIRECTION ( 'NONE',  ( -0.0000000000000000000, -0.0000000000000000000, -1.000000000000000000 ) ) ;
#4439 = ADVANCED_FACE ( 'NONE', ( #4555 ), #4135, .T. ) ;
#4440 = DIRECTION ( 'NONE',  ( -0.7071067811865472397, -0.7071067811865479058, -0.0000000000000000000 ) ) ;
#4441 = VERTEX_POINT ( 'NONE', #2097 ) ;
#4442 = CARTESIAN_POINT ( 'NONE',  ( 24.89999999999998437, 1.000000000000000000, 50.00000000000000000 ) ) ;
#4443 = VECTOR ( 'NONE', #1331, 1000.000000000000000 ) ;
#4444 = EDGE_CURVE ( 'NONE', #4209, #4130, #4169, .T. ) ;
#4445 = LINE ( 'NONE', #3090, #328 ) ;
#4446 = AXIS2_PLACEMENT_3D ( 'NONE', #395, #2372, #5874 ) ;
#4447 = VERTEX_POINT ( 'NONE', #5569 ) ;
#4448 = DIRECTION ( 'NONE',  ( 1.000000000000000000, 0.0000000000000000000, 0.0000000000000000000 ) ) ;
#4449 = EDGE_CURVE ( 'NONE', #6141, #5965, #1135, .T. ) ;
#4450 = VECTOR ( 'NONE', #848, 1000.000000000000000 ) ;
#4451 = ORIENTED_EDGE ( 'NONE', *, *, #2896, .T. ) ;
#4452 = ORIENTED_EDGE ( 'NONE', *, *, #159, .F. ) ;
#4453 = CYLINDRICAL_SURFACE ( 'NONE', #4057, 0.3000000000000016542 ) ;
#4455 = ORIENTED_EDGE ( 'NONE', *, *, #699, .T. ) ;
#4454 = FACE_OUTER_BOUND ( 'NONE', #3430, .T. ) ;
#4456 = DIRECTION ( 'NONE',  ( 0.0000000000000000000, 0.0000000000000000000, 1.000000000000000000 ) ) ;
#4457 = AXIS2_PLACEMENT_3D ( 'NONE', #6338, #5919, #4448 ) ;
#4458 = EDGE_CURVE ( 'NONE', #2568, #1522, #380, .T. ) ;
#4459 = CARTESIAN_POINT ( 'NONE',  ( 39.00000000000000711, 24.90000000000001634, 50.00000000000000000 ) ) ;
#4460 = EDGE_CURVE ( 'NONE', #2021, #4209, #3271, .T. ) ;
#4461 = ORIENTED_EDGE ( 'NONE', *, *, #280, .T. ) ;
#4462 = CIRCLE ( 'NONE', #4878, 0.1999999999999987899 ) ;
#4463 = VERTEX_POINT ( 'NONE', #2725 ) ;
#4464 = ORIENTED_EDGE ( 'NONE', *, *, #1415, .T. ) ;
#4465 = FACE_OUTER_BOUND ( 'NONE', #727, .T. ) ;
#4466 = PLANE ( 'NONE',  #3069 ) ;
#4467 = VECTOR ( 'NONE', #4971, 1000.000000000000000 ) ;
#4468 = VECTOR ( 'NONE', #5771, 1000.000000000000000 ) ;
#4469 = AXIS2_PLACEMENT_3D ( 'NONE', #5478, #1438, #1500 ) ;
#4470 = FACE_OUTER_BOUND ( 'NONE', #330, .T. ) ;
#4471 = CARTESIAN_POINT ( 'NONE',  ( 13.41421356237310114, 14.82842712474610103, 50.00000000000000000 ) ) ;
#4472 = DIRECTION ( 'NONE',  ( -0.0000000000000000000, -0.0000000000000000000, -1.000000000000000000 ) ) ;
#4473 = AXIS2_PLACEMENT_3D ( 'NONE', #716, #4667, #2206 ) ;
#4474 = DIRECTION ( 'NONE',  ( 0.0000000000000000000, 0.0000000000000000000, 1.000000000000000000 ) ) ;
#4475 = VERTEX_POINT ( 'NONE', #2759 ) ;
#4476 = EDGE_CURVE ( 'NONE', #1842, #3287, #1416, .T. ) ;
#4477 = AXIS2_PLACEMENT_3D ( 'NONE', #4695, #259, #6193 ) ;
#4478 = CARTESIAN_POINT ( 'NONE',  ( 29.25000000000000000, 2.500000000000000888, 0.0000000000000000000 ) ) ;
#4479 = LINE ( 'NONE', #3935, #4147 ) ;
#4480 = ORIENTED_EDGE ( 'NONE', *, *, #4533, .F. ) ;
#4481 = CARTESIAN_POINT ( 'NONE',  ( 39.00000000000000711, 15.69999999999927986, 50.00000000000000000 ) ) ;
#4482 = ORIENTED_EDGE ( 'NONE', *, *, #738, .F. ) ;
#4483 = ORIENTED_EDGE ( 'NONE', *, *, #2211, .F. ) ;
#4484 = CARTESIAN_POINT ( 'NONE',  ( 7.507359312880884872, 9.750000000000001776, 0.0000000000000000000 ) ) ;
#4486 = EDGE_LOOP ( 'NONE', ( #2051, #670, #281, #2702, #239, #2516, #4501, #2153 ) ) ;
#4485 = CARTESIAN_POINT ( 'NONE',  ( 31.07842712474661795, 10.33578643762651517, 50.00000000000000000 ) ) ;
#4487 = CARTESIAN_POINT ( 'NONE',  ( 15.89999999999998437, 1.200000000000001066, 0.0000000000000000000 ) ) ;
#4488 = DIRECTION ( 'NONE',  ( 0.0000000000000000000, 0.0000000000000000000, 1.000000000000000000 ) ) ;
#4489 = ORIENTED_EDGE ( 'NONE', *, *, #5793, .F. ) ;
#4490 = ORIENTED_EDGE ( 'NONE', *, *, #5050, .F. ) ;
#4491 = ORIENTED_EDGE ( 'NONE', *, *, #3224, .F. ) ;
#4492 = DIRECTION ( 'NONE',  ( -0.0000000000000000000, -0.0000000000000000000, -1.000000000000000000 ) ) ;
#4493 = CARTESIAN_POINT ( 'NONE',  ( 0.7999999999999972689, 25.10000000000001918, 0.0000000000000000000 ) ) ;
#4494 = DIRECTION ( 'NONE',  ( 1.000000000000000000, 0.0000000000000000000, -0.0000000000000000000 ) ) ;
#4495 = ADVANCED_FACE ( 'NONE', ( #2229 ), #2790, .T. ) ;
#4496 = DIRECTION ( 'NONE',  ( -0.0000000000000000000, -0.0000000000000000000, -1.000000000000000000 ) ) ;
#4498 = CARTESIAN_POINT ( 'NONE',  ( 35.49999999999997158, 0.0000000000000000000, 50.00000000000000000 ) ) ;
#4497 = VECTOR ( 'NONE', #3735, 1000.000000000000000 ) ;
#4499 = VECTOR ( 'NONE', #3184, 1000.000000000000000 ) ;
#4500 = PLANE ( 'NONE',  #6036 ) ;
#4501 = ORIENTED_EDGE ( 'NONE', *, *, #3393, .T. ) ;
#4502 = DIRECTION ( 'NONE',  ( -0.0000000000000000000, -0.0000000000000000000, -1.000000000000000000 ) ) ;
#4503 = AXIS2_PLACEMENT_3D ( 'NONE', #1197, #2656, #2096 ) ;
#4504 = VECTOR ( 'NONE', #5382, 1000.000000000000000 ) ;
#4505 = LINE ( 'NONE', #3485, #4769 ) ;
#4506 = EDGE_CURVE ( 'NONE', #4997, #4741, #2239, .T. ) ;
#4507 = VECTOR ( 'NONE', #4045, 999.9999999999998863 ) ;
#4508 = ORIENTED_EDGE ( 'NONE', *, *, #3591, .F. ) ;
#4509 = ORIENTED_EDGE ( 'NONE', *, *, #5808, .F. ) ;
#4510 = CARTESIAN_POINT ( 'NONE',  ( 26.58578643762728788, 25.17157287525333587, 0.0000000000000000000 ) ) ;
#4511 = CARTESIAN_POINT ( 'NONE',  ( 32.55000000000037375, 2.300000000000078870, 0.0000000000000000000 ) ) ;
#4512 = ORIENTED_EDGE ( 'NONE', *, *, #5430, .F. ) ;
#4513 = EDGE_CURVE ( 'NONE', #3075, #676, #6319, .T. ) ;
#4514 = VERTEX_POINT ( 'NONE', #842 ) ;
#4515 = PLANE ( 'NONE',  #1889 ) ;
#4517 = ORIENTED_EDGE ( 'NONE', *, *, #4276, .F. ) ;
#4516 = EDGE_CURVE ( 'NONE', #1913, #4403, #2455, .T. ) ;
#4518 = CARTESIAN_POINT ( 'NONE',  ( 12.59999999999997655, 1.499999999999999112, 0.0000000000000000000 ) ) ;
#4519 = DIRECTION ( 'NONE',  ( -0.0000000000000000000, -0.0000000000000000000, -1.000000000000000000 ) ) ;
#4520 = ORIENTED_EDGE ( 'NONE', *, *, #656, .T. ) ;
#4521 = VERTEX_POINT ( 'NONE', #4689 ) ;
#4522 = ORIENTED_EDGE ( 'NONE', *, *, #923, .T. ) ;
#4523 = CARTESIAN_POINT ( 'NONE',  ( 7.450000000000314593, 7.449999999999794120, 0.0000000000000000000 ) ) ;
#4524 = CARTESIAN_POINT ( 'NONE',  ( 4.500000000000077272, 38.69999999999979678, 0.0000000000000000000 ) ) ;
#4525 = EDGE_CURVE ( 'NONE', #385, #409, #5838, .T. ) ;
#4526 = LINE ( 'NONE', #4591, #1111 ) ;
#4527 = DIRECTION ( 'NONE',  ( 1.000000000000000000, 3.464347907917258668E-16, 0.0000000000000000000 ) ) ;
#4528 = DIRECTION ( 'NONE',  ( 1.000000000000000000, 0.0000000000000000000, -0.0000000000000000000 ) ) ;
#4529 = DIRECTION ( 'NONE',  ( 0.0000000000000000000, 0.0000000000000000000, 1.000000000000000000 ) ) ;
#4530 = ORIENTED_EDGE ( 'NONE', *, *, #6122, .F. ) ;
#4531 = DIRECTION ( 'NONE',  ( -3.614007241618349757E-16, 1.000000000000000000, 0.0000000000000000000 ) ) ;
#4532 = ADVANCED_FACE ( 'NONE', ( #358 ), #5208, .F. ) ;
#4533 = EDGE_CURVE ( 'NONE', #5454, #1260, #3489, .T. ) ;
#4534 = DIRECTION ( 'NONE',  ( 1.000000000000000000, 0.0000000000000000000, 0.0000000000000000000 ) ) ;
#4535 = ORIENTED_EDGE ( 'NONE', *, *, #4933, .T. ) ;
#4536 = CARTESIAN_POINT ( 'NONE',  ( 28.24999999999999645, 32.49264068711929099, 50.00000000000000000 ) ) ;
#4537 = AXIS2_PLACEMENT_3D ( 'NONE', #4848, #416, #2787 ) ;
#4538 = PLANE ( 'NONE',  #2961 ) ;
#4539 = ORIENTED_EDGE ( 'NONE', *, *, #1305, .T. ) ;
#4540 = CARTESIAN_POINT ( 'NONE',  ( 7.507359312880884872, 9.750000000000001776, 50.00000000000000000 ) ) ;
#4541 = CIRCLE ( 'NONE', #1758, 1.000000000000000888 ) ;
#4542 = ORIENTED_EDGE ( 'NONE', *, *, #3711, .F. ) ;
#4543 = CARTESIAN_POINT ( 'NONE',  ( 14.69999999999997975, 40.00000000000001421, 50.00000000000000000 ) ) ;
#4544 = DIRECTION ( 'NONE',  ( -1.000000000000000000, 0.0000000000000000000, 0.0000000000000000000 ) ) ;
#4545 = AXIS2_PLACEMENT_3D ( 'NONE', #325, #1848, #3825 ) ;
#4546 = EDGE_CURVE ( 'NONE', #4066, #978, #689, .T. ) ;
#4547 = VERTEX_POINT ( 'NONE', #6190 ) ;
#4548 = ORIENTED_EDGE ( 'NONE', *, *, #5315, .F. ) ;
#4549 = EDGE_CURVE ( 'NONE', #773, #1533, #5132, .T. ) ;
#4550 = EDGE_LOOP ( 'NONE', ( #3087, #4542, #3924, #5263 ) ) ;
#4551 = ORIENTED_EDGE ( 'NONE', *, *, #1136, .T. ) ;
#4552 = DIRECTION ( 'NONE',  ( 1.000000000000000000, 0.0000000000000000000, 0.0000000000000000000 ) ) ;
#4553 = DIRECTION ( 'NONE',  ( -1.000000000000000000, 0.0000000000000000000, 0.0000000000000000000 ) ) ;
#4554 = ADVANCED_FACE ( 'NONE', ( #3721 ), #4231, .T. ) ;
#4555 = FACE_OUTER_BOUND ( 'NONE', #2320, .T. ) ;
#4556 = FACE_OUTER_BOUND ( 'NONE', #3682, .T. ) ;
#4557 = DIRECTION ( 'NONE',  ( -1.000000000000000000, 0.0000000000000000000, 0.0000000000000000000 ) ) ;
#4558 = LINE ( 'NONE', #3660, #4155 ) ;
#4559 = VERTEX_POINT ( 'NONE', #5701 ) ;
#4560 = EDGE_CURVE ( 'NONE', #993, #3013, #1302, .T. ) ;
#4561 = VECTOR ( 'NONE', #5862, 1000.000000000000000 ) ;
#4562 = VECTOR ( 'NONE', #4602, 1000.000000000000000 ) ;
#4563 = CARTESIAN_POINT ( 'NONE',  ( 39.80000000000001137, 25.10000000000001918, 50.00000000000000000 ) ) ;
#4564 = CARTESIAN_POINT ( 'NONE',  ( 14.69999999999997975, 40.00000000000001421, 50.00000000000000000 ) ) ;
#4565 = VECTOR ( 'NONE', #3567, 1000.000000000000000 ) ;
#4566 = DIRECTION ( 'NONE',  ( -0.0000000000000000000, -0.0000000000000000000, -1.000000000000000000 ) ) ;
#4567 = VECTOR ( 'NONE', #5420, 1000.000000000000000 ) ;
#4568 = CARTESIAN_POINT ( 'NONE',  ( 27.39999999999998437, 2.500000000000000444, 50.00000000000000000 ) ) ;
#4569 = VECTOR ( 'NONE', #3070, 1000.000000000000000 ) ;
#4570 = ADVANCED_FACE ( 'NONE', ( #5271 ), #4790, .F. ) ;
#4571 = ORIENTED_EDGE ( 'NONE', *, *, #6147, .F. ) ;
#4572 = CARTESIAN_POINT ( 'NONE',  ( 35.79999999999999005, 13.60000000000294307, 50.00000000000000000 ) ) ;
#4573 = VECTOR ( 'NONE', #1592, 1000.000000000000000 ) ;
#4574 = COLOUR_RGB ( '',0.8980392156862745390, 0.9176470588235293713, 0.9294117647058823817 ) ;
#4575 = DIRECTION ( 'NONE',  ( -0.0000000000000000000, -0.0000000000000000000, -1.000000000000000000 ) ) ;
#4576 = VERTEX_POINT ( 'NONE', #5801 ) ;
#4577 = EDGE_CURVE ( 'NONE', #4419, #4224, #4615, .T. ) ;
#4578 = FACE_OUTER_BOUND ( 'NONE', #488, .T. ) ;
#4579 = ORIENTED_EDGE ( 'NONE', *, *, #4869, .T. ) ;
#4580 = CARTESIAN_POINT ( 'NONE',  ( 4.200000000000001066, 24.40000000000001990, 50.00000000000000000 ) ) ;
#4581 = CARTESIAN_POINT ( 'NONE',  ( 9.750000000000000000, 37.50000000000003553, 50.00000000000000000 ) ) ;
#4582 = ORIENTED_EDGE ( 'NONE', *, *, #4075, .T. ) ;
#4583 = ORIENTED_EDGE ( 'NONE', *, *, #6084, .T. ) ;
#4584 = CIRCLE ( 'NONE', #5425, 0.2999999999999999334 ) ;
#4585 = EDGE_CURVE ( 'NONE', #5627, #1131, #6075, .T. ) ;
#4586 = ORIENTED_EDGE ( 'NONE', *, *, #3428, .T. ) ;
#4587 = ORIENTED_EDGE ( 'NONE', *, *, #1680, .F. ) ;
#4588 = DIRECTION ( 'NONE',  ( -0.0000000000000000000, -0.0000000000000000000, -1.000000000000000000 ) ) ;
#4589 = FACE_OUTER_BOUND ( 'NONE', #3222, .T. ) ;
#4590 = ORIENTED_EDGE ( 'NONE', *, *, #4056, .F. ) ;
#4591 = CARTESIAN_POINT ( 'NONE',  ( 39.00000000000000711, 24.90000000000001634, 50.00000000000000000 ) ) ;
#4592 = DIRECTION ( 'NONE',  ( 1.000000000000000000, 0.0000000000000000000, 0.0000000000000000000 ) ) ;
#4593 = DIRECTION ( 'NONE',  ( -0.0000000000000000000, -0.0000000000000000000, -1.000000000000000000 ) ) ;
#4594 = EDGE_CURVE ( 'NONE', #4838, #836, #4810, .T. ) ;
#4595 = CARTESIAN_POINT ( 'NONE',  ( 4.500000000000001776, 24.40000000000001990, 0.0000000000000000000 ) ) ;
#4596 = EDGE_LOOP ( 'NONE', ( #435, #3719, #5373, #1012 ) ) ;
#4597 = CARTESIAN_POINT ( 'NONE',  ( 14.89999999999998259, 0.2000000000000014266, 50.00000000000000000 ) ) ;
#4598 = LINE ( 'NONE', #653, #5226 ) ;
#4599 = DIRECTION ( 'NONE',  ( -0.0000000000000000000, -0.0000000000000000000, -1.000000000000000000 ) ) ;
#4600 = VECTOR ( 'NONE', #4638, 1000.000000000000114 ) ;
#4601 = AXIS2_PLACEMENT_3D ( 'NONE', #2779, #5260, #2250 ) ;
#4602 = DIRECTION ( 'NONE',  ( -0.0000000000000000000, -0.0000000000000000000, -1.000000000000000000 ) ) ;
#4603 = VERTEX_POINT ( 'NONE', #6354 ) ;
#4604 = VECTOR ( 'NONE', #1455, 1000.000000000000000 ) ;
#4605 = DIRECTION ( 'NONE',  ( -1.000000000000000000, 0.0000000000000000000, 0.0000000000000000000 ) ) ;
#4606 = CIRCLE ( 'NONE', #1821, 0.1999999999999994005 ) ;
#4607 = ADVANCED_FACE ( 'NONE', ( #3435 ), #3920, .T. ) ;
#4608 = DIRECTION ( 'NONE',  ( -1.000000000000000000, 0.0000000000000000000, 0.0000000000000000000 ) ) ;
#4609 = VERTEX_POINT ( 'NONE', #3037 ) ;
#4610 = VECTOR ( 'NONE', #3411, 1000.000000000000000 ) ;
#4611 = DIRECTION ( 'NONE',  ( -0.0000000000000000000, -0.0000000000000000000, -1.000000000000000000 ) ) ;
#4612 = ORIENTED_EDGE ( 'NONE', *, *, #3952, .F. ) ;
#4613 = PLANE ( 'NONE',  #3598 ) ;
#4614 = LINE ( 'NONE', #181, #3315 ) ;
#4615 = CIRCLE ( 'NONE', #3673, 1.000000000000000888 ) ;
#4616 = ADVANCED_FACE ( 'NONE', ( #4851 ), #3579, .F. ) ;
#4617 = ORIENTED_EDGE ( 'NONE', *, *, #3370, .F. ) ;
#4618 = ORIENTED_EDGE ( 'NONE', *, *, #198, .F. ) ;
#4619 = ORIENTED_EDGE ( 'NONE', *, *, #3189, .F. ) ;
#4620 = VERTEX_POINT ( 'NONE', #2111 ) ;
#4621 = CARTESIAN_POINT ( 'NONE',  ( 2.500000000000006661, 30.24999999999955236, 50.00000000000000000 ) ) ;
#4622 = CARTESIAN_POINT ( 'NONE',  ( 8.450000000000315481, 7.449999999999787903, 0.0000000000000000000 ) ) ;
#4623 = EDGE_LOOP ( 'NONE', ( #2191, #4097, #4548, #5560 ) ) ;
#4624 = FACE_OUTER_BOUND ( 'NONE', #566, .T. ) ;
#4625 = DIRECTION ( 'NONE',  ( 1.000000000000000000, 1.224510688925414510E-14, -0.0000000000000000000 ) ) ;
#4626 = LINE ( 'NONE', #4693, #4565 ) ;
#4627 = ORIENTED_EDGE ( 'NONE', *, *, #3841, .T. ) ;
#4628 = CARTESIAN_POINT ( 'NONE',  ( 38.50000000000009948, 29.24999999999964118, 50.00000000000000000 ) ) ;
#4629 = ORIENTED_EDGE ( 'NONE', *, *, #3706, .T. ) ;
#4630 = DIRECTION ( 'NONE',  ( 1.347358039593656589E-15, 1.000000000000000000, 0.0000000000000000000 ) ) ;
#4631 = DIRECTION ( 'NONE',  ( 0.0000000000000000000, 0.0000000000000000000, 1.000000000000000000 ) ) ;
#4632 = EDGE_CURVE ( 'NONE', #2001, #2645, #1458, .T. ) ;
#4633 = LINE ( 'NONE', #2735, #3239 ) ;
#4634 = CARTESIAN_POINT ( 'NONE',  ( 35.49999999999997158, 0.0000000000000000000, 0.0000000000000000000 ) ) ;
#4635 = EDGE_CURVE ( 'NONE', #1812, #4209, #3373, .T. ) ;
#4636 = VERTEX_POINT ( 'NONE', #2575 ) ;
#4637 = CARTESIAN_POINT ( 'NONE',  ( 13.60000000000082743, 35.80000000000002558, 0.0000000000000000000 ) ) ;
#4638 = DIRECTION ( 'NONE',  ( -0.7071067811865474617, 0.7071067811865474617, -0.0000000000000000000 ) ) ;
#4639 = EDGE_LOOP ( 'NONE', ( #51, #761, #4490, #5525 ) ) ;
#4640 = DIRECTION ( 'NONE',  ( 0.0000000000000000000, 0.0000000000000000000, 1.000000000000000000 ) ) ;
#4641 = VERTEX_POINT ( 'NONE', #6045 ) ;
#4642 = LINE ( 'NONE', #3131, #2548 ) ;
#4643 = CIRCLE ( 'NONE', #3202, 0.3000000000000016542 ) ;
#4644 = EDGE_CURVE ( 'NONE', #5362, #3748, #5408, .T. ) ;
#4645 = DIRECTION ( 'NONE',  ( -0.0000000000000000000, -0.0000000000000000000, -1.000000000000000000 ) ) ;
#4646 = VERTEX_POINT ( 'NONE', #3552 ) ;
#4647 = ORIENTED_EDGE ( 'NONE', *, *, #3133, .F. ) ;
#4648 = AXIS2_PLACEMENT_3D ( 'NONE', #2289, #6315, #5835 ) ;
#4649 = VERTEX_POINT ( 'NONE', #5900 ) ;
#4650 = EDGE_CURVE ( 'NONE', #4295, #3659, #672, .T. ) ;
#4651 = CIRCLE ( 'NONE', #1862, 1.000000000000000888 ) ;
#4652 = VERTEX_POINT ( 'NONE', #1093 ) ;
#4653 = EDGE_CURVE ( 'NONE', #5980, #3394, #5374, .T. ) ;
#4654 = CARTESIAN_POINT ( 'NONE',  ( 12.60000000000081855, 38.50000000000004263, 0.0000000000000000000 ) ) ;
#4655 = CARTESIAN_POINT ( 'NONE',  ( 26.10000000000043485, 35.50000000000002842, 0.0000000000000000000 ) ) ;
#4656 = VECTOR ( 'NONE', #3390, 1000.000000000000000 ) ;
#4657 = ORIENTED_EDGE ( 'NONE', *, *, #2022, .T. ) ;
#4658 = DIRECTION ( 'NONE',  ( -0.0000000000000000000, -0.0000000000000000000, -1.000000000000000000 ) ) ;
#4659 = CARTESIAN_POINT ( 'NONE',  ( 13.41421356237304963, 25.17157287525370535, 0.0000000000000000000 ) ) ;
#4660 = CARTESIAN_POINT ( 'NONE',  ( 13.89999999999998614, 4.500000000000000000, 50.00000000000000000 ) ) ;
#4661 = ADVANCED_FACE ( 'NONE', ( #420 ), #4538, .F. ) ;
#4662 = ORIENTED_EDGE ( 'NONE', *, *, #1199, .T. ) ;
#4663 = DIRECTION ( 'NONE',  ( 0.0000000000000000000, 0.0000000000000000000, 1.000000000000000000 ) ) ;
#4664 = VERTEX_POINT ( 'NONE', #1911 ) ;
#4665 = CARTESIAN_POINT ( 'NONE',  ( 32.55000000000037375, 8.450000000000006395, 50.00000000000000000 ) ) ;
#4666 = CARTESIAN_POINT ( 'NONE',  ( 1.500000000000001332, 12.60000000000001030, 50.00000000000000000 ) ) ;
#4667 = DIRECTION ( 'NONE',  ( -0.0000000000000000000, 0.0000000000000000000, -1.000000000000000000 ) ) ;
#4668 = DIRECTION ( 'NONE',  ( 0.0000000000000000000, 0.0000000000000000000, 1.000000000000000000 ) ) ;
#4669 = CIRCLE ( 'NONE', #2814, 1.000000000000000444 ) ;
#4670 = EDGE_CURVE ( 'NONE', #2421, #1644, #942, .T. ) ;
#4671 = ORIENTED_EDGE ( 'NONE', *, *, #4704, .T. ) ;
#4672 = AXIS2_PLACEMENT_3D ( 'NONE', #680, #3658, #6035 ) ;
#4673 = CARTESIAN_POINT ( 'NONE',  ( 35.79999999999999005, 13.90000000000294378, 0.0000000000000000000 ) ) ;
#4674 = VECTOR ( 'NONE', #5635, 1000.000000000000000 ) ;
#4675 = FACE_OUTER_BOUND ( 'NONE', #5236, .T. ) ;
#4676 = VECTOR ( 'NONE', #1595, 1000.000000000000000 ) ;
#4677 = VERTEX_POINT ( 'NONE', #3405 ) ;
#4678 = CARTESIAN_POINT ( 'NONE',  ( 31.07842712474661795, 10.33578643762651517, 0.0000000000000000000 ) ) ;
#4679 = DIRECTION ( 'NONE',  ( 1.000000000000000000, 0.0000000000000000000, -0.0000000000000000000 ) ) ;
#4680 = AXIS2_PLACEMENT_3D ( 'NONE', #3208, #5244, #4757 ) ;
#4681 = VERTEX_POINT ( 'NONE', #5057 ) ;
#4682 = ORIENTED_EDGE ( 'NONE', *, *, #138, .F. ) ;
#4683 = EDGE_LOOP ( 'NONE', ( #6053, #5156, #5932, #1115 ) ) ;
#4684 = VERTEX_POINT ( 'NONE', #2081 ) ;
#4685 = CYLINDRICAL_SURFACE ( 'NONE', #5386, 1.000000000000000888 ) ;
#4686 = CARTESIAN_POINT ( 'NONE',  ( 39.20000000000000284, 14.90000000000001812, 0.0000000000000000000 ) ) ;
#4687 = AXIS2_PLACEMENT_3D ( 'NONE', #3429, #3493, #3759 ) ;
#4688 = ORIENTED_EDGE ( 'NONE', *, *, #2601, .F. ) ;
#4689 = CARTESIAN_POINT ( 'NONE',  ( 14.69999999999997975, 0.0000000000000000000, 0.0000000000000000000 ) ) ;
#4690 = EDGE_CURVE ( 'NONE', #2555, #4559, #626, .T. ) ;
#4691 = EDGE_CURVE ( 'NONE', #2600, #6253, #3066, .T. ) ;
#4692 = CARTESIAN_POINT ( 'NONE',  ( 38.80000000000001137, 15.89999999999928271, 50.00000000000000000 ) ) ;
#4693 = CARTESIAN_POINT ( 'NONE',  ( 35.50000000000002132, 24.39999999999928448, 0.0000000000000000000 ) ) ;
#4694 = ORIENTED_EDGE ( 'NONE', *, *, #5392, .F. ) ;
#4695 = CARTESIAN_POINT ( 'NONE',  ( 2.500000000000001332, 12.60000000000001741, 50.00000000000000000 ) ) ;
#4696 = ORIENTED_EDGE ( 'NONE', *, *, #2703, .F. ) ;
#4697 = DIRECTION ( 'NONE',  ( -0.7071067811865411334, -0.7071067811865539010, 0.0000000000000000000 ) ) ;
#4698 = CYLINDRICAL_SURFACE ( 'NONE', #268, 2.000000000000000000 ) ;
#4699 = ADVANCED_FACE ( 'NONE', ( #80 ), #5030, .F. ) ;
#4700 = LINE ( 'NONE', #687, #5299 ) ;
#4701 = CARTESIAN_POINT ( 'NONE',  ( 0.9999999999999991118, 15.70000000000001528, 0.0000000000000000000 ) ) ;
#4702 = VERTEX_POINT ( 'NONE', #4062 ) ;
#4703 = CARTESIAN_POINT ( 'NONE',  ( 38.50000000000036948, 10.74999999999961986, 0.0000000000000000000 ) ) ;
#4704 = EDGE_CURVE ( 'NONE', #2593, #931, #4216, .T. ) ;
#4705 = FACE_OUTER_BOUND ( 'NONE', #3467, .T. ) ;
#4706 = AXIS2_PLACEMENT_3D ( 'NONE', #4511, #5346, #2918 ) ;
#4707 = AXIS2_PLACEMENT_3D ( 'NONE', #4442, #4531, #1594 ) ;
#4708 = ORIENTED_EDGE ( 'NONE', *, *, #6289, .T. ) ;
#4709 = CARTESIAN_POINT ( 'NONE',  ( 10.75000000000000533, 1.499999999999999334, 0.0000000000000000000 ) ) ;
#4710 = CARTESIAN_POINT ( 'NONE',  ( 35.49999999999999289, 15.59999999999928022, 50.00000000000000000 ) ) ;
#4711 = ADVANCED_FACE ( 'NONE', ( #6202 ), #1218, .F. ) ;
#4712 = VECTOR ( 'NONE', #356, 1000.000000000000000 ) ;
#4713 = EDGE_LOOP ( 'NONE', ( #1073, #2253 ) ) ;
#4714 = ORIENTED_EDGE ( 'NONE', *, *, #5223, .F. ) ;
#4715 = ADVANCED_FACE ( 'NONE', ( #3670 ), #2673, .T. ) ;
#4716 = ORIENTED_EDGE ( 'NONE', *, *, #2405, .F. ) ;
#4717 = AXIS2_PLACEMENT_3D ( 'NONE', #2589, #2196, #5667 ) ;
#4718 = ORIENTED_EDGE ( 'NONE', *, *, #4560, .T. ) ;
#4719 = CARTESIAN_POINT ( 'NONE',  ( 7.507359312880892865, 11.75000000000000178, 0.0000000000000000000 ) ) ;
#4720 = PLANE ( 'NONE',  #4648 ) ;
#4721 = CARTESIAN_POINT ( 'NONE',  ( 24.29999999999998650, 1.000000000000000444, 50.00000000000000000 ) ) ;
#4722 = ORIENTED_EDGE ( 'NONE', *, *, #126, .T. ) ;
#4723 = CARTESIAN_POINT ( 'NONE',  ( 15.89999999999998437, 1.200000000000001066, 0.0000000000000000000 ) ) ;
#4724 = DIRECTION ( 'NONE',  ( -0.0000000000000000000, -0.0000000000000000000, -1.000000000000000000 ) ) ;
#4725 = ORIENTED_EDGE ( 'NONE', *, *, #3869, .T. ) ;
#4726 = DIRECTION ( 'NONE',  ( -0.0000000000000000000, -0.0000000000000000000, -1.000000000000000000 ) ) ;
#4727 = DIRECTION ( 'NONE',  ( -1.000000000000000000, 0.0000000000000000000, 0.0000000000000000000 ) ) ;
#4728 = CARTESIAN_POINT ( 'NONE',  ( 15.69999999999998153, 39.00000000000001421, 0.0000000000000000000 ) ) ;
#4729 = DIRECTION ( 'NONE',  ( 0.0000000000000000000, 0.0000000000000000000, 1.000000000000000000 ) ) ;
#4730 = EDGE_CURVE ( 'NONE', #1431, #5637, #478, .T. ) ;
#4731 = PLANE ( 'NONE',  #3791 ) ;
#4732 = DIRECTION ( 'NONE',  ( -1.000000000000000000, 0.0000000000000000000, 0.0000000000000000000 ) ) ;
#4733 = LINE ( 'NONE', #1375, #4877 ) ;
#4734 = ORIENTED_EDGE ( 'NONE', *, *, #2564, .T. ) ;
#4735 = EDGE_CURVE ( 'NONE', #3407, #3041, #5154, .T. ) ;
#4736 = CARTESIAN_POINT ( 'NONE',  ( 24.39999999999998437, 4.200000000000000178, 50.00000000000000000 ) ) ;
#4737 = EDGE_CURVE ( 'NONE', #5629, #441, #1728, .T. ) ;
#4738 = AXIS2_PLACEMENT_3D ( 'NONE', #4536, #106, #5580 ) ;
#4739 = DIRECTION ( 'NONE',  ( 0.0000000000000000000, 0.0000000000000000000, 1.000000000000000000 ) ) ;
#4740 = CARTESIAN_POINT ( 'NONE',  ( 2.499999999999999556, 29.24999999999955236, 50.00000000000000000 ) ) ;
#4741 = VERTEX_POINT ( 'NONE', #1760 ) ;
#4742 = DIRECTION ( 'NONE',  ( -0.0000000000000000000, -0.0000000000000000000, -1.000000000000000000 ) ) ;
#4743 = DIRECTION ( 'NONE',  ( -0.0000000000000000000, -0.0000000000000000000, -1.000000000000000000 ) ) ;
#4744 = VERTEX_POINT ( 'NONE', #1151 ) ;
#4745 = ORIENTED_EDGE ( 'NONE', *, *, #6024, .F. ) ;
#4746 = ORIENTED_EDGE ( 'NONE', *, *, #6164, .T. ) ;
#4747 = EDGE_CURVE ( 'NONE', #3844, #6120, #3705, .T. ) ;
#4748 = ORIENTED_EDGE ( 'NONE', *, *, #5523, .F. ) ;
#4749 = CARTESIAN_POINT ( 'NONE',  ( 7.507359312880761415, 28.24999999999955236, 50.00000000000000000 ) ) ;
#4750 = CARTESIAN_POINT ( 'NONE',  ( 23.75735931288070901, 26.00000000000000355, 50.00000000000000000 ) ) ;
#4751 = LINE ( 'NONE', #6385, #999 ) ;
#4752 = VECTOR ( 'NONE', #3557, 1000.000000000000000 ) ;
#4753 = ORIENTED_EDGE ( 'NONE', *, *, #5306, .F. ) ;
#4754 = CARTESIAN_POINT ( 'NONE',  ( 8.449999999999999289, 37.69999999999978968, 50.00000000000000000 ) ) ;
#4755 = LINE ( 'NONE', #2823, #6135 ) ;
#4756 = ORIENTED_EDGE ( 'NONE', *, *, #5127, .F. ) ;
#4757 = DIRECTION ( 'NONE',  ( -1.000000000000000000, 0.0000000000000000000, 0.0000000000000000000 ) ) ;
#4758 = CARTESIAN_POINT ( 'NONE',  ( 37.50000000000036948, 12.60000000000294307, 50.00000000000000000 ) ) ;
#4759 = CARTESIAN_POINT ( 'NONE',  ( 32.49264068711970310, 30.24999999999955236, 50.00000000000000000 ) ) ;
#4760 = CARTESIAN_POINT ( 'NONE',  ( 37.50000000000009237, 29.24999999999955236, 0.0000000000000000000 ) ) ;
#4761 = AXIS2_PLACEMENT_3D ( 'NONE', #3471, #5474, #462 ) ;
#4762 = DIRECTION ( 'NONE',  ( -1.347358039593656392E-15, -1.000000000000000000, 0.0000000000000000000 ) ) ;
#4763 = ORIENTED_EDGE ( 'NONE', *, *, #835, .F. ) ;
#4764 = DIRECTION ( 'NONE',  ( -0.0000000000000000000, -0.0000000000000000000, -1.000000000000000000 ) ) ;
#4765 = DIRECTION ( 'NONE',  ( -0.0000000000000000000, 1.000000000000000000, -0.0000000000000000000 ) ) ;
#4766 = AXIS2_PLACEMENT_3D ( 'NONE', #1898, #6010, #3034 ) ;
#4767 = ORIENTED_EDGE ( 'NONE', *, *, #835, .T. ) ;
#4768 = LINE ( 'NONE', #337, #2078 ) ;
#4769 = VECTOR ( 'NONE', #5916, 1000.000000000000000 ) ;
#4770 = DIRECTION ( 'NONE',  ( -0.0000000000000000000, -0.0000000000000000000, -1.000000000000000000 ) ) ;
#4771 = EDGE_CURVE ( 'NONE', #5516, #752, #6237, .T. ) ;
#4772 = DIRECTION ( 'NONE',  ( 1.172110456741085335E-16, 1.000000000000000000, -0.0000000000000000000 ) ) ;
#4773 = ORIENTED_EDGE ( 'NONE', *, *, #2368, .T. ) ;
#4774 = CARTESIAN_POINT ( 'NONE',  ( 24.89999999999998437, 1.000000000000000000, 50.00000000000000000 ) ) ;
#4775 = VECTOR ( 'NONE', #3566, 1000.000000000000000 ) ;
#4776 = DIRECTION ( 'NONE',  ( -0.0000000000000000000, -0.0000000000000000000, -1.000000000000000000 ) ) ;
#4777 = AXIS2_PLACEMENT_3D ( 'NONE', #5972, #2962, #2473 ) ;
#4778 = EDGE_CURVE ( 'NONE', #6210, #6041, #2114, .T. ) ;
#4779 = ORIENTED_EDGE ( 'NONE', *, *, #4585, .F. ) ;
#4780 = ORIENTED_EDGE ( 'NONE', *, *, #4197, .T. ) ;
#4781 = AXIS2_PLACEMENT_3D ( 'NONE', #4113, #4180, #266 ) ;
#4782 = ORIENTED_EDGE ( 'NONE', *, *, #6203, .T. ) ;
#4783 = EDGE_LOOP ( 'NONE', ( #873, #5233, #2624, #4958 ) ) ;
#4784 = DIRECTION ( 'NONE',  ( -0.7071067811865479058, -0.7071067811865472397, 0.0000000000000000000 ) ) ;
#4785 = LINE ( 'NONE', #5238, #5998 ) ;
#4786 = DIRECTION ( 'NONE',  ( -0.0000000000000000000, -0.0000000000000000000, -1.000000000000000000 ) ) ;
#4787 = CIRCLE ( 'NONE', #3134, 1.000000000000000888 ) ;
#4788 = VERTEX_POINT ( 'NONE', #5582 ) ;
#4789 = ADVANCED_FACE ( 'NONE', ( #4705 ), #274, .F. ) ;
#4790 = PLANE ( 'NONE',  #2660 ) ;
#4791 = DIRECTION ( 'NONE',  ( -0.0000000000000000000, -0.0000000000000000000, -1.000000000000000000 ) ) ;
#4792 = ORIENTED_EDGE ( 'NONE', *, *, #3497, .F. ) ;
#4793 = CARTESIAN_POINT ( 'NONE',  ( 1.300000000000051115, 32.54999999999987637, 50.00000000000000000 ) ) ;
#4794 = DIRECTION ( 'NONE',  ( -1.000000000000000000, 0.0000000000000000000, 0.0000000000000000000 ) ) ;
#4795 = CARTESIAN_POINT ( 'NONE',  ( 26.58578643762728788, 14.82842712474584346, 50.00000000000000000 ) ) ;
#4796 = LINE ( 'NONE', #1340, #3165 ) ;
#4797 = CARTESIAN_POINT ( 'NONE',  ( 31.55000000000005045, 37.70000000000000284, 0.0000000000000000000 ) ) ;
#4798 = ORIENTED_EDGE ( 'NONE', *, *, #5104, .F. ) ;
#4799 = DIRECTION ( 'NONE',  ( 1.000000000000000000, 0.0000000000000000000, 0.0000000000000000000 ) ) ;
#4800 = CARTESIAN_POINT ( 'NONE',  ( 38.80000000000001137, 15.89999999999928271, 50.00000000000000000 ) ) ;
#4801 = ORIENTED_EDGE ( 'NONE', *, *, #2542, .F. ) ;
#4802 = LINE ( 'NONE', #4149, #506 ) ;
#4803 = DIRECTION ( 'NONE',  ( -1.000000000000000000, 0.0000000000000000000, 0.0000000000000000000 ) ) ;
#4804 = LINE ( 'NONE', #3456, #2907 ) ;
#4805 = ORIENTED_EDGE ( 'NONE', *, *, #2345, .T. ) ;
#4806 = DIRECTION ( 'NONE',  ( 1.000000000000000000, 0.0000000000000000000, 0.0000000000000000000 ) ) ;
#4807 = PLANE ( 'NONE',  #3991 ) ;
#4808 = EDGE_CURVE ( 'NONE', #223, #3295, #1250, .T. ) ;
#4809 = ORIENTED_EDGE ( 'NONE', *, *, #2561, .F. ) ;
#4810 = CIRCLE ( 'NONE', #1312, 3.200000000000001510 ) ;
#4811 = ORIENTED_EDGE ( 'NONE', *, *, #5711, .F. ) ;
#4812 = CIRCLE ( 'NONE', #5960, 3.400000000000000355 ) ;
#4813 = CIRCLE ( 'NONE', #2020, 3.400000000000000355 ) ;
#4814 = PLANE ( 'NONE',  #1070 ) ;
#4815 = ORIENTED_EDGE ( 'NONE', *, *, #692, .T. ) ;
#4816 = ORIENTED_EDGE ( 'NONE', *, *, #5133, .F. ) ;
#4817 = DIRECTION ( 'NONE',  ( 0.0000000000000000000, 0.0000000000000000000, 1.000000000000000000 ) ) ;
#4818 = ADVANCED_FACE ( 'NONE', ( #4675 ), #241, .T. ) ;
#4819 = CARTESIAN_POINT ( 'NONE',  ( 0.2000000000000015654, 14.90000000000001812, 50.00000000000000000 ) ) ;
#4820 = AXIS2_PLACEMENT_3D ( 'NONE', #4760, #1434, #3826 ) ;
#4821 = CARTESIAN_POINT ( 'NONE',  ( 4.500000000000000000, 35.50000000000001421, 50.00000000000000000 ) ) ;
#4822 = VERTEX_POINT ( 'NONE', #6105 ) ;
#4823 = DIRECTION ( 'NONE',  ( 0.0000000000000000000, 1.000000000000000000, 0.0000000000000000000 ) ) ;
#4824 = CARTESIAN_POINT ( 'NONE',  ( 13.89999999999998437, 4.200000000000000178, 0.0000000000000000000 ) ) ;
#4825 = EDGE_LOOP ( 'NONE', ( #2878, #5171, #4258, #805, #5893, #3516, #624, #2607, #2135, #6278, #3601, #5705, #5833, #55, #4722, #3547, #3012, #4919, #2292, #3531, #6108, #2871, #1219, #3910, #3667, #402, #2479, #2537, #934, #2126, #1878, #5066, #2976, #2261, #282, #349, #6143, #90, #607, #549, #1102, #255, #48, #706, #5557, #2781, #2792, #6151, #2523, #6181, #122, #44, #5587, #1564, #2618, #5891, #2091, #577, #4119, #1152, #6016, #1021, #4423, #1233, #3426, #6241, #4767, #6381, #5593, #377, #3361, #6013, #6246, #2582, #2851, #2116, #1699, #5791, #3398, #1530, #2256, #5999, #424, #5768, #5119, #1674, #1926, #5493, #6116, #1327, #4938, #2042, #2400, #5240, #4939, #3168, #5660, #1575, #3953, #3023, #1725, #2287, #2332, #389, #2151, #5098, #2364, #6159, #5852, #3906, #6390, #4970, #2218, #1510, #1470, #5220, #312, #4671, #1717, #6152, #772, #2186, #5152, #1004, #2475, #5671, #1158, #4451, #98, #5831, #5934, #6200, #2821, #4334, #4139, #5886, #1096, #4815, #813, #2772, #2808, #5462, #1412, #5921, #5274, #5504, #2284, #2782, #5630, #6247, #4338, #701 ) ) ;
#4826 = PLANE ( 'NONE',  #2724 ) ;
#4827 = PLANE ( 'NONE',  #4446 ) ;
#4828 = DIRECTION ( 'NONE',  ( -0.0000000000000000000, -0.0000000000000000000, -1.000000000000000000 ) ) ;
#4829 = CARTESIAN_POINT ( 'NONE',  ( 32.55000000000005400, 31.55000000000007887, 0.0000000000000000000 ) ) ;
#4830 = DIRECTION ( 'NONE',  ( -1.000000000000000000, 0.0000000000000000000, 0.0000000000000000000 ) ) ;
#4831 = PLANE ( 'NONE',  #2406 ) ;
#4832 = ORIENTED_EDGE ( 'NONE', *, *, #1891, .T. ) ;
#4833 = EDGE_CURVE ( 'NONE', #2486, #4741, #764, .T. ) ;
#4834 = VECTOR ( 'NONE', #180, 1000.000000000000000 ) ;
#4835 = EDGE_CURVE ( 'NONE', #6025, #2812, #176, .T. ) ;
#4836 = DIRECTION ( 'NONE',  ( -0.0000000000000000000, 1.000000000000000000, -0.0000000000000000000 ) ) ;
#4837 = CARTESIAN_POINT ( 'NONE',  ( 27.39999999999999147, 1.500000000000000444, 50.00000000000000000 ) ) ;
#4838 = VERTEX_POINT ( 'NONE', #3256 ) ;
#4839 = DIRECTION ( 'NONE',  ( -1.000000000000000000, 0.0000000000000000000, 0.0000000000000000000 ) ) ;
#4840 = EDGE_CURVE ( 'NONE', #179, #5794, #6140, .T. ) ;
#4841 = ORIENTED_EDGE ( 'NONE', *, *, #2414, .F. ) ;
#4842 = ORIENTED_EDGE ( 'NONE', *, *, #3060, .T. ) ;
#4843 = CARTESIAN_POINT ( 'NONE',  ( 25.17157287525381903, 26.58578643762691485, 50.00000000000000000 ) ) ;
#4844 = ORIENTED_EDGE ( 'NONE', *, *, #4460, .F. ) ;
#4845 = ADVANCED_FACE ( 'NONE', ( #5222 ), #1183, .F. ) ;
#4846 = ORIENTED_EDGE ( 'NONE', *, *, #1192, .T. ) ;
#4847 = DIRECTION ( 'NONE',  ( 0.0000000000000000000, 0.0000000000000000000, 1.000000000000000000 ) ) ;
#4848 = CARTESIAN_POINT ( 'NONE',  ( 25.29999999999998650, 0.2000000000000000389, 0.0000000000000000000 ) ) ;
#4849 = LINE ( 'NONE', #3819, #3896 ) ;
#4850 = EDGE_LOOP ( 'NONE', ( #1613, #3232, #5741, #4426 ) ) ;
#4851 = FACE_OUTER_BOUND ( 'NONE', #4230, .T. ) ;
#4852 = EDGE_CURVE ( 'NONE', #4007, #5378, #2225, .T. ) ;
#4853 = LINE ( 'NONE', #320, #6233 ) ;
#4854 = ADVANCED_FACE ( 'NONE', ( #1857 ), #2939, .F. ) ;
#4855 = EDGE_CURVE ( 'NONE', #2764, #409, #3770, .T. ) ;
#4856 = ORIENTED_EDGE ( 'NONE', *, *, #2092, .F. ) ;
#4857 = FACE_OUTER_BOUND ( 'NONE', #4963, .T. ) ;
#4858 = VECTOR ( 'NONE', #2983, 1000.000000000000000 ) ;
#4859 = DIRECTION ( 'NONE',  ( 1.000000000000000000, 0.0000000000000000000, 0.0000000000000000000 ) ) ;
#4860 = CARTESIAN_POINT ( 'NONE',  ( 15.09999999999998543, 1.000000000000000000, 0.0000000000000000000 ) ) ;
#4861 = ADVANCED_FACE ( 'NONE', ( #4867 ), #4904, .F. ) ;
#4862 = DIRECTION ( 'NONE',  ( -0.0000000000000000000, 1.000000000000000000, -0.0000000000000000000 ) ) ;
#4863 = CARTESIAN_POINT ( 'NONE',  ( 26.39999999999998082, 2.500000000000007550, 50.00000000000000000 ) ) ;
#4864 = DIRECTION ( 'NONE',  ( -0.0000000000000000000, -0.0000000000000000000, -1.000000000000000000 ) ) ;
#4865 = EDGE_LOOP ( 'NONE', ( #1957, #216, #4127, #5281 ) ) ;
#4866 = CIRCLE ( 'NONE', #3109, 1.000000000000000888 ) ;
#4867 = FACE_OUTER_BOUND ( 'NONE', #1064, .T. ) ;
#4868 = CIRCLE ( 'NONE', #4038, 4.500000000000000000 ) ;
#4869 = EDGE_CURVE ( 'NONE', #2344, #4641, #2310, .T. ) ;
#4870 = LINE ( 'NONE', #440, #1360 ) ;
#4871 = VERTEX_POINT ( 'NONE', #6271 ) ;
#4872 = DIRECTION ( 'NONE',  ( -1.000000000000000000, 0.0000000000000000000, 0.0000000000000000000 ) ) ;
#4873 = ORIENTED_EDGE ( 'NONE', *, *, #3393, .F. ) ;
#4874 = EDGE_LOOP ( 'NONE', ( #2142, #5956, #2034, #5729 ) ) ;
#4875 = DIRECTION ( 'NONE',  ( 0.0000000000000000000, 0.0000000000000000000, 1.000000000000000000 ) ) ;
#4876 = EDGE_LOOP ( 'NONE', ( #5201, #4756, #634, #4773 ) ) ;
#4877 = VECTOR ( 'NONE', #4765, 1000.000000000000000 ) ;
#4878 = AXIS2_PLACEMENT_3D ( 'NONE', #1694, #4668, #6070 ) ;
#4879 = ORIENTED_EDGE ( 'NONE', *, *, #243, .T. ) ;
#4880 = CARTESIAN_POINT ( 'NONE',  ( 12.60000000000081855, 38.50000000000004263, 50.00000000000000000 ) ) ;
#4881 = CARTESIAN_POINT ( 'NONE',  ( 31.55000000000005755, 37.70000000000000284, 50.00000000000000000 ) ) ;
#4882 = CIRCLE ( 'NONE', #2185, 0.1999999999999994282 ) ;
#4883 = CARTESIAN_POINT ( 'NONE',  ( 14.69999999999998153, 0.2000000000000000666, 50.00000000000000000 ) ) ;
#4884 = AXIS2_PLACEMENT_3D ( 'NONE', #4379, #853, #4830 ) ;
#4885 = ORIENTED_EDGE ( 'NONE', *, *, #2931, .F. ) ;
#4886 = DIRECTION ( 'NONE',  ( -7.032662740448344632E-16, 1.000000000000000000, -0.0000000000000000000 ) ) ;
#4887 = CARTESIAN_POINT ( 'NONE',  ( 25.17157287525381903, 26.58578643762691485, 50.00000000000000000 ) ) ;
#4888 = VECTOR ( 'NONE', #448, 1000.000000000000000 ) ;
#4889 = UNCERTAINTY_MEASURE_WITH_UNIT (LENGTH_MEASURE( 1.000000000000000082E-05 ), #2742, 'distance_accuracy_value', 'NONE');
#4890 = EDGE_CURVE ( 'NONE', #3295, #6374, #2448, .T. ) ;
#4891 = ORIENTED_EDGE ( 'NONE', *, *, #5749, .F. ) ;
#4892 = ORIENTED_EDGE ( 'NONE', *, *, #5409, .F. ) ;
#4893 = AXIS2_PLACEMENT_3D ( 'NONE', #5387, #2935, #4900 ) ;
#4894 = FACE_OUTER_BOUND ( 'NONE', #1801, .T. ) ;
#4895 = CARTESIAN_POINT ( 'NONE',  ( 38.70000000000031548, 7.449999999999999289, 50.00000000000000000 ) ) ;
#4896 = EDGE_CURVE ( 'NONE', #1903, #1768, #6166, .T. ) ;
#4897 = DIRECTION ( 'NONE',  ( -0.0000000000000000000, -0.0000000000000000000, -1.000000000000000000 ) ) ;
#4898 = CARTESIAN_POINT ( 'NONE',  ( 14.00000000000000178, 23.75735931288055625, 0.0000000000000000000 ) ) ;
#4899 = LINE ( 'NONE', #2532, #5296 ) ;
#4900 = DIRECTION ( 'NONE',  ( -1.000000000000000000, 0.0000000000000000000, 0.0000000000000000000 ) ) ;
#4901 = ORIENTED_EDGE ( 'NONE', *, *, #6289, .F. ) ;
#4902 = EDGE_CURVE ( 'NONE', #1391, #627, #5225, .T. ) ;
#4903 = AXIS2_PLACEMENT_3D ( 'NONE', #6095, #1651, #1241 ) ;
#4904 = CYLINDRICAL_SURFACE ( 'NONE', #2642, 1.000000000000000000 ) ;
#4905 = CARTESIAN_POINT ( 'NONE',  ( 2.500000000000008438, 9.750000000000001776, 50.00000000000000000 ) ) ;
#4906 = ORIENTED_EDGE ( 'NONE', *, *, #5597, .F. ) ;
#4907 = DIRECTION ( 'NONE',  ( 0.0000000000000000000, -0.0000000000000000000, -1.000000000000000000 ) ) ;
#4908 = EDGE_LOOP ( 'NONE', ( #598, #3246, #3297, #1868 ) ) ;
#4909 = EDGE_LOOP ( 'NONE', ( #3365, #3726, #6046, #1887 ) ) ;
#4910 = CARTESIAN_POINT ( 'NONE',  ( 15.89999999999998437, 35.80000000000004690, 0.0000000000000000000 ) ) ;
#4912 = ORIENTED_EDGE ( 'NONE', *, *, #1022, .T. ) ;
#4911 = DIRECTION ( 'NONE',  ( -1.000000000000000000, 0.0000000000000000000, 0.0000000000000000000 ) ) ;
#4913 = LINE ( 'NONE', #2951, #855 ) ;
#4914 = CARTESIAN_POINT ( 'NONE',  ( 37.50000000000036238, 13.60000000000294307, 0.0000000000000000000 ) ) ;
#4915 = AXIS2_PLACEMENT_3D ( 'NONE', #2213, #2706, #4739 ) ;
#4916 = VECTOR ( 'NONE', #4323, 1000.000000000000000 ) ;
#4917 = ORIENTED_EDGE ( 'NONE', *, *, #1888, .F. ) ;
#4918 = EDGE_CURVE ( 'NONE', #4646, #385, #5540, .T. ) ;
#4919 = ORIENTED_EDGE ( 'NONE', *, *, #5026, .T. ) ;
#4920 = ORIENTED_EDGE ( 'NONE', *, *, #4632, .F. ) ;
#4921 = CYLINDRICAL_SURFACE ( 'NONE', #5727, 0.2000000000000005107 ) ;
#4922 = VECTOR ( 'NONE', #5758, 1000.000000000000000 ) ;
#4923 = DIRECTION ( 'NONE',  ( -0.0000000000000000000, -0.0000000000000000000, -1.000000000000000000 ) ) ;
#4924 = FACE_OUTER_BOUND ( 'NONE', #1711, .T. ) ;
#4925 = DIRECTION ( 'NONE',  ( -0.0000000000000000000, -0.0000000000000000000, -1.000000000000000000 ) ) ;
#4926 = CARTESIAN_POINT ( 'NONE',  ( 7.449999999999999289, 32.54999999999986926, 0.0000000000000000000 ) ) ;
#4927 = CARTESIAN_POINT ( 'NONE',  ( 24.89999999999998437, 1.000000000000000000, 50.00000000000000000 ) ) ;
#4928 = CARTESIAN_POINT ( 'NONE',  ( 14.69999999999998153, 0.2000000000000000666, 0.0000000000000000000 ) ) ;
#4929 = ORIENTED_EDGE ( 'NONE', *, *, #1563, .T. ) ;
#4930 = VECTOR ( 'NONE', #4762, 1000.000000000000000 ) ;
#4931 = DIRECTION ( 'NONE',  ( -1.000000000000000000, 0.0000000000000000000, 0.0000000000000000000 ) ) ;
#4932 = LINE ( 'NONE', #2536, #5400 ) ;
#4933 = EDGE_CURVE ( 'NONE', #2148, #1705, #1319, .T. ) ;
#4934 = DIRECTION ( 'NONE',  ( -0.0000000000000000000, -0.0000000000000000000, -1.000000000000000000 ) ) ;
#4935 = EDGE_CURVE ( 'NONE', #836, #881, #1442, .T. ) ;
#4936 = EDGE_LOOP ( 'NONE', ( #1658, #4196, #2785, #3622 ) ) ;
#4937 = DIRECTION ( 'NONE',  ( -0.0000000000000000000, -0.0000000000000000000, -1.000000000000000000 ) ) ;
#4938 = ORIENTED_EDGE ( 'NONE', *, *, #3769, .T. ) ;
#4939 = ORIENTED_EDGE ( 'NONE', *, *, #242, .T. ) ;
#4940 = CARTESIAN_POINT ( 'NONE',  ( 0.7999999999999986011, 24.90000000000001990, 50.00000000000000000 ) ) ;
#4942 = ORIENTED_EDGE ( 'NONE', *, *, #142, .T. ) ;
#4941 = DIRECTION ( 'NONE',  ( 0.0000000000000000000, -0.0000000000000000000, -1.000000000000000000 ) ) ;
#4943 = CARTESIAN_POINT ( 'NONE',  ( 15.89999999999998437, 4.199999999999997513, 0.0000000000000000000 ) ) ;
#4944 = CYLINDRICAL_SURFACE ( 'NONE', #5269, 0.2999999999999999334 ) ;
#4945 = VERTEX_POINT ( 'NONE', #959 ) ;
#4946 = VECTOR ( 'NONE', #5979, 1000.000000000000000 ) ;
#4947 = ADVANCED_FACE ( 'NONE', ( #2348 ), #5257, .F. ) ;
#4948 = EDGE_LOOP ( 'NONE', ( #5502, #4891, #6055, #1688 ) ) ;
#4949 = VERTEX_POINT ( 'NONE', #5784 ) ;
#4950 = PRESENTATION_STYLE_ASSIGNMENT (( #2004 ) ) ;
#4951 = DIRECTION ( 'NONE',  ( -1.000000000000000000, 0.0000000000000000000, 0.0000000000000000000 ) ) ;
#4952 = EDGE_CURVE ( 'NONE', #956, #4348, #2331, .T. ) ;
#4953 = DIRECTION ( 'NONE',  ( -0.0000000000000000000, -0.0000000000000000000, -1.000000000000000000 ) ) ;
#4954 = DIRECTION ( 'NONE',  ( -0.0000000000000000000, -0.0000000000000000000, -1.000000000000000000 ) ) ;
#4955 = FACE_BOUND ( 'NONE', #3316, .T. ) ;
#4956 = DIRECTION ( 'NONE',  ( -0.0000000000000000000, -0.0000000000000000000, -1.000000000000000000 ) ) ;
#4957 = DIRECTION ( 'NONE',  ( -0.0000000000000000000, -0.0000000000000000000, -1.000000000000000000 ) ) ;
#4958 = ORIENTED_EDGE ( 'NONE', *, *, #738, .T. ) ;
#4959 = DIRECTION ( 'NONE',  ( 1.000000000000000000, 0.0000000000000000000, 0.0000000000000000000 ) ) ;
#4960 = VECTOR ( 'NONE', #53, 1000.000000000000000 ) ;
#4961 = LINE ( 'NONE', #4084, #5184 ) ;
#4962 = AXIS2_PLACEMENT_3D ( 'NONE', #3376, #5351, #916 ) ;
#4963 = EDGE_LOOP ( 'NONE', ( #3527, #806, #3693, #206 ) ) ;
#4964 = DIRECTION ( 'NONE',  ( 0.0000000000000000000, 0.0000000000000000000, 1.000000000000000000 ) ) ;
#4965 = VECTOR ( 'NONE', #5683, 1000.000000000000000 ) ;
#4966 = ORIENTED_EDGE ( 'NONE', *, *, #4458, .F. ) ;
#4967 = ORIENTED_EDGE ( 'NONE', *, *, #4336, .F. ) ;
#4968 = DIRECTION ( 'NONE',  ( 7.032662740448345618E-16, -1.000000000000000000, 0.0000000000000000000 ) ) ;
#4970 = ORIENTED_EDGE ( 'NONE', *, *, #3918, .T. ) ;
#4969 = CARTESIAN_POINT ( 'NONE',  ( 29.24999999999999289, 38.50000000000004263, 50.00000000000000000 ) ) ;
#4971 = DIRECTION ( 'NONE',  ( -0.0000000000000000000, -0.0000000000000000000, -1.000000000000000000 ) ) ;
#4972 = AXIS2_PLACEMENT_3D ( 'NONE', #3875, #995, #2512 ) ;
#4973 = CYLINDRICAL_SURFACE ( 'NONE', #97, 4.500000000000000888 ) ;
#4974 = EDGE_CURVE ( 'NONE', #3345, #3890, #3321, .T. ) ;
#4975 = EDGE_LOOP ( 'NONE', ( #3555, #5135, #2465, #2680 ) ) ;
#4976 = VERTEX_POINT ( 'NONE', #3355 ) ;
#4977 = ORIENTED_EDGE ( 'NONE', *, *, #6328, .F. ) ;
#4978 = VECTOR ( 'NONE', #4593, 1000.000000000000000 ) ;
#4979 = ORIENTED_EDGE ( 'NONE', *, *, #3947, .F. ) ;
#4980 = DIRECTION ( 'NONE',  ( 1.000000000000000000, 0.0000000000000000000, 0.0000000000000000000 ) ) ;
#4981 = DIRECTION ( 'NONE',  ( 1.000000000000000000, 0.0000000000000000000, 0.0000000000000000000 ) ) ;
#4982 = CARTESIAN_POINT ( 'NONE',  ( 7.507359312880884872, 9.750000000000001776, 50.00000000000000000 ) ) ;
#4983 = CIRCLE ( 'NONE', #3443, 1.000000000000000000 ) ;
#4984 = EDGE_CURVE ( 'NONE', #5175, #5214, #5324, .T. ) ;
#4985 = AXIS2_PLACEMENT_3D ( 'NONE', #2566, #1979, #5452 ) ;
#4986 = CARTESIAN_POINT ( 'NONE',  ( 11.99999999999999822, 16.24264068711918796, 50.00000000000000000 ) ) ;
#4987 = CARTESIAN_POINT ( 'NONE',  ( 4.500000000000033751, 0.0000000000000000000, 0.0000000000000000000 ) ) ;
#4988 = FACE_OUTER_BOUND ( 'NONE', #2273, .T. ) ;
#4989 = AXIS2_PLACEMENT_3D ( 'NONE', #3600, #3627, #2134 ) ;
#4990 = FACE_OUTER_BOUND ( 'NONE', #3843, .T. ) ;
#4991 = ORIENTED_EDGE ( 'NONE', *, *, #2658, .F. ) ;
#4992 = CARTESIAN_POINT ( 'NONE',  ( 37.50000000000036948, 10.74999999999961098, 50.00000000000000000 ) ) ;
#4993 = EDGE_CURVE ( 'NONE', #4649, #6009, #2873, .T. ) ;
#4994 = FACE_OUTER_BOUND ( 'NONE', #4865, .T. ) ;
#4995 = ADVANCED_FACE ( 'NONE', ( #6335 ), #1893, .T. ) ;
#4996 = VERTEX_POINT ( 'NONE', #439 ) ;
#4997 = VERTEX_POINT ( 'NONE', #1922 ) ;
#4998 = FACE_OUTER_BOUND ( 'NONE', #1253, .T. ) ;
#4999 = AXIS2_PLACEMENT_3D ( 'NONE', #4719, #1392, #2257 ) ;
#5000 = DIRECTION ( 'NONE',  ( -1.000000000000000000, 0.0000000000000000000, 0.0000000000000000000 ) ) ;
#5001 = VERTEX_POINT ( 'NONE', #5052 ) ;
#5002 = VERTEX_POINT ( 'NONE', #3030 ) ;
#5003 = LINE ( 'NONE', #540, #5192 ) ;
#5004 = ORIENTED_EDGE ( 'NONE', *, *, #1453, .T. ) ;
#5005 = CARTESIAN_POINT ( 'NONE',  ( 1.199999999999999956, 15.90000000000001812, 0.0000000000000000000 ) ) ;
#5006 = EDGE_CURVE ( 'NONE', #2424, #1343, #3061, .T. ) ;
#5007 = CARTESIAN_POINT ( 'NONE',  ( 14.69999999999998153, 39.80000000000001847, 50.00000000000000000 ) ) ;
#5008 = ORIENTED_EDGE ( 'NONE', *, *, #67, .F. ) ;
#5009 = ORIENTED_EDGE ( 'NONE', *, *, #4061, .F. ) ;
#5010 = EDGE_CURVE ( 'NONE', #1639, #4949, #4445, .T. ) ;
#5011 = ORIENTED_EDGE ( 'NONE', *, *, #1453, .F. ) ;
#5012 = EDGE_CURVE ( 'NONE', #881, #6182, #4932, .T. ) ;
#5013 = LINE ( 'NONE', #5505, #5389 ) ;
#5014 = CARTESIAN_POINT ( 'NONE',  ( 0.7999999999999972689, 25.10000000000001918, 50.00000000000000000 ) ) ;
#5015 = CARTESIAN_POINT ( 'NONE',  ( 0.7999999999999970468, 14.90000000000001812, 50.00000000000000000 ) ) ;
#5016 = FACE_OUTER_BOUND ( 'NONE', #4198, .T. ) ;
#5018 = DIRECTION ( 'NONE',  ( -1.000000000000000000, 0.0000000000000000000, 0.0000000000000000000 ) ) ;
#5017 = AXIS2_PLACEMENT_3D ( 'NONE', #6175, #5682, #4608 ) ;
#5019 = VECTOR ( 'NONE', #1721, 1000.000000000000000 ) ;
#5020 = DIRECTION ( 'NONE',  ( 0.0000000000000000000, -0.0000000000000000000, 1.000000000000000000 ) ) ;
#5021 = ORIENTED_EDGE ( 'NONE', *, *, #1597, .F. ) ;
#5022 = DIRECTION ( 'NONE',  ( -0.0000000000000000000, -0.0000000000000000000, -1.000000000000000000 ) ) ;
#5023 = CIRCLE ( 'NONE', #895, 0.1999999999999994282 ) ;
#5024 = VECTOR ( 'NONE', #3864, 1000.000000000000000 ) ;
#5025 = DIRECTION ( 'NONE',  ( -6.802837160693386290E-16, 1.000000000000000000, 0.0000000000000000000 ) ) ;
#5026 = EDGE_CURVE ( 'NONE', #4945, #2047, #4022, .T. ) ;
#5027 = VECTOR ( 'NONE', #3799, 1000.000000000000000 ) ;
#5028 = ORIENTED_EDGE ( 'NONE', *, *, #5227, .T. ) ;
#5029 = DIRECTION ( 'NONE',  ( -0.0000000000000000000, -0.0000000000000000000, -1.000000000000000000 ) ) ;
#5030 = CYLINDRICAL_SURFACE ( 'NONE', #788, 1.999999999999998224 ) ;
#5031 = ORIENTED_EDGE ( 'NONE', *, *, #1107, .F. ) ;
#5032 = CARTESIAN_POINT ( 'NONE',  ( 39.80000000000001137, 14.90000000000001812, 50.00000000000000000 ) ) ;
#5033 = EDGE_LOOP ( 'NONE', ( #1446, #781, #5762, #4520 ) ) ;
#5034 = PLANE ( 'NONE',  #2143 ) ;
#5035 = CARTESIAN_POINT ( 'NONE',  ( 23.75735931288070901, 26.00000000000000355, 50.00000000000000000 ) ) ;
#5036 = EDGE_LOOP ( 'NONE', ( #284, #1488, #5031, #5579 ) ) ;
#5037 = ADVANCED_FACE ( 'NONE', ( #501 ), #6003, .F. ) ;
#5038 = ORIENTED_EDGE ( 'NONE', *, *, #2526, .F. ) ;
#5039 = ORIENTED_EDGE ( 'NONE', *, *, #2433, .F. ) ;
#5040 = CARTESIAN_POINT ( 'NONE',  ( 24.89999999999998792, 0.7999999999999999334, 50.00000000000000000 ) ) ;
#5041 = DIRECTION ( 'NONE',  ( 0.0000000000000000000, 0.0000000000000000000, 1.000000000000000000 ) ) ;
#5042 = CIRCLE ( 'NONE', #1953, 1.000000000000000444 ) ;
#5043 = CARTESIAN_POINT ( 'NONE',  ( 38.50000000000027001, 27.40000000000258495, 50.00000000000000000 ) ) ;
#5044 = EDGE_CURVE ( 'NONE', #2986, #2917, #4505, .T. ) ;
#5045 = CARTESIAN_POINT ( 'NONE',  ( 29.66421356237308871, 31.07842712474618452, 50.00000000000000000 ) ) ;
#5046 = FACE_OUTER_BOUND ( 'NONE', #4024, .T. ) ;
#5047 = CARTESIAN_POINT ( 'NONE',  ( 2.500000000000006661, 30.24999999999955236, 0.0000000000000000000 ) ) ;
#5048 = ORIENTED_EDGE ( 'NONE', *, *, #265, .F. ) ;
#5049 = DIRECTION ( 'NONE',  ( -0.0000000000000000000, -0.0000000000000000000, -1.000000000000000000 ) ) ;
#5050 = EDGE_CURVE ( 'NONE', #5620, #1599, #118, .T. ) ;
#5051 = DIRECTION ( 'NONE',  ( -7.032662740448344632E-16, 1.000000000000000000, -0.0000000000000000000 ) ) ;
#5052 = CARTESIAN_POINT ( 'NONE',  ( 14.89999999999998259, 39.80000000000001847, 50.00000000000000000 ) ) ;
#5053 = EDGE_LOOP ( 'NONE', ( #3457, #3480, #20, #2671 ) ) ;
#5054 = CARTESIAN_POINT ( 'NONE',  ( 31.07842712474669611, 29.66421356237288975, 50.00000000000000000 ) ) ;
#5055 = AXIS2_PLACEMENT_3D ( 'NONE', #3401, #1035, #5371 ) ;
#5056 = ADVANCED_FACE ( 'NONE', ( #1955 ), #623, .F. ) ;
#5057 = CARTESIAN_POINT ( 'NONE',  ( 30.25000000000000000, 32.49264068711929809, 0.0000000000000000000 ) ) ;
#5058 = EDGE_LOOP ( 'NONE', ( #6101, #5350, #174, #3099 ) ) ;
#5059 = FACE_OUTER_BOUND ( 'NONE', #4011, .T. ) ;
#5060 = VECTOR ( 'NONE', #6285, 1000.000000000000000 ) ;
#5061 = ORIENTED_EDGE ( 'NONE', *, *, #1026, .F. ) ;
#5062 = FACE_OUTER_BOUND ( 'NONE', #5053, .T. ) ;
#5063 = DIRECTION ( 'NONE',  ( 1.000000000000000000, 0.0000000000000000000, 0.0000000000000000000 ) ) ;
#5064 = CIRCLE ( 'NONE', #725, 0.1999999999999994282 ) ;
#5065 = ORIENTED_EDGE ( 'NONE', *, *, #5850, .F. ) ;
#5066 = ORIENTED_EDGE ( 'NONE', *, *, #1736, .T. ) ;
#5067 = VERTEX_POINT ( 'NONE', #1474 ) ;
#5068 = DIRECTION ( 'NONE',  ( 1.000000000000000000, -0.0000000000000000000, -0.0000000000000000000 ) ) ;
#5069 = CARTESIAN_POINT ( 'NONE',  ( 26.40000000000043912, 35.80000000000003268, 50.00000000000000000 ) ) ;
#5070 = AXIS2_PLACEMENT_3D ( 'NONE', #6136, #3250, #3700 ) ;
#5071 = ORIENTED_EDGE ( 'NONE', *, *, #1221, .F. ) ;
#5072 = CARTESIAN_POINT ( 'NONE',  ( 14.89999999999998259, 0.7999999999999982681, 50.00000000000000000 ) ) ;
#5073 = DIRECTION ( 'NONE',  ( -0.0000000000000000000, -0.0000000000000000000, -1.000000000000000000 ) ) ;
#5074 = CARTESIAN_POINT ( 'NONE',  ( 24.29999999999998650, 39.00000000000002132, 50.00000000000000000 ) ) ;
#5075 = DIRECTION ( 'NONE',  ( 0.0000000000000000000, 0.0000000000000000000, 1.000000000000000000 ) ) ;
#5076 = DIRECTION ( 'NONE',  ( 0.0000000000000000000, -1.000000000000000000, 0.0000000000000000000 ) ) ;
#5077 = AXIS2_PLACEMENT_3D ( 'NONE', #6144, #603, #1667 ) ;
#5078 = VECTOR ( 'NONE', #6327, 1000.000000000000000 ) ;
#5079 = DIRECTION ( 'NONE',  ( 0.0000000000000000000, 1.000000000000000000, 0.0000000000000000000 ) ) ;
#5080 = CARTESIAN_POINT ( 'NONE',  ( 26.40000000000043912, 35.80000000000003268, 50.00000000000000000 ) ) ;
#5081 = EDGE_CURVE ( 'NONE', #1387, #310, #5458, .T. ) ;
#5082 = AXIS2_PLACEMENT_3D ( 'NONE', #3692, #2662, #4078 ) ;
#5083 = CYLINDRICAL_SURFACE ( 'NONE', #2828, 0.1999999999999994282 ) ;
#5084 = VECTOR ( 'NONE', #4440, 999.9999999999998863 ) ;
#5085 = DIRECTION ( 'NONE',  ( 1.000000000000000000, -1.594351493229579034E-16, 0.0000000000000000000 ) ) ;
#5086 = VERTEX_POINT ( 'NONE', #3545 ) ;
#5087 = EDGE_CURVE ( 'NONE', #4441, #1842, #4479, .T. ) ;
#5088 = DIRECTION ( 'NONE',  ( -1.000000000000000000, 0.0000000000000000000, 0.0000000000000000000 ) ) ;
#5089 = AXIS2_PLACEMENT_3D ( 'NONE', #3113, #4663, #1139 ) ;
#5090 = CARTESIAN_POINT ( 'NONE',  ( 13.59999999999998366, 4.199999999999997513, 50.00000000000000000 ) ) ;
#5091 = EDGE_LOOP ( 'NONE', ( #6137, #6353, #2751, #3218 ) ) ;
#5092 = DIRECTION ( 'NONE',  ( 0.0000000000000000000, 0.0000000000000000000, 1.000000000000000000 ) ) ;
#5093 = EDGE_LOOP ( 'NONE', ( #4942, #3982, #5253, #3860 ) ) ;
#5094 = DIRECTION ( 'NONE',  ( -0.0000000000000000000, -0.0000000000000000000, -1.000000000000000000 ) ) ;
#5095 = DIRECTION ( 'NONE',  ( 1.000000000000000000, 0.0000000000000000000, 0.0000000000000000000 ) ) ;
#5096 = ORIENTED_EDGE ( 'NONE', *, *, #749, .T. ) ;
#5097 = CLOSED_SHELL ( 'NONE', ( #2119, #5514, #6000, #4995, #3140, #3927, #4376, #5530, #929, #3632, #5689, #760, #825, #1177, #4281, #4818, #1767, #43, #2347, #3272, #5491, #6184, #2238, #5876, #6051, #3593, #1039, #4435, #1144, #1418, #4789, #3320, #3021, #46, #6361, #4607, #4111, #1697, #2830, #1007, #4246, #1104, #1692, #2889, #364, #5377, #4316, #786, #1217, #763, #3096, #1303, #5328, #1745, #3780, #1257, #1348, #2563, #2757, #1214, #5854, #249, #1220, #6388, #6325, #3417, #1090, #5330, #4355, #1897, #1640, #3050, #3236, #1572, #304, #3606, #1825, #6394, #526, #2774, #57, #5486, #5187, #1691, #3902, #4616, #2623, #6004, #6230, #482, #4711, #2979, #1959, #2381, #1663, #6369, #5897, #4699, #1286, #2870, #5708, #4417, #254, #3402, #531, #1226, #1150, #475, #2317, #4217, #4661, #2865, #3520, #633, #3668, #3981, #2452, #6100, #4177, #3195, #6306, #4040, #1496, #945, #2717, #471, #273, #4439, #3551, #165, #536, #594, #1481, #3744, #3624, #6150, #263, #5321, #5179, #3118, #4570, #100, #3378, #3000, #5037, #4532, #6014, #4715, #5531, #1088, #4044, #5099, #3282, #4383, #3046, #4947, #2255, #1263, #2550, #1750, #4854, #4495, #5688, #2037, #4845, #3169, #2318, #3809, #1477, #990, #4861, #431, #5661, #620, #1234, #4329, #145, #5418, #5357, #1787, #1238, #4554, #5056, #2141, #5123, #1703, #6331, #878 ) ) ;
#5098 = ORIENTED_EDGE ( 'NONE', *, *, #3893, .T. ) ;
#5099 = ADVANCED_FACE ( 'NONE', ( #2478 ), #2014, .T. ) ;
#5100 = ORIENTED_EDGE ( 'NONE', *, *, #1946, .T. ) ;
#5101 = DIRECTION ( 'NONE',  ( 0.0000000000000000000, -1.000000000000000000, 0.0000000000000000000 ) ) ;
#5102 = VECTOR ( 'NONE', #2579, 1000.000000000000000 ) ;
#5103 = PLANE ( 'NONE',  #5964 ) ;
#5104 = EDGE_CURVE ( 'NONE', #5243, #4317, #1567, .T. ) ;
#5105 = ORIENTED_EDGE ( 'NONE', *, *, #737, .F. ) ;
#5106 = LINE ( 'NONE', #5538, #4507 ) ;
#5107 = CARTESIAN_POINT ( 'NONE',  ( 24.09999999999998366, 1.200000000000001288, 50.00000000000000000 ) ) ;
#5108 = CARTESIAN_POINT ( 'NONE',  ( 26.40000000000043912, 35.80000000000003268, 50.00000000000000000 ) ) ;
#5109 = DIRECTION ( 'NONE',  ( -0.0000000000000000000, -0.0000000000000000000, -1.000000000000000000 ) ) ;
#5110 = DIRECTION ( 'NONE',  ( -1.000000000000000000, 0.0000000000000000000, 0.0000000000000000000 ) ) ;
#5111 = PLANE ( 'NONE',  #12 ) ;
#5112 = CARTESIAN_POINT ( 'NONE',  ( 32.55000000000037375, 8.450000000000006395, 0.0000000000000000000 ) ) ;
#5113 = FACE_BOUND ( 'NONE', #1737, .T. ) ;
#5114 = AXIS2_PLACEMENT_3D ( 'NONE', #1795, #3805, #374 ) ;
#5115 = VECTOR ( 'NONE', #3631, 1000.000000000000000 ) ;
#5117 = AXIS2_PLACEMENT_3D ( 'NONE', #2708, #2215, #1732 ) ;
#5116 = DIRECTION ( 'NONE',  ( -1.000000000000000000, 0.0000000000000000000, 0.0000000000000000000 ) ) ;
#5118 = EDGE_CURVE ( 'NONE', #2909, #4233, #3740, .T. ) ;
#5119 = ORIENTED_EDGE ( 'NONE', *, *, #3827, .T. ) ;
#5120 = VECTOR ( 'NONE', #1883, 1000.000000000000000 ) ;
#5121 = DIRECTION ( 'NONE',  ( -1.000000000000000000, 0.0000000000000000000, 0.0000000000000000000 ) ) ;
#5122 = AXIS2_PLACEMENT_3D ( 'NONE', #5537, #3534, #3080 ) ;
#5123 = ADVANCED_FACE ( 'NONE', ( #4994 ), #5485, .F. ) ;
#5124 = DIRECTION ( 'NONE',  ( -0.0000000000000000000, -0.0000000000000000000, -1.000000000000000000 ) ) ;
#5125 = ORIENTED_EDGE ( 'NONE', *, *, #910, .F. ) ;
#5126 = VECTOR ( 'NONE', #787, 1000.000000000000000 ) ;
#5127 = EDGE_CURVE ( 'NONE', #3671, #1283, #1024, .T. ) ;
#5128 = PLANE ( 'NONE',  #529 ) ;
#5129 = VERTEX_POINT ( 'NONE', #564 ) ;
#5130 = CARTESIAN_POINT ( 'NONE',  ( 13.89999999999998614, 4.500000000000000000, 50.00000000000000000 ) ) ;
#5131 = LINE ( 'NONE', #1157, #6104 ) ;
#5132 = CIRCLE ( 'NONE', #2349, 0.1999999999999987899 ) ;
#5133 = EDGE_CURVE ( 'NONE', #4559, #6281, #4669, .T. ) ;
#5134 = VERTEX_POINT ( 'NONE', #2509 ) ;
#5135 = ORIENTED_EDGE ( 'NONE', *, *, #5880, .F. ) ;
#5136 = VERTEX_POINT ( 'NONE', #2996 ) ;
#5137 = ORIENTED_EDGE ( 'NONE', *, *, #6103, .F. ) ;
#5138 = DIRECTION ( 'NONE',  ( 0.0000000000000000000, 0.0000000000000000000, 1.000000000000000000 ) ) ;
#5139 = DIRECTION ( 'NONE',  ( -1.000000000000000000, 0.0000000000000000000, 0.0000000000000000000 ) ) ;
#5140 = ORIENTED_EDGE ( 'NONE', *, *, #5609, .F. ) ;
#5141 = EDGE_CURVE ( 'NONE', #3386, #5431, #4961, .T. ) ;
#5142 = CARTESIAN_POINT ( 'NONE',  ( 23.75735931288057756, 14.00000000000000178, 50.00000000000000000 ) ) ;
#5143 = CARTESIAN_POINT ( 'NONE',  ( 2.300000000000366640, 7.449999999999794120, 50.00000000000000000 ) ) ;
#5144 = CARTESIAN_POINT ( 'NONE',  ( 23.75735931288070901, 26.00000000000000355, 0.0000000000000000000 ) ) ;
#5145 = ORIENTED_EDGE ( 'NONE', *, *, #2464, .T. ) ;
#5146 = DIRECTION ( 'NONE',  ( 0.0000000000000000000, 1.000000000000000000, 0.0000000000000000000 ) ) ;
#5147 = LINE ( 'NONE', #712, #2628 ) ;
#5148 = CARTESIAN_POINT ( 'NONE',  ( 38.50000000000036948, 12.60000000000293596, 0.0000000000000000000 ) ) ;
#5149 = DIRECTION ( 'NONE',  ( -1.000000000000000000, 0.0000000000000000000, 0.0000000000000000000 ) ) ;
#5150 = FACE_OUTER_BOUND ( 'NONE', #2886, .T. ) ;
#5151 = CARTESIAN_POINT ( 'NONE',  ( 24.39999999999998437, 35.80000000000003979, 0.0000000000000000000 ) ) ;
#5152 = ORIENTED_EDGE ( 'NONE', *, *, #5223, .T. ) ;
#5153 = CARTESIAN_POINT ( 'NONE',  ( 13.90000000000082636, 35.80000000000001847, 0.0000000000000000000 ) ) ;
#5154 = LINE ( 'NONE', #2740, #891 ) ;
#5155 = DIRECTION ( 'NONE',  ( -1.000000000000000000, -0.0000000000000000000, -0.0000000000000000000 ) ) ;
#5156 = ORIENTED_EDGE ( 'NONE', *, *, #1080, .F. ) ;
#5157 = CARTESIAN_POINT ( 'NONE',  ( 15.89999999999998437, 38.80000000000001847, 50.00000000000000000 ) ) ;
#5158 = CIRCLE ( 'NONE', #2165, 0.2000000000000005107 ) ;
#5159 = CARTESIAN_POINT ( 'NONE',  ( 32.49264068711970310, 30.24999999999960210, 50.00000000000000000 ) ) ;
#5160 = EDGE_CURVE ( 'NONE', #3969, #978, #1179, .T. ) ;
#5161 = ORIENTED_EDGE ( 'NONE', *, *, #326, .F. ) ;
#5162 = VERTEX_POINT ( 'NONE', #238 ) ;
#5163 = VECTOR ( 'NONE', #4264, 1000.000000000000000 ) ;
#5164 = ORIENTED_EDGE ( 'NONE', *, *, #4549, .T. ) ;
#5165 = VECTOR ( 'NONE', #2863, 1000.000000000000000 ) ;
#5166 = ORIENTED_EDGE ( 'NONE', *, *, #3789, .T. ) ;
#5167 = EDGE_CURVE ( 'NONE', #5561, #4664, #3216, .T. ) ;
#5168 = DIRECTION ( 'NONE',  ( -0.0000000000000000000, -0.0000000000000000000, -1.000000000000000000 ) ) ;
#5169 = DIRECTION ( 'NONE',  ( 6.802837160693372485E-16, 1.000000000000000000, 0.0000000000000000000 ) ) ;
#5170 = AXIS2_PLACEMENT_3D ( 'NONE', #1322, #4186, #3290 ) ;
#5171 = ORIENTED_EDGE ( 'NONE', *, *, #138, .T. ) ;
#5172 = DIRECTION ( 'NONE',  ( 0.0000000000000000000, 0.0000000000000000000, 1.000000000000000000 ) ) ;
#5173 = CARTESIAN_POINT ( 'NONE',  ( 1.199999999999999956, 24.10000000000001563, 50.00000000000000000 ) ) ;
#5174 = CARTESIAN_POINT ( 'NONE',  ( 7.450000000000314593, 7.449999999999794120, 50.00000000000000000 ) ) ;
#5175 = VERTEX_POINT ( 'NONE', #5182 ) ;
#5176 = DIRECTION ( 'NONE',  ( 1.000000000000000000, 0.0000000000000000000, 0.0000000000000000000 ) ) ;
#5177 = FACE_OUTER_BOUND ( 'NONE', #2436, .T. ) ;
#5178 = LINE ( 'NONE', #3697, #6107 ) ;
#5179 = ADVANCED_FACE ( 'NONE', ( #1245 ), #655, .F. ) ;
#5180 = DIRECTION ( 'NONE',  ( -1.000000000000000000, 0.0000000000000000000, 0.0000000000000000000 ) ) ;
#5181 = LINE ( 'NONE', #3699, #6344 ) ;
#5182 = CARTESIAN_POINT ( 'NONE',  ( 37.50000000000026290, 26.40000000000248548, 50.00000000000000000 ) ) ;
#5183 = AXIS2_PLACEMENT_3D ( 'NONE', #5717, #4284, #1347 ) ;
#5184 = VECTOR ( 'NONE', #2700, 1000.000000000000000 ) ;
#5185 = ORIENTED_EDGE ( 'NONE', *, *, #2556, .T. ) ;
#5186 = VECTOR ( 'NONE', #3396, 999.9999999999998863 ) ;
#5187 = ADVANCED_FACE ( 'NONE', ( #1281 ), #1753, .F. ) ;
#5188 = LINE ( 'NONE', #2274, #741 ) ;
#5189 = AXIS2_PLACEMENT_3D ( 'NONE', #5143, #6092, #6157 ) ;
#5190 = EDGE_CURVE ( 'NONE', #3715, #1075, #5678, .T. ) ;
#5191 = DIRECTION ( 'NONE',  ( -0.0000000000000000000, -0.0000000000000000000, -1.000000000000000000 ) ) ;
#5192 = VECTOR ( 'NONE', #2052, 1000.000000000000000 ) ;
#5193 = CARTESIAN_POINT ( 'NONE',  ( 31.55000000000005755, 37.70000000000000284, 50.00000000000000000 ) ) ;
#5194 = VECTOR ( 'NONE', #5973, 1000.000000000000000 ) ;
#5195 = ORIENTED_EDGE ( 'NONE', *, *, #3499, .F. ) ;
#5196 = CARTESIAN_POINT ( 'NONE',  ( 1.500000000000000888, 10.75000000000000888, 0.0000000000000000000 ) ) ;
#5197 = DIRECTION ( 'NONE',  ( 0.0000000000000000000, -0.0000000000000000000, 1.000000000000000000 ) ) ;
#5198 = MECHANICAL_DESIGN_GEOMETRIC_PRESENTATION_REPRESENTATION (  '', ( #4377 ), #1174 ) ;
#5199 = VERTEX_POINT ( 'NONE', #4181 ) ;
#5200 = VERTEX_POINT ( 'NONE', #201 ) ;
#5201 = ORIENTED_EDGE ( 'NONE', *, *, #5725, .T. ) ;
#5202 = EDGE_CURVE ( 'NONE', #1533, #733, #2670, .T. ) ;
#5203 = ORIENTED_EDGE ( 'NONE', *, *, #4128, .T. ) ;
#5204 = DIRECTION ( 'NONE',  ( -1.000000000000000000, 0.0000000000000000000, 0.0000000000000000000 ) ) ;
#5205 = DIRECTION ( 'NONE',  ( -0.0000000000000000000, -0.0000000000000000000, -1.000000000000000000 ) ) ;
#5206 = CARTESIAN_POINT ( 'NONE',  ( 15.59999999999998188, 4.500000000000000000, 0.0000000000000000000 ) ) ;
#5207 = ORIENTED_EDGE ( 'NONE', *, *, #5793, .T. ) ;
#5208 = CYLINDRICAL_SURFACE ( 'NONE', #1520, 1.000000000000000888 ) ;
#5209 = EDGE_CURVE ( 'NONE', #3001, #2355, #3332, .T. ) ;
#5210 = DIRECTION ( 'NONE',  ( 2.308434370423353371E-16, 1.000000000000000000, 0.0000000000000000000 ) ) ;
#5211 = EDGE_CURVE ( 'NONE', #5214, #5953, #2634, .T. ) ;
#5212 = ORIENTED_EDGE ( 'NONE', *, *, #5880, .T. ) ;
#5213 = CARTESIAN_POINT ( 'NONE',  ( 38.70000000000031548, 4.500000000000101252, 0.0000000000000000000 ) ) ;
#5214 = VERTEX_POINT ( 'NONE', #6099 ) ;
#5215 = CARTESIAN_POINT ( 'NONE',  ( 4.500000000000051514, 35.49999999999979394, 50.00000000000000000 ) ) ;
#5216 = DIRECTION ( 'NONE',  ( -0.0000000000000000000, -0.0000000000000000000, -1.000000000000000000 ) ) ;
#5217 = FACE_OUTER_BOUND ( 'NONE', #2558, .T. ) ;
#5218 = CARTESIAN_POINT ( 'NONE',  ( 26.00000000000038369, 16.24264068711893572, 50.00000000000000000 ) ) ;
#5219 = LINE ( 'NONE', #1315, #5499 ) ;
#5220 = ORIENTED_EDGE ( 'NONE', *, *, #5482, .T. ) ;
#5221 = DIRECTION ( 'NONE',  ( -1.000000000000000000, 0.0000000000000000000, 0.0000000000000000000 ) ) ;
#5222 = FACE_OUTER_BOUND ( 'NONE', #3681, .T. ) ;
#5223 = EDGE_CURVE ( 'NONE', #2674, #4576, #4462, .T. ) ;
#5224 = DIRECTION ( 'NONE',  ( 0.0000000000000000000, 0.0000000000000000000, 1.000000000000000000 ) ) ;
#5225 = CIRCLE ( 'NONE', #1921, 0.1999999999999987899 ) ;
#5226 = VECTOR ( 'NONE', #2632, 999.9999999999998863 ) ;
#5228 = VERTEX_POINT ( 'NONE', #4701 ) ;
#5227 = EDGE_CURVE ( 'NONE', #4037, #3909, #5598, .T. ) ;
#5229 = DIRECTION ( 'NONE',  ( -1.000000000000000000, 0.0000000000000000000, 0.0000000000000000000 ) ) ;
#5230 = DIRECTION ( 'NONE',  ( -0.0000000000000000000, -1.000000000000000000, -0.0000000000000000000 ) ) ;
#5231 = AXIS2_PLACEMENT_3D ( 'NONE', #3654, #1164, #5139 ) ;
#5232 = ORIENTED_EDGE ( 'NONE', *, *, #2008, .F. ) ;
#5233 = ORIENTED_EDGE ( 'NONE', *, *, #1398, .F. ) ;
#5234 = ORIENTED_EDGE ( 'NONE', *, *, #6270, .F. ) ;
#5235 = VECTOR ( 'NONE', #4076, 1000.000000000000000 ) ;
#5236 = EDGE_LOOP ( 'NONE', ( #5663, #6019, #4647, #5989 ) ) ;
#5237 = DIRECTION ( 'NONE',  ( 0.7071067811865539010, -0.7071067811865411334, 0.0000000000000000000 ) ) ;
#5238 = CARTESIAN_POINT ( 'NONE',  ( 8.921572875253820811, 29.66421356237268014, 50.00000000000000000 ) ) ;
#5239 = CARTESIAN_POINT ( 'NONE',  ( 15.09999999999998366, 0.7999999999999997113, 50.00000000000000000 ) ) ;
#5240 = ORIENTED_EDGE ( 'NONE', *, *, #3156, .T. ) ;
#5241 = CARTESIAN_POINT ( 'NONE',  ( 28.25000000000000000, 7.507359312880506508, 50.00000000000000000 ) ) ;
#5242 = DIRECTION ( 'NONE',  ( -1.000000000000000000, 0.0000000000000000000, 0.0000000000000000000 ) ) ;
#5243 = VERTEX_POINT ( 'NONE', #269 ) ;
#5244 = DIRECTION ( 'NONE',  ( 0.0000000000000000000, 0.0000000000000000000, 1.000000000000000000 ) ) ;
#5245 = CARTESIAN_POINT ( 'NONE',  ( 1.300000000000051115, 35.49999999999977263, 0.0000000000000000000 ) ) ;
#5246 = DIRECTION ( 'NONE',  ( -0.7071067811865475727, -0.7071067811865475727, 0.0000000000000000000 ) ) ;
#5247 = CARTESIAN_POINT ( 'NONE',  ( 8.353015431920196533E-16, 4.500000000000032863, 50.00000000000000000 ) ) ;
#5248 = EDGE_CURVE ( 'NONE', #4547, #5362, #5501, .T. ) ;
#5249 = LINE ( 'NONE', #5280, #5027 ) ;
#5250 = ORIENTED_EDGE ( 'NONE', *, *, #4238, .F. ) ;
#5251 = DIRECTION ( 'NONE',  ( -1.000000000000000000, 0.0000000000000000000, 0.0000000000000000000 ) ) ;
#5252 = DIRECTION ( 'NONE',  ( 0.0000000000000000000, -1.000000000000000000, 0.0000000000000000000 ) ) ;
#5253 = ORIENTED_EDGE ( 'NONE', *, *, #225, .F. ) ;
#5254 = DIRECTION ( 'NONE',  ( -1.000000000000000000, 0.0000000000000000000, 0.0000000000000000000 ) ) ;
#5255 = EDGE_CURVE ( 'NONE', #1920, #4283, #2080, .T. ) ;
#5256 = AXIS2_PLACEMENT_3D ( 'NONE', #2210, #2739, #762 ) ;
#5257 = CYLINDRICAL_SURFACE ( 'NONE', #5959, 3.400000000000000355 ) ;
#5258 = DIRECTION ( 'NONE',  ( -0.0000000000000000000, -0.0000000000000000000, -1.000000000000000000 ) ) ;
#5259 = LINE ( 'NONE', #3223, #373 ) ;
#5260 = DIRECTION ( 'NONE',  ( -0.0000000000000000000, -0.0000000000000000000, -1.000000000000000000 ) ) ;
#5261 = EDGE_CURVE ( 'NONE', #6281, #3519, #4114, .T. ) ;
#5262 = ORIENTED_EDGE ( 'NONE', *, *, #2414, .T. ) ;
#5263 = ORIENTED_EDGE ( 'NONE', *, *, #1929, .T. ) ;
#5264 = ORIENTED_EDGE ( 'NONE', *, *, #723, .F. ) ;
#5265 = ORIENTED_EDGE ( 'NONE', *, *, #6071, .T. ) ;
#5266 = CARTESIAN_POINT ( 'NONE',  ( 1.199999999999999956, 15.90000000000001812, 50.00000000000000000 ) ) ;
#5267 = LINE ( 'NONE', #4819, #5163 ) ;
#5268 = FACE_OUTER_BOUND ( 'NONE', #1384, .T. ) ;
#5269 = AXIS2_PLACEMENT_3D ( 'NONE', #5404, #3466, #1907 ) ;
#5270 = ORIENTED_EDGE ( 'NONE', *, *, #1982, .F. ) ;
#5271 = FACE_OUTER_BOUND ( 'NONE', #1037, .T. ) ;
#5272 = CARTESIAN_POINT ( 'NONE',  ( 26.58578643762728788, 14.82842712474584346, 50.00000000000000000 ) ) ;
#5273 = VECTOR ( 'NONE', #2497, 1000.000000000000000 ) ;
#5274 = ORIENTED_EDGE ( 'NONE', *, *, #3998, .T. ) ;
#5275 = DIRECTION ( 'NONE',  ( 1.000000000000000000, 0.0000000000000000000, 0.0000000000000000000 ) ) ;
#5276 = DIRECTION ( 'NONE',  ( -0.0000000000000000000, -0.0000000000000000000, -1.000000000000000000 ) ) ;
#5277 = CARTESIAN_POINT ( 'NONE',  ( 0.9999999999999991118, 15.70000000000001528, 50.00000000000000000 ) ) ;
#5278 = CARTESIAN_POINT ( 'NONE',  ( 28.00000000000038369, 23.75735931288024005, 50.00000000000000000 ) ) ;
#5279 = AXIS2_PLACEMENT_3D ( 'NONE', #2147, #178, #305 ) ;
#5280 = CARTESIAN_POINT ( 'NONE',  ( 26.00000000000038369, 23.75735931288024005, 50.00000000000000000 ) ) ;
#5281 = ORIENTED_EDGE ( 'NONE', *, *, #1427, .T. ) ;
#5282 = LINE ( 'NONE', #5384, #6228 ) ;
#5283 = CYLINDRICAL_SURFACE ( 'NONE', #1379, 0.3000000000000016542 ) ;
#5284 = AXIS2_PLACEMENT_3D ( 'NONE', #535, #4964, #5887 ) ;
#5285 = VERTEX_POINT ( 'NONE', #4634 ) ;
#5286 = CARTESIAN_POINT ( 'NONE',  ( 32.55000000000037375, 8.450000000000006395, 0.0000000000000000000 ) ) ;
#5287 = VECTOR ( 'NONE', #2106, 1000.000000000000000 ) ;
#5288 = DIRECTION ( 'NONE',  ( 1.000000000000000000, 0.0000000000000000000, 0.0000000000000000000 ) ) ;
#5289 = EDGE_CURVE ( 'NONE', #6337, #6182, #1627, .T. ) ;
#5290 = DIRECTION ( 'NONE',  ( 0.0000000000000000000, 1.000000000000000000, 0.0000000000000000000 ) ) ;
#5291 = VERTEX_POINT ( 'NONE', #1724 ) ;
#5292 = DIRECTION ( 'NONE',  ( -0.0000000000000000000, -0.0000000000000000000, -1.000000000000000000 ) ) ;
#5293 = CIRCLE ( 'NONE', #2404, 0.2000000000000005107 ) ;
#5294 = VECTOR ( 'NONE', #844, 1000.000000000000000 ) ;
#5295 = LINE ( 'NONE', #867, #54 ) ;
#5296 = VECTOR ( 'NONE', #468, 1000.000000000000000 ) ;
#5297 = ORIENTED_EDGE ( 'NONE', *, *, #3773, .T. ) ;
#5298 = ORIENTED_EDGE ( 'NONE', *, *, #1624, .T. ) ;
#5299 = VECTOR ( 'NONE', #4599, 1000.000000000000000 ) ;
#5300 = DIRECTION ( 'NONE',  ( 1.000000000000000000, 0.0000000000000000000, 0.0000000000000000000 ) ) ;
#5301 = ORIENTED_EDGE ( 'NONE', *, *, #3296, .T. ) ;
#5302 = AXIS2_PLACEMENT_3D ( 'NONE', #6224, #1240, #3794 ) ;
#5303 = ORIENTED_EDGE ( 'NONE', *, *, #668, .F. ) ;
#5304 = DIRECTION ( 'NONE',  ( -1.000000000000000000, 0.0000000000000000000, 0.0000000000000000000 ) ) ;
#5305 = CARTESIAN_POINT ( 'NONE',  ( 13.41421356237310114, 14.82842712474610103, 50.00000000000000000 ) ) ;
#5306 = EDGE_CURVE ( 'NONE', #2777, #967, #5578, .T. ) ;
#5307 = DIRECTION ( 'NONE',  ( 1.000000000000000000, 0.0000000000000000000, 0.0000000000000000000 ) ) ;
#5308 = ORIENTED_EDGE ( 'NONE', *, *, #5343, .T. ) ;
#5309 = DIRECTION ( 'NONE',  ( -1.000000000000000000, 0.0000000000000000000, 0.0000000000000000000 ) ) ;
#5310 = CARTESIAN_POINT ( 'NONE',  ( 4.500000000000389022, 1.299999999999867262, 0.0000000000000000000 ) ) ;
#5311 = EDGE_CURVE ( 'NONE', #5454, #3779, #6198, .T. ) ;
#5312 = ORIENTED_EDGE ( 'NONE', *, *, #1587, .T. ) ;
#5313 = CARTESIAN_POINT ( 'NONE',  ( 28.00000000000038369, 23.75735931288024005, 50.00000000000000000 ) ) ;
#5314 = CARTESIAN_POINT ( 'NONE',  ( 12.00000000000000000, 23.75735931288056335, 50.00000000000000000 ) ) ;
#5315 = EDGE_CURVE ( 'NONE', #3618, #4071, #2927, .T. ) ;
#5316 = AXIS2_PLACEMENT_3D ( 'NONE', #3628, #1172, #5110 ) ;
#5317 = CARTESIAN_POINT ( 'NONE',  ( 24.09999999999998366, 1.200000000000001288, 0.0000000000000000000 ) ) ;
#5318 = CARTESIAN_POINT ( 'NONE',  ( 37.50000000000026290, 26.40000000000248548, 0.0000000000000000000 ) ) ;
#5319 = DIRECTION ( 'NONE',  ( -0.0000000000000000000, -0.0000000000000000000, -1.000000000000000000 ) ) ;
#5320 = CARTESIAN_POINT ( 'NONE',  ( 38.69999999999999574, 32.55000000000008242, 0.0000000000000000000 ) ) ;
#5321 = ADVANCED_FACE ( 'NONE', ( #3897 ), #5878, .F. ) ;
#5322 = ORIENTED_EDGE ( 'NONE', *, *, #5611, .F. ) ;
#5323 = EDGE_CURVE ( 'NONE', #6343, #3450, #5780, .T. ) ;
#5324 = LINE ( 'NONE', #5849, #2506 ) ;
#5325 = LINE ( 'NONE', #6370, #2701 ) ;
#5326 = ORIENTED_EDGE ( 'NONE', *, *, #1726, .F. ) ;
#5327 = FACE_OUTER_BOUND ( 'NONE', #3362, .T. ) ;
#5328 = ADVANCED_FACE ( 'NONE', ( #1917 ), #4279, .F. ) ;
#5329 = EDGE_CURVE ( 'NONE', #479, #906, #822, .T. ) ;
#5330 = ADVANCED_FACE ( 'NONE', ( #3352 ), #5747, .F. ) ;
#5331 = ORIENTED_EDGE ( 'NONE', *, *, #1398, .T. ) ;
#5332 = AXIS2_PLACEMENT_3D ( 'NONE', #5650, #3190, #2145 ) ;
#5333 = ORIENTED_EDGE ( 'NONE', *, *, #5969, .F. ) ;
#5334 = VECTOR ( 'NONE', #769, 1000.000000000000000 ) ;
#5335 = DIRECTION ( 'NONE',  ( -0.0000000000000000000, -0.0000000000000000000, -1.000000000000000000 ) ) ;
#5336 = VERTEX_POINT ( 'NONE', #887 ) ;
#5337 = EDGE_LOOP ( 'NONE', ( #4152, #4225, #4098, #1835 ) ) ;
#5338 = CARTESIAN_POINT ( 'NONE',  ( 2.500000000000006661, 30.24999999999955236, 50.00000000000000000 ) ) ;
#5339 = CARTESIAN_POINT ( 'NONE',  ( 40.00000000000000711, 25.30000000000002203, 50.00000000000000000 ) ) ;
#5340 = CIRCLE ( 'NONE', #3678, 1.999999999999998224 ) ;
#5341 = CIRCLE ( 'NONE', #5122, 0.3000000000000007661 ) ;
#5342 = DIRECTION ( 'NONE',  ( -1.000000000000000000, 0.0000000000000000000, 0.0000000000000000000 ) ) ;
#5343 = EDGE_CURVE ( 'NONE', #3276, #5199, #5282, .T. ) ;
#5344 = VECTOR ( 'NONE', #5528, 1000.000000000000000 ) ;
#5345 = ORIENTED_EDGE ( 'NONE', *, *, #2075, .F. ) ;
#5346 = DIRECTION ( 'NONE',  ( 0.0000000000000000000, 0.0000000000000000000, 1.000000000000000000 ) ) ;
#5347 = PLANE ( 'NONE',  #1480 ) ;
#5348 = VECTOR ( 'NONE', #1403, 1000.000000000000000 ) ;
#5349 = UNCERTAINTY_MEASURE_WITH_UNIT (LENGTH_MEASURE( 1.000000000000000082E-05 ), #1463, 'distance_accuracy_value', 'NONE');
#5350 = ORIENTED_EDGE ( 'NONE', *, *, #1509, .F. ) ;
#5351 = DIRECTION ( 'NONE',  ( -0.0000000000000000000, -0.0000000000000000000, -1.000000000000000000 ) ) ;
#5352 = CARTESIAN_POINT ( 'NONE',  ( 32.49264068711971021, 9.749999999999609201, 50.00000000000000000 ) ) ;
#5353 = EDGE_CURVE ( 'NONE', #1131, #5723, #2868, .T. ) ;
#5354 = CARTESIAN_POINT ( 'NONE',  ( 29.66421356237308871, 31.07842712474618452, 0.0000000000000000000 ) ) ;
#5355 = DIRECTION ( 'NONE',  ( -1.000000000000000000, 8.163404592829867359E-15, 0.0000000000000000000 ) ) ;
#5356 = DIRECTION ( 'NONE',  ( 0.0000000000000000000, -0.0000000000000000000, -1.000000000000000000 ) ) ;
#5357 = ADVANCED_FACE ( 'NONE', ( #367 ), #2770, .F. ) ;
#5358 = DIRECTION ( 'NONE',  ( -1.000000000000000000, 0.0000000000000000000, 0.0000000000000000000 ) ) ;
#5359 = ORIENTED_EDGE ( 'NONE', *, *, #599, .T. ) ;
#5360 = DIRECTION ( 'NONE',  ( -1.000000000000000000, 0.0000000000000000000, 0.0000000000000000000 ) ) ;
#5361 = PLANE ( 'NONE',  #731 ) ;
#5362 = VERTEX_POINT ( 'NONE', #1790 ) ;
#5363 = CARTESIAN_POINT ( 'NONE',  ( 39.00000000000000711, 24.90000000000001634, 0.0000000000000000000 ) ) ;
#5364 = PRODUCT_DEFINITION_SHAPE ( 'NONE', 'NONE',  #5628 ) ;
#5365 = ORIENTED_EDGE ( 'NONE', *, *, #3827, .F. ) ;
#5366 = ORIENTED_EDGE ( 'NONE', *, *, #2526, .T. ) ;
#5367 = DIRECTION ( 'NONE',  ( -0.0000000000000000000, -0.0000000000000000000, -1.000000000000000000 ) ) ;
#5368 = ORIENTED_EDGE ( 'NONE', *, *, #3504, .F. ) ;
#5369 = ORIENTED_EDGE ( 'NONE', *, *, #6220, .F. ) ;
#5370 = DIRECTION ( 'NONE',  ( 1.000000000000000000, 0.0000000000000000000, 0.0000000000000000000 ) ) ;
#5371 = DIRECTION ( 'NONE',  ( -1.000000000000000000, 0.0000000000000000000, 0.0000000000000000000 ) ) ;
#5372 = DIRECTION ( 'NONE',  ( 0.0000000000000000000, 0.0000000000000000000, 1.000000000000000000 ) ) ;
#5373 = ORIENTED_EDGE ( 'NONE', *, *, #321, .F. ) ;
#5374 = LINE ( 'NONE', #5554, #1407 ) ;
#5375 = CARTESIAN_POINT ( 'NONE',  ( 28.00000000000038369, 16.24264068711893572, 50.00000000000000000 ) ) ;
#5376 = ORIENTED_EDGE ( 'NONE', *, *, #4153, .T. ) ;
#5377 = ADVANCED_FACE ( 'NONE', ( #3285 ), #2342, .T. ) ;
#5378 = VERTEX_POINT ( 'NONE', #6263 ) ;
#5379 = FILL_AREA_STYLE_COLOUR ( '', #4574 ) ;
#5380 = CARTESIAN_POINT ( 'NONE',  ( 0.2000000000000015654, 14.90000000000001812, 50.00000000000000000 ) ) ;
#5381 = AXIS2_PLACEMENT_3D ( 'NONE', #3007, #2915, #2952 ) ;
#5382 = DIRECTION ( 'NONE',  ( -0.0000000000000000000, -1.000000000000000000, -0.0000000000000000000 ) ) ;
#5383 = LINE ( 'NONE', #951, #6389 ) ;
#5384 = CARTESIAN_POINT ( 'NONE',  ( 25.09999999999998721, 0.2000000000000014266, 50.00000000000000000 ) ) ;
#5385 = DIRECTION ( 'NONE',  ( -0.0000000000000000000, -0.0000000000000000000, -1.000000000000000000 ) ) ;
#5386 = AXIS2_PLACEMENT_3D ( 'NONE', #188, #5566, #2684 ) ;
#5387 = CARTESIAN_POINT ( 'NONE',  ( 38.80000000000001137, 15.69999999999928342, 50.00000000000000000 ) ) ;
#5388 = EDGE_LOOP ( 'NONE', ( #2304, #5333, #915, #5265 ) ) ;
#5389 = VECTOR ( 'NONE', #3, 1000.000000000000000 ) ;
#5390 = DIRECTION ( 'NONE',  ( -0.0000000000000000000, -0.0000000000000000000, -1.000000000000000000 ) ) ;
#5391 = DIRECTION ( 'NONE',  ( -1.000000000000000000, 0.0000000000000000000, 0.0000000000000000000 ) ) ;
#5392 = EDGE_CURVE ( 'NONE', #4441, #635, #6023, .T. ) ;
#5393 = ORIENTED_EDGE ( 'NONE', *, *, #4632, .T. ) ;
#5394 = FACE_OUTER_BOUND ( 'NONE', #4161, .T. ) ;
#5395 = EDGE_CURVE ( 'NONE', #133, #616, #5846, .T. ) ;
#5396 = AXIS2_PLACEMENT_3D ( 'NONE', #1146, #5319, #5251 ) ;
#5397 = ORIENTED_EDGE ( 'NONE', *, *, #3473, .F. ) ;
#5398 = VERTEX_POINT ( 'NONE', #2836 ) ;
#5399 = CARTESIAN_POINT ( 'NONE',  ( 4.500000000000073719, 38.69999999999979678, 50.00000000000000000 ) ) ;
#5400 = VECTOR ( 'NONE', #3573, 1000.000000000000000 ) ;
#5402 = ORIENTED_EDGE ( 'NONE', *, *, #4343, .F. ) ;
#5401 = CARTESIAN_POINT ( 'NONE',  ( 25.29999999999999005, 0.0000000000000000000, 50.00000000000000000 ) ) ;
#5403 = CYLINDRICAL_SURFACE ( 'NONE', #4252, 0.1999999999999987899 ) ;
#5404 = CARTESIAN_POINT ( 'NONE',  ( 4.200000000000001066, 15.60000000000001918, 50.00000000000000000 ) ) ;
#5405 = AXIS2_PLACEMENT_3D ( 'NONE', #2992, #1557, #2933 ) ;
#5406 = AXIS2_PLACEMENT_3D ( 'NONE', #588, #1589, #4527 ) ;
#5407 = ORIENTED_EDGE ( 'NONE', *, *, #6250, .F. ) ;
#5408 = LINE ( 'NONE', #4401, #5643 ) ;
#5409 = EDGE_CURVE ( 'NONE', #1103, #1706, #3340, .T. ) ;
#5410 = STYLED_ITEM ( 'NONE', ( #6142 ), #1756 ) ;
#5411 = ORIENTED_EDGE ( 'NONE', *, *, #553, .F. ) ;
#5412 = ORIENTED_EDGE ( 'NONE', *, *, #2375, .F. ) ;
#5413 = APPLICATION_PROTOCOL_DEFINITION ( 'draft international standard', 'automotive_design', 1998, #1984 ) ;
#5414 = CIRCLE ( 'NONE', #3452, 0.1999999999999994005 ) ;
#5415 = CARTESIAN_POINT ( 'NONE',  ( 38.50000000000036948, 10.74999999999961986, 50.00000000000000000 ) ) ;
#5416 = DIRECTION ( 'NONE',  ( 0.0000000000000000000, 0.0000000000000000000, 1.000000000000000000 ) ) ;
#5417 = AXIS2_PLACEMENT_3D ( 'NONE', #323, #2731, #6293 ) ;
#5418 = ADVANCED_FACE ( 'NONE', ( #1852 ), #3829, .T. ) ;
#5419 = LINE ( 'NONE', #1497, #5871 ) ;
#5420 = DIRECTION ( 'NONE',  ( -0.0000000000000000000, 1.000000000000000000, -0.0000000000000000000 ) ) ;
#5421 = PLANE ( 'NONE',  #2296 ) ;
#5422 = CARTESIAN_POINT ( 'NONE',  ( 24.89999999999998437, 39.00000000000002132, 50.00000000000000000 ) ) ;
#5423 = ORIENTED_EDGE ( 'NONE', *, *, #5913, .F. ) ;
#5424 = DIRECTION ( 'NONE',  ( -1.224510688925414825E-14, 1.000000000000000000, 0.0000000000000000000 ) ) ;
#5425 = AXIS2_PLACEMENT_3D ( 'NONE', #1298, #3716, #1739 ) ;
#5426 = DIRECTION ( 'NONE',  ( 0.0000000000000000000, 0.0000000000000000000, 1.000000000000000000 ) ) ;
#5427 = CARTESIAN_POINT ( 'NONE',  ( 0.2000000000000015654, 14.90000000000001812, 50.00000000000000000 ) ) ;
#5428 = ORIENTED_EDGE ( 'NONE', *, *, #6071, .F. ) ;
#5429 = CARTESIAN_POINT ( 'NONE',  ( 24.39999999999998437, 4.500000000000000000, 0.0000000000000000000 ) ) ;
#5430 = EDGE_CURVE ( 'NONE', #1599, #1258, #1374, .T. ) ;
#5431 = VERTEX_POINT ( 'NONE', #1884 ) ;
#5432 = ORIENTED_EDGE ( 'NONE', *, *, #2056, .T. ) ;
#5433 = DIRECTION ( 'NONE',  ( -0.0000000000000000000, -0.0000000000000000000, -1.000000000000000000 ) ) ;
#5434 = EDGE_CURVE ( 'NONE', #4071, #3075, #919, .T. ) ;
#5436 = VERTEX_POINT ( 'NONE', #524 ) ;
#5435 = DIRECTION ( 'NONE',  ( 0.0000000000000000000, 0.0000000000000000000, 1.000000000000000000 ) ) ;
#5437 = DIRECTION ( 'NONE',  ( 1.000000000000000000, -1.360567432138673314E-15, 0.0000000000000000000 ) ) ;
#5438 = DIRECTION ( 'NONE',  ( -1.000000000000000000, 0.0000000000000000000, 0.0000000000000000000 ) ) ;
#5439 = AXIS2_PLACEMENT_3D ( 'NONE', #3154, #5124, #693 ) ;
#5440 = AXIS2_PLACEMENT_3D ( 'NONE', #3088, #5049, #618 ) ;
#5441 = VECTOR ( 'NONE', #2314, 1000.000000000000000 ) ;
#5442 = ORIENTED_EDGE ( 'NONE', *, *, #6209, .F. ) ;
#5443 = VERTEX_POINT ( 'NONE', #3989 ) ;
#5444 = VECTOR ( 'NONE', #4165, 1000.000000000000000 ) ;
#5445 = ORIENTED_EDGE ( 'NONE', *, *, #1175, .F. ) ;
#5446 = AXIS2_PLACEMENT_3D ( 'NONE', #464, #2796, #2864 ) ;
#5447 = CARTESIAN_POINT ( 'NONE',  ( 4.500000000000001776, 13.90000000000001990, 50.00000000000000000 ) ) ;
#5448 = DIRECTION ( 'NONE',  ( -1.000000000000000000, 0.0000000000000000000, 0.0000000000000000000 ) ) ;
#5449 = FACE_OUTER_BOUND ( 'NONE', #2950, .T. ) ;
#5450 = AXIS2_PLACEMENT_3D ( 'NONE', #495, #4494, #1466 ) ;
#5451 = DIRECTION ( 'NONE',  ( -0.0000000000000000000, -0.0000000000000000000, -1.000000000000000000 ) ) ;
#5452 = DIRECTION ( 'NONE',  ( -1.000000000000000000, 0.0000000000000000000, 0.0000000000000000000 ) ) ;
#5453 = CARTESIAN_POINT ( 'NONE',  ( 26.00000000000038369, 16.24264068711893572, 50.00000000000000000 ) ) ;
#5454 = VERTEX_POINT ( 'NONE', #5511 ) ;
#5455 = AXIS2_PLACEMENT_3D ( 'NONE', #2262, #4205, #3371 ) ;
#5456 = EDGE_CURVE ( 'NONE', #2584, #1859, #2039, .T. ) ;
#5457 = CARTESIAN_POINT ( 'NONE',  ( 4.500000000000000888, 4.500000000000000000, 0.0000000000000000000 ) ) ;
#5458 = LINE ( 'NONE', #2074, #3226 ) ;
#5459 = EDGE_LOOP ( 'NONE', ( #6379, #4619, #1731, #4879 ) ) ;
#5460 = EDGE_CURVE ( 'NONE', #3618, #6374, #8, .T. ) ;
#5461 = DIRECTION ( 'NONE',  ( -1.000000000000000000, 0.0000000000000000000, 0.0000000000000000000 ) ) ;
#5462 = ORIENTED_EDGE ( 'NONE', *, *, #2353, .T. ) ;
#5463 = ORIENTED_EDGE ( 'NONE', *, *, #4096, .F. ) ;
#5464 = SURFACE_SIDE_STYLE ('',( #5954 ) ) ;
#5465 = EDGE_CURVE ( 'NONE', #1641, #4023, #1018, .T. ) ;
#5467 = ORIENTED_EDGE ( 'NONE', *, *, #3253, .F. ) ;
#5466 = CARTESIAN_POINT ( 'NONE',  ( 14.00000000000000178, 23.75735931288055625, 50.00000000000000000 ) ) ;
#5468 = CARTESIAN_POINT ( 'NONE',  ( 38.70000000000031548, 7.449999999999999289, 50.00000000000000000 ) ) ;
#5469 = DIRECTION ( 'NONE',  ( -1.000000000000000000, 0.0000000000000000000, 0.0000000000000000000 ) ) ;
#5470 = VERTEX_POINT ( 'NONE', #2067 ) ;
#5471 = VERTEX_POINT ( 'NONE', #4898 ) ;
#5472 = EDGE_LOOP ( 'NONE', ( #3254, #4745, #1930, #1160 ) ) ;
#5473 = PRODUCT_CONTEXT ( 'NONE', #1984, 'mechanical' ) ;
#5474 = DIRECTION ( 'NONE',  ( 0.0000000000000000000, 0.0000000000000000000, 1.000000000000000000 ) ) ;
#5475 = CARTESIAN_POINT ( 'NONE',  ( 9.749999999999998224, 7.507359312880706348, 50.00000000000000000 ) ) ;
#5476 = PLANE ( 'NONE',  #3387 ) ;
#5477 = DIRECTION ( 'NONE',  ( -0.0000000000000000000, -0.0000000000000000000, -1.000000000000000000 ) ) ;
#5478 = CARTESIAN_POINT ( 'NONE',  ( 35.50000000000000711, 35.50000000000001421, 0.0000000000000000000 ) ) ;
#5479 = DIRECTION ( 'NONE',  ( -1.000000000000000000, 0.0000000000000000000, 0.0000000000000000000 ) ) ;
#5480 = VECTOR ( 'NONE', #5063, 1000.000000000000000 ) ;
#5481 = ORIENTED_EDGE ( 'NONE', *, *, #2749, .T. ) ;
#5482 = EDGE_CURVE ( 'NONE', #1239, #6215, #5995, .T. ) ;
#5483 = CARTESIAN_POINT ( 'NONE',  ( 4.500000000000000000, 35.50000000000001421, 0.0000000000000000000 ) ) ;
#5484 = VECTOR ( 'NONE', #5664, 1000.000000000000000 ) ;
#5485 = CYLINDRICAL_SURFACE ( 'NONE', #5920, 1.000000000000000888 ) ;
#5486 = ADVANCED_FACE ( 'NONE', ( #2531 ), #4046, .T. ) ;
#5487 = EDGE_LOOP ( 'NONE', ( #6078, #5782, #3299, #139 ) ) ;
#5488 = VERTEX_POINT ( 'NONE', #4987 ) ;
#5489 = DIRECTION ( 'NONE',  ( 1.000000000000000000, 0.0000000000000000000, 0.0000000000000000000 ) ) ;
#5490 = VECTOR ( 'NONE', #4352, 1000.000000000000000 ) ;
#5491 = ADVANCED_FACE ( 'NONE', ( #6034 ), #5971, .F. ) ;
#5492 = ORIENTED_EDGE ( 'NONE', *, *, #1844, .F. ) ;
#5493 = ORIENTED_EDGE ( 'NONE', *, *, #3045, .T. ) ;
#5494 = CARTESIAN_POINT ( 'NONE',  ( 24.09999999999998366, 38.80000000000001847, 0.0000000000000000000 ) ) ;
#5495 = ORIENTED_EDGE ( 'NONE', *, *, #3696, .F. ) ;
#5496 = DIRECTION ( 'NONE',  ( -0.0000000000000000000, -0.0000000000000000000, -1.000000000000000000 ) ) ;
#5497 = CARTESIAN_POINT ( 'NONE',  ( 15.89999999999998437, 4.199999999999997513, 50.00000000000000000 ) ) ;
#5498 = ORIENTED_EDGE ( 'NONE', *, *, #718, .T. ) ;
#5499 = VECTOR ( 'NONE', #3383, 1000.000000000000000 ) ;
#5500 = CIRCLE ( 'NONE', #437, 0.3000000000000016542 ) ;
#5501 = CIRCLE ( 'NONE', #2183, 0.2999999999999981570 ) ;
#5502 = ORIENTED_EDGE ( 'NONE', *, *, #1175, .T. ) ;
#5503 = AXIS2_PLACEMENT_3D ( 'NONE', #5174, #5636, #1204 ) ;
#5504 = ORIENTED_EDGE ( 'NONE', *, *, #408, .T. ) ;
#5505 = CARTESIAN_POINT ( 'NONE',  ( 13.60000000000082743, 35.80000000000002558, 50.00000000000000000 ) ) ;
#5506 = CARTESIAN_POINT ( 'NONE',  ( 39.00000000000000711, 15.10000000000001918, 0.0000000000000000000 ) ) ;
#5507 = AXIS2_PLACEMENT_3D ( 'NONE', #4437, #3447, #2009 ) ;
#5508 = VECTOR ( 'NONE', #2085, 1000.000000000000000 ) ;
#5509 = EDGE_CURVE ( 'NONE', #1700, #3407, #558, .T. ) ;
#5510 = LINE ( 'NONE', #3445, #173 ) ;
#5511 = CARTESIAN_POINT ( 'NONE',  ( 15.09999999999998543, 39.00000000000001421, 50.00000000000000000 ) ) ;
#5512 = CARTESIAN_POINT ( 'NONE',  ( 1.300000000000051115, 35.49999999999977263, 50.00000000000000000 ) ) ;
#5513 = AXIS2_PLACEMENT_3D ( 'NONE', #434, #3508, #3899 ) ;
#5514 = ADVANCED_FACE ( 'NONE', ( #3475, #467, #1556, #4955, #37, #2991 ), #2502, .F. ) ;
#5515 = LINE ( 'NONE', #2629, #343 ) ;
#5516 = VERTEX_POINT ( 'NONE', #496 ) ;
#5517 = FACE_OUTER_BOUND ( 'NONE', #2748, .T. ) ;
#5518 = EDGE_CURVE ( 'NONE', #5162, #3155, #1467, .T. ) ;
#5519 = CARTESIAN_POINT ( 'NONE',  ( 16.24264068711925546, 28.00000000000000000, 0.0000000000000000000 ) ) ;
#5520 = ORIENTED_EDGE ( 'NONE', *, *, #1119, .F. ) ;
#5521 = CARTESIAN_POINT ( 'NONE',  ( 32.55000000000005400, 32.55000000000008242, 50.00000000000000000 ) ) ;
#5522 = CIRCLE ( 'NONE', #4903, 0.3000000000000016542 ) ;
#5523 = EDGE_CURVE ( 'NONE', #3498, #1103, #985, .T. ) ;
#5524 = DIRECTION ( 'NONE',  ( 0.0000000000000000000, 0.0000000000000000000, 1.000000000000000000 ) ) ;
#5525 = ORIENTED_EDGE ( 'NONE', *, *, #2375, .T. ) ;
#5526 = CYLINDRICAL_SURFACE ( 'NONE', #1578, 0.1999999999999987899 ) ;
#5527 = ORIENTED_EDGE ( 'NONE', *, *, #5832, .F. ) ;
#5528 = DIRECTION ( 'NONE',  ( -0.0000000000000000000, -0.0000000000000000000, -1.000000000000000000 ) ) ;
#5529 = CARTESIAN_POINT ( 'NONE',  ( 14.82842712474615787, 26.58578643762691129, 50.00000000000000000 ) ) ;
#5530 = ADVANCED_FACE ( 'NONE', ( #5016 ), #1527, .T. ) ;
#5531 = ADVANCED_FACE ( 'NONE', ( #2565 ), #2960, .F. ) ;
#5532 = EDGE_LOOP ( 'NONE', ( #6115, #927, #2977, #3408 ) ) ;
#5533 = ORIENTED_EDGE ( 'NONE', *, *, #3857, .T. ) ;
#5534 = ORIENTED_EDGE ( 'NONE', *, *, #2726, .F. ) ;
#5535 = EDGE_CURVE ( 'NONE', #3890, #3713, #4412, .T. ) ;
#5536 = CARTESIAN_POINT ( 'NONE',  ( 2.500000000000001332, 10.75000000000000178, 0.0000000000000000000 ) ) ;
#5537 = CARTESIAN_POINT ( 'NONE',  ( 4.200000000000001066, 26.10000000000001563, 0.0000000000000000000 ) ) ;
#5538 = CARTESIAN_POINT ( 'NONE',  ( 25.17157287525369114, 13.41421356237308160, 0.0000000000000000000 ) ) ;
#5539 = LINE ( 'NONE', #5045, #1886 ) ;
#5541 = CYLINDRICAL_SURFACE ( 'NONE', #5503, 1.000000000000000000 ) ;
#5540 = CIRCLE ( 'NONE', #5114, 0.1999999999999987899 ) ;
#5542 = CIRCLE ( 'NONE', #4188, 0.3000000000000016542 ) ;
#5543 = LINE ( 'NONE', #682, #3966 ) ;
#5544 = ORIENTED_EDGE ( 'NONE', *, *, #5353, .F. ) ;
#5545 = EDGE_CURVE ( 'NONE', #115, #6141, #4983, .T. ) ;
#5546 = DIRECTION ( 'NONE',  ( 1.000000000000000000, 0.0000000000000000000, 0.0000000000000000000 ) ) ;
#5547 = VECTOR ( 'NONE', #5866, 1000.000000000000000 ) ;
#5548 = CARTESIAN_POINT ( 'NONE',  ( 37.70000000000031548, 7.450000000000006395, 0.0000000000000000000 ) ) ;
#5549 = DIRECTION ( 'NONE',  ( -0.0000000000000000000, -0.0000000000000000000, -1.000000000000000000 ) ) ;
#5550 = VECTOR ( 'NONE', #4823, 1000.000000000000000 ) ;
#5551 = EDGE_LOOP ( 'NONE', ( #3793, #5918, #3468, #3976 ) ) ;
#5552 = CARTESIAN_POINT ( 'NONE',  ( 4.200000000000001066, 15.60000000000001918, 0.0000000000000000000 ) ) ;
#5553 = EDGE_CURVE ( 'NONE', #5655, #4664, #1713, .T. ) ;
#5554 = CARTESIAN_POINT ( 'NONE',  ( 30.25000000000000000, 37.50000000000003553, 50.00000000000000000 ) ) ;
#5555 = ORIENTED_EDGE ( 'NONE', *, *, #6147, .T. ) ;
#5556 = DIRECTION ( 'NONE',  ( -0.0000000000000000000, -0.0000000000000000000, -1.000000000000000000 ) ) ;
#5557 = ORIENTED_EDGE ( 'NONE', *, *, #3947, .T. ) ;
#5558 = CARTESIAN_POINT ( 'NONE',  ( 2.500000000000008438, 9.750000000000001776, 50.00000000000000000 ) ) ;
#5559 = CARTESIAN_POINT ( 'NONE',  ( 32.55000000000005400, 31.55000000000007887, 50.00000000000000000 ) ) ;
#5560 = ORIENTED_EDGE ( 'NONE', *, *, #5460, .T. ) ;
#5561 = VERTEX_POINT ( 'NONE', #3691 ) ;
#5562 = EDGE_CURVE ( 'NONE', #179, #605, #226, .T. ) ;
#5563 = EDGE_LOOP ( 'NONE', ( #5463, #6256, #2730, #1604 ) ) ;
#5564 = EDGE_CURVE ( 'NONE', #5443, #694, #5825, .T. ) ;
#5565 = VERTEX_POINT ( 'NONE', #1236 ) ;
#5566 = DIRECTION ( 'NONE',  ( -0.0000000000000000000, -0.0000000000000000000, -1.000000000000000000 ) ) ;
#5567 = DIRECTION ( 'NONE',  ( -0.0000000000000000000, -0.0000000000000000000, -1.000000000000000000 ) ) ;
#5568 = CIRCLE ( 'NONE', #1441, 0.2999999999999999334 ) ;
#5569 = CARTESIAN_POINT ( 'NONE',  ( 8.921572875254007329, 10.33578643762692550, 0.0000000000000000000 ) ) ;
#5570 = EDGE_CURVE ( 'NONE', #3276, #1695, #2715, .T. ) ;
#5571 = LINE ( 'NONE', #4137, #443 ) ;
#5572 = LINE ( 'NONE', #2162, #3742 ) ;
#5573 = CARTESIAN_POINT ( 'NONE',  ( 32.49264068711971021, 11.74999999999960743, 50.00000000000000000 ) ) ;
#5574 = CARTESIAN_POINT ( 'NONE',  ( 26.58578643762728788, 25.17157287525333587, 50.00000000000000000 ) ) ;
#5575 = CARTESIAN_POINT ( 'NONE',  ( 4.199999999999999289, 26.40000000000001634, 50.00000000000000000 ) ) ;
#5576 = CARTESIAN_POINT ( 'NONE',  ( 35.80000000000002558, 24.39999999999928448, 50.00000000000000000 ) ) ;
#5577 = CARTESIAN_POINT ( 'NONE',  ( 1.499999999999999556, 29.24999999999954525, 50.00000000000000000 ) ) ;
#5578 = LINE ( 'NONE', #4213, #2604 ) ;
#5579 = ORIENTED_EDGE ( 'NONE', *, *, #5329, .T. ) ;
#5580 = DIRECTION ( 'NONE',  ( -1.000000000000000000, 0.0000000000000000000, 0.0000000000000000000 ) ) ;
#5581 = AXIS2_PLACEMENT_3D ( 'NONE', #2428, #4364, #6383 ) ;
#5582 = CARTESIAN_POINT ( 'NONE',  ( 23.75735931288057756, 14.00000000000000178, 0.0000000000000000000 ) ) ;
#5583 = ORIENTED_EDGE ( 'NONE', *, *, #2071, .F. ) ;
#5584 = EDGE_CURVE ( 'NONE', #2195, #5398, #6123, .T. ) ;
#5585 = FACE_OUTER_BOUND ( 'NONE', #3980, .T. ) ;
#5587 = ORIENTED_EDGE ( 'NONE', *, *, #5597, .T. ) ;
#5586 = EDGE_CURVE ( 'NONE', #1269, #1057, #232, .T. ) ;
#5588 = CARTESIAN_POINT ( 'NONE',  ( 1.300000000000366862, 7.449999999999787903, 50.00000000000000000 ) ) ;
#5589 = DIRECTION ( 'NONE',  ( 0.0000000000000000000, 0.0000000000000000000, 1.000000000000000000 ) ) ;
#5590 = AXIS2_PLACEMENT_3D ( 'NONE', #4433, #91, #3502 ) ;
#5591 = ORIENTED_EDGE ( 'NONE', *, *, #4704, .F. ) ;
#5592 = VECTOR ( 'NONE', #4872, 1000.000000000000000 ) ;
#5593 = ORIENTED_EDGE ( 'NONE', *, *, #5850, .T. ) ;
#5594 = ORIENTED_EDGE ( 'NONE', *, *, #1665, .F. ) ;
#5595 = LINE ( 'NONE', #6056, #3725 ) ;
#5596 = DIRECTION ( 'NONE',  ( -0.0000000000000000000, -0.0000000000000000000, -1.000000000000000000 ) ) ;
#5597 = EDGE_CURVE ( 'NONE', #750, #4168, #2934, .T. ) ;
#5598 = CIRCLE ( 'NONE', #1882, 0.2000000000000002887 ) ;
#5599 = ORIENTED_EDGE ( 'NONE', *, *, #1355, .F. ) ;
#5600 = CARTESIAN_POINT ( 'NONE',  ( 4.200000000000001066, 15.60000000000001918, 50.00000000000000000 ) ) ;
#5601 = CARTESIAN_POINT ( 'NONE',  ( 27.40000000000044267, 37.50000000000004263, 50.00000000000000000 ) ) ;
#5602 = CARTESIAN_POINT ( 'NONE',  ( 32.55000000000005400, 31.55000000000007887, 50.00000000000000000 ) ) ;
#5603 = DIRECTION ( 'NONE',  ( -0.0000000000000000000, -0.0000000000000000000, -1.000000000000000000 ) ) ;
#5604 = ORIENTED_EDGE ( 'NONE', *, *, #5949, .F. ) ;
#5605 = CIRCLE ( 'NONE', #1672, 3.200000000000001510 ) ;
#5606 = AXIS2_PLACEMENT_3D ( 'NONE', #5601, #6191, #3205 ) ;
#5607 = CARTESIAN_POINT ( 'NONE',  ( 4.500000000000073719, 38.69999999999979678, 50.00000000000000000 ) ) ;
#5608 = CARTESIAN_POINT ( 'NONE',  ( 1.300000000000366862, 7.449999999999787903, 0.0000000000000000000 ) ) ;
#5609 = EDGE_CURVE ( 'NONE', #3715, #4822, #6059, .T. ) ;
#5610 = AXIS2_PLACEMENT_3D ( 'NONE', #823, #2377, #5356 ) ;
#5611 = EDGE_CURVE ( 'NONE', #2519, #484, #746, .T. ) ;
#5612 = FACE_BOUND ( 'NONE', #4713, .T. ) ;
#5613 = CARTESIAN_POINT ( 'NONE',  ( 2.500000000000006661, 30.24999999999955236, 0.0000000000000000000 ) ) ;
#5614 = VECTOR ( 'NONE', #1337, 1000.000000000000000 ) ;
#5615 = EDGE_LOOP ( 'NONE', ( #3487, #2511, #288, #4189, #2457, #5693, #2913, #3877 ) ) ;
#5616 = DIRECTION ( 'NONE',  ( 0.0000000000000000000, -0.0000000000000000000, -1.000000000000000000 ) ) ;
#5617 = AXIS2_PLACEMENT_3D ( 'NONE', #3056, #5146, #5020 ) ;
#5618 = VECTOR ( 'NONE', #2298, 1000.000000000000000 ) ;
#5619 = CARTESIAN_POINT ( 'NONE',  ( 26.58578643762728788, 14.82842712474584346, 50.00000000000000000 ) ) ;
#5620 = VERTEX_POINT ( 'NONE', #5107 ) ;
#5621 = DIRECTION ( 'NONE',  ( -0.0000000000000000000, -0.0000000000000000000, -1.000000000000000000 ) ) ;
#5622 = ORIENTED_EDGE ( 'NONE', *, *, #449, .F. ) ;
#5623 = DIRECTION ( 'NONE',  ( 0.0000000000000000000, -1.000000000000000000, 0.0000000000000000000 ) ) ;
#5624 = FACE_OUTER_BOUND ( 'NONE', #4369, .T. ) ;
#5625 = EDGE_CURVE ( 'NONE', #4636, #5398, #2727, .T. ) ;
#5626 = EDGE_LOOP ( 'NONE', ( #1369, #5639, #2319, #2965, #1831, #6265, #3264, #2200 ) ) ;
#5627 = VERTEX_POINT ( 'NONE', #1684 ) ;
#5628 = PRODUCT_DEFINITION ( 'UNKNOWN', '', #1582, #3922 ) ;
#5629 = VERTEX_POINT ( 'NONE', #1202 ) ;
#5630 = ORIENTED_EDGE ( 'NONE', *, *, #5050, .T. ) ;
#5631 = CARTESIAN_POINT ( 'NONE',  ( 10.75000000000000533, 38.50000000000004263, 50.00000000000000000 ) ) ;
#5632 = CARTESIAN_POINT ( 'NONE',  ( 26.09999999999998010, 4.500000000000000888, 50.00000000000000000 ) ) ;
#5633 = ORIENTED_EDGE ( 'NONE', *, *, #4444, .F. ) ;
#5634 = DIRECTION ( 'NONE',  ( -1.000000000000000000, 0.0000000000000000000, 0.0000000000000000000 ) ) ;
#5635 = DIRECTION ( 'NONE',  ( -0.0000000000000000000, -0.0000000000000000000, -1.000000000000000000 ) ) ;
#5636 = DIRECTION ( 'NONE',  ( -0.0000000000000000000, -0.0000000000000000000, -1.000000000000000000 ) ) ;
#5637 = VERTEX_POINT ( 'NONE', #3177 ) ;
#5638 = CARTESIAN_POINT ( 'NONE',  ( 8.450000000000315481, 7.449999999999787903, 0.0000000000000000000 ) ) ;
#5639 = ORIENTED_EDGE ( 'NONE', *, *, #6303, .T. ) ;
#5640 = DIRECTION ( 'NONE',  ( 0.0000000000000000000, 0.0000000000000000000, 1.000000000000000000 ) ) ;
#5641 = DIRECTION ( 'NONE',  ( 0.0000000000000000000, 0.0000000000000000000, 1.000000000000000000 ) ) ;
#5642 = CARTESIAN_POINT ( 'NONE',  ( 8.450000000000315481, 7.449999999999787903, 50.00000000000000000 ) ) ;
#5643 = VECTOR ( 'NONE', #4028, 1000.000000000000000 ) ;
#5644 = VECTOR ( 'NONE', #1210, 1000.000000000000000 ) ;
#5645 = CARTESIAN_POINT ( 'NONE',  ( 16.24264068711929809, 14.00000000000000178, 50.00000000000000000 ) ) ;
#5646 = ORIENTED_EDGE ( 'NONE', *, *, #1305, .F. ) ;
#5647 = AXIS2_PLACEMENT_3D ( 'NONE', #3238, #1678, #189 ) ;
#5648 = CARTESIAN_POINT ( 'NONE',  ( 1.499999999999999556, 29.24999999999954525, 50.00000000000000000 ) ) ;
#5649 = CIRCLE ( 'NONE', #4820, 1.000000000000000888 ) ;
#5650 = CARTESIAN_POINT ( 'NONE',  ( 26.09999999999998010, 4.200000000000000178, 50.00000000000000000 ) ) ;
#5651 = VERTEX_POINT ( 'NONE', #4659 ) ;
#5652 = AXIS2_PLACEMENT_3D ( 'NONE', #3283, #6197, #3730 ) ;
#5653 = EDGE_CURVE ( 'NONE', #1200, #5637, #4106, .T. ) ;
#5654 = CARTESIAN_POINT ( 'NONE',  ( 2.300000000000373745, 8.449999999999795008, 0.0000000000000000000 ) ) ;
#5655 = VERTEX_POINT ( 'NONE', #3597 ) ;
#5656 = LINE ( 'NONE', #5005, #3084 ) ;
#5657 = DIRECTION ( 'NONE',  ( 0.0000000000000000000, 0.0000000000000000000, 1.000000000000000000 ) ) ;
#5658 = EDGE_CURVE ( 'NONE', #2576, #5655, #1647, .T. ) ;
#5659 = EDGE_LOOP ( 'NONE', ( #1834, #3182, #2801, #1900 ) ) ;
#5660 = ORIENTED_EDGE ( 'NONE', *, *, #2211, .T. ) ;
#5661 = ADVANCED_FACE ( 'NONE', ( #3083 ), #2132, .F. ) ;
#5662 = ORIENTED_EDGE ( 'NONE', *, *, #4513, .T. ) ;
#5663 = ORIENTED_EDGE ( 'NONE', *, *, #1077, .T. ) ;
#5664 = DIRECTION ( 'NONE',  ( 0.0000000000000000000, 1.000000000000000000, 0.0000000000000000000 ) ) ;
#5665 = DIRECTION ( 'NONE',  ( -1.000000000000000000, 0.0000000000000000000, 0.0000000000000000000 ) ) ;
#5666 = ORIENTED_EDGE ( 'NONE', *, *, #26, .F. ) ;
#5667 = DIRECTION ( 'NONE',  ( -1.000000000000000000, 0.0000000000000000000, 0.0000000000000000000 ) ) ;
#5668 = CARTESIAN_POINT ( 'NONE',  ( 14.69999999999997975, 40.00000000000001421, 0.0000000000000000000 ) ) ;
#5669 = EDGE_CURVE ( 'NONE', #4072, #4646, #5571, .T. ) ;
#5670 = DIRECTION ( 'NONE',  ( -0.0000000000000000000, -0.0000000000000000000, -1.000000000000000000 ) ) ;
#5671 = ORIENTED_EDGE ( 'NONE', *, *, #465, .T. ) ;
#5672 = DIRECTION ( 'NONE',  ( -0.7071067811865454633, -0.7071067811865495711, 0.0000000000000000000 ) ) ;
#5673 = ORIENTED_EDGE ( 'NONE', *, *, #5141, .T. ) ;
#5674 = DIRECTION ( 'NONE',  ( -0.0000000000000000000, -0.0000000000000000000, -1.000000000000000000 ) ) ;
#5675 = EDGE_CURVE ( 'NONE', #5470, #4049, #5539, .T. ) ;
#5676 = CARTESIAN_POINT ( 'NONE',  ( 20.00000000000000000, 20.00000000000000000, 0.0000000000000000000 ) ) ;
#5677 = DIRECTION ( 'NONE',  ( -1.000000000000000000, 0.0000000000000000000, 0.0000000000000000000 ) ) ;
#5678 = LINE ( 'NONE', #3666, #4562 ) ;
#5679 = ORIENTED_EDGE ( 'NONE', *, *, #1122, .T. ) ;
#5680 = CARTESIAN_POINT ( 'NONE',  ( 2.500000000000008438, 13.60000000000001918, 50.00000000000000000 ) ) ;
#5681 = EDGE_CURVE ( 'NONE', #3033, #732, #708, .T. ) ;
#5682 = DIRECTION ( 'NONE',  ( 0.0000000000000000000, 0.0000000000000000000, 1.000000000000000000 ) ) ;
#5683 = DIRECTION ( 'NONE',  ( -0.0000000000000000000, -0.0000000000000000000, -1.000000000000000000 ) ) ;
#5684 = VERTEX_POINT ( 'NONE', #2590 ) ;
#5685 = CYLINDRICAL_SURFACE ( 'NONE', #2334, 0.1999999999999994282 ) ;
#5686 = AXIS2_PLACEMENT_3D ( 'NONE', #6018, #4645, #2612 ) ;
#5687 = DIRECTION ( 'NONE',  ( 0.0000000000000000000, 1.000000000000000000, 0.0000000000000000000 ) ) ;
#5688 = ADVANCED_FACE ( 'NONE', ( #4556 ), #1619, .F. ) ;
#5689 = ADVANCED_FACE ( 'NONE', ( #290 ), #5802, .F. ) ;
#5690 = VERTEX_POINT ( 'NONE', #6222 ) ;
#5691 = ORIENTED_EDGE ( 'NONE', *, *, #1461, .F. ) ;
#5692 = AXIS2_PLACEMENT_3D ( 'NONE', #5536, #5168, #4164 ) ;
#5693 = ORIENTED_EDGE ( 'NONE', *, *, #2741, .F. ) ;
#5694 = VECTOR ( 'NONE', #2267, 1000.000000000000000 ) ;
#5695 = EDGE_LOOP ( 'NONE', ( #4278, #4841, #3708, #639 ) ) ;
#5696 = DIRECTION ( 'NONE',  ( -1.000000000000000000, 0.0000000000000000000, 0.0000000000000000000 ) ) ;
#5697 = FACE_OUTER_BOUND ( 'NONE', #1326, .T. ) ;
#5698 = LINE ( 'NONE', #643, #5444 ) ;
#5699 = VECTOR ( 'NONE', #3807, 1000.000000000000000 ) ;
#5700 = ORIENTED_EDGE ( 'NONE', *, *, #3558, .F. ) ;
#5701 = CARTESIAN_POINT ( 'NONE',  ( 1.499999999999999556, 29.24999999999954525, 0.0000000000000000000 ) ) ;
#5702 = LINE ( 'NONE', #5310, #6031 ) ;
#5703 = ORIENTED_EDGE ( 'NONE', *, *, #4184, .F. ) ;
#5704 = CYLINDRICAL_SURFACE ( 'NONE', #862, 1.999999999999998224 ) ;
#5705 = ORIENTED_EDGE ( 'NONE', *, *, #6270, .T. ) ;
#5706 = DIRECTION ( 'NONE',  ( -0.0000000000000000000, -0.0000000000000000000, -1.000000000000000000 ) ) ;
#5707 = DIRECTION ( 'NONE',  ( -0.0000000000000000000, -0.0000000000000000000, -1.000000000000000000 ) ) ;
#5708 = ADVANCED_FACE ( 'NONE', ( #2791 ), #5839, .F. ) ;
#5709 = LINE ( 'NONE', #851, #3996 ) ;
#5710 = DIRECTION ( 'NONE',  ( 0.0000000000000000000, 1.000000000000000000, 0.0000000000000000000 ) ) ;
#5711 = EDGE_CURVE ( 'NONE', #5136, #115, #2888, .T. ) ;
#5712 = VECTOR ( 'NONE', #272, 1000.000000000000000 ) ;
#5713 = VECTOR ( 'NONE', #5496, 1000.000000000000000 ) ;
#5714 = AXIS2_PLACEMENT_3D ( 'NONE', #759, #5085, #2736 ) ;
#5715 = EDGE_LOOP ( 'NONE', ( #4121, #1132, #565, #3642 ) ) ;
#5716 = VECTOR ( 'NONE', #2442, 999.9999999999998863 ) ;
#5717 = CARTESIAN_POINT ( 'NONE',  ( 26.58578643762728788, 25.17157287525333587, 50.00000000000000000 ) ) ;
#5718 = VECTOR ( 'NONE', #2098, 1000.000000000000000 ) ;
#5719 = CARTESIAN_POINT ( 'NONE',  ( 39.80000000000001137, 25.30000000000001847, 50.00000000000000000 ) ) ;
#5720 = AXIS2_PLACEMENT_3D ( 'NONE', #1866, #2458, #1002 ) ;
#5721 = FACE_OUTER_BOUND ( 'NONE', #528, .T. ) ;
#5722 = CIRCLE ( 'NONE', #1280, 1.999999999999998224 ) ;
#5723 = VERTEX_POINT ( 'NONE', #3372 ) ;
#5724 = DIRECTION ( 'NONE',  ( 0.0000000000000000000, 1.000000000000000000, 0.0000000000000000000 ) ) ;
#5725 = EDGE_CURVE ( 'NONE', #6064, #1283, #3343, .T. ) ;
#5726 = CARTESIAN_POINT ( 'NONE',  ( 38.70000000000031548, 4.500000000000101252, 50.00000000000000000 ) ) ;
#5727 = AXIS2_PLACEMENT_3D ( 'NONE', #4406, #1943, #1014 ) ;
#5728 = ORIENTED_EDGE ( 'NONE', *, *, #1296, .F. ) ;
#5729 = ORIENTED_EDGE ( 'NONE', *, *, #4178, .T. ) ;
#5730 = ORIENTED_EDGE ( 'NONE', *, *, #2353, .F. ) ;
#5731 = EDGE_LOOP ( 'NONE', ( #4271, #2086, #5021, #3636 ) ) ;
#5732 = DIRECTION ( 'NONE',  ( -1.000000000000000000, 0.0000000000000000000, 0.0000000000000000000 ) ) ;
#5733 = EDGE_CURVE ( 'NONE', #2758, #4072, #4853, .T. ) ;
#5734 = CARTESIAN_POINT ( 'NONE',  ( 2.300000000000057998, 31.54999999999986926, 50.00000000000000000 ) ) ;
#5735 = CARTESIAN_POINT ( 'NONE',  ( 15.09999999999998543, 39.00000000000001421, 50.00000000000000000 ) ) ;
#5736 = VECTOR ( 'NONE', #5276, 1000.000000000000000 ) ;
#5737 = VERTEX_POINT ( 'NONE', #3822 ) ;
#5738 = DIRECTION ( 'NONE',  ( 1.000000000000000000, 4.704334850106715110E-15, 0.0000000000000000000 ) ) ;
#5739 = CARTESIAN_POINT ( 'NONE',  ( 14.89999999999998259, 0.2000000000000014821, 50.00000000000000000 ) ) ;
#5740 = EDGE_CURVE ( 'NONE', #3469, #4996, #5702, .T. ) ;
#5741 = ORIENTED_EDGE ( 'NONE', *, *, #3887, .F. ) ;
#5742 = LINE ( 'NONE', #3307, #2832 ) ;
#5743 = CARTESIAN_POINT ( 'NONE',  ( 7.449999999999992184, 31.54999999999986926, 0.0000000000000000000 ) ) ;
#5744 = PLANE ( 'NONE',  #423 ) ;
#5745 = CARTESIAN_POINT ( 'NONE',  ( -1.217252705265708188E-15, 25.30000000000002203, 50.00000000000000000 ) ) ;
#5746 = CARTESIAN_POINT ( 'NONE',  ( 7.450000000000308376, 1.299999999999867262, 50.00000000000000000 ) ) ;
#5747 = CYLINDRICAL_SURFACE ( 'NONE', #850, 1.000000000000000888 ) ;
#5748 = CARTESIAN_POINT ( 'NONE',  ( 32.49264068711970310, 30.24999999999955236, 0.0000000000000000000 ) ) ;
#5749 = EDGE_CURVE ( 'NONE', #752, #1431, #2295, .T. ) ;
#5750 = EDGE_LOOP ( 'NONE', ( #5481, #3846, #912, #897 ) ) ;
#5751 = CARTESIAN_POINT ( 'NONE',  ( 1.199999999999999956, 24.10000000000001563, 0.0000000000000000000 ) ) ;
#5752 = AXIS2_PLACEMENT_3D ( 'NONE', #2639, #2276, #795 ) ;
#5753 = VECTOR ( 'NONE', #799, 1000.000000000000000 ) ;
#5754 = DIRECTION ( 'NONE',  ( -1.000000000000000000, 0.0000000000000000000, 0.0000000000000000000 ) ) ;
#5755 = CARTESIAN_POINT ( 'NONE',  ( 4.500000000000000888, 4.500000000000000000, 50.00000000000000000 ) ) ;
#5756 = AXIS2_PLACEMENT_3D ( 'NONE', #5483, #4020, #2104 ) ;
#5757 = CARTESIAN_POINT ( 'NONE',  ( 13.60000000000082743, 37.50000000000003553, 0.0000000000000000000 ) ) ;
#5758 = DIRECTION ( 'NONE',  ( 3.464347907917157102E-16, 1.000000000000000000, -0.0000000000000000000 ) ) ;
#5759 = AXIS2_PLACEMENT_3D ( 'NONE', #776, #6118, #6188 ) ;
#5760 = VERTEX_POINT ( 'NONE', #2399 ) ;
#5761 = ORIENTED_EDGE ( 'NONE', *, *, #198, .T. ) ;
#5762 = ORIENTED_EDGE ( 'NONE', *, *, #2469, .F. ) ;
#5763 = VECTOR ( 'NONE', #2866, 1000.000000000000000 ) ;
#5764 = ORIENTED_EDGE ( 'NONE', *, *, #6355, .F. ) ;
#5765 = CARTESIAN_POINT ( 'NONE',  ( 4.199999999999999289, 15.90000000000001812, 0.0000000000000000000 ) ) ;
#5766 = CARTESIAN_POINT ( 'NONE',  ( 35.80000000000002558, 26.40000000000248548, 0.0000000000000000000 ) ) ;
#5767 = CARTESIAN_POINT ( 'NONE',  ( 32.55000000000005400, 37.70000000000000284, 0.0000000000000000000 ) ) ;
#5768 = ORIENTED_EDGE ( 'NONE', *, *, #2064, .T. ) ;
#5769 = DIRECTION ( 'NONE',  ( -1.000000000000000000, 0.0000000000000000000, 0.0000000000000000000 ) ) ;
#5770 = EDGE_CURVE ( 'NONE', #1200, #3057, #780, .T. ) ;
#5771 = DIRECTION ( 'NONE',  ( -0.0000000000000000000, -0.0000000000000000000, -1.000000000000000000 ) ) ;
#5772 = ORIENTED_EDGE ( 'NONE', *, *, #4136, .T. ) ;
#5773 = CYLINDRICAL_SURFACE ( 'NONE', #5302, 1.000000000000000888 ) ;
#5774 = CARTESIAN_POINT ( 'NONE',  ( 1.500000000000000888, 10.75000000000000888, 50.00000000000000000 ) ) ;
#5775 = DIRECTION ( 'NONE',  ( 0.7071067811865474617, -0.7071067811865474617, 0.0000000000000000000 ) ) ;
#5776 = LINE ( 'NONE', #4895, #3484 ) ;
#5777 = EDGE_CURVE ( 'NONE', #4620, #3295, #1066, .T. ) ;
#5778 = LINE ( 'NONE', #3865, #66 ) ;
#5779 = ORIENTED_EDGE ( 'NONE', *, *, #6067, .F. ) ;
#5780 = LINE ( 'NONE', #2306, #6334 ) ;
#5781 = CARTESIAN_POINT ( 'NONE',  ( 10.33578643762690952, 8.921572875253817259, 0.0000000000000000000 ) ) ;
#5782 = ORIENTED_EDGE ( 'NONE', *, *, #4255, .F. ) ;
#5783 = CARTESIAN_POINT ( 'NONE',  ( 40.00000000000000000, 4.500000000000031974, 0.0000000000000000000 ) ) ;
#5784 = CARTESIAN_POINT ( 'NONE',  ( 9.749999999999998224, 32.49264068711924125, 0.0000000000000000000 ) ) ;
#5785 = CARTESIAN_POINT ( 'NONE',  ( 35.79999999999999005, 13.60000000000294307, 0.0000000000000000000 ) ) ;
#5786 = ORIENTED_EDGE ( 'NONE', *, *, #1929, .F. ) ;
#5787 = CARTESIAN_POINT ( 'NONE',  ( 25.17157287525369114, 13.41421356237308160, 50.00000000000000000 ) ) ;
#5788 = CARTESIAN_POINT ( 'NONE',  ( 27.39999999999999147, 1.500000000000000444, 0.0000000000000000000 ) ) ;
#5789 = EDGE_CURVE ( 'NONE', #2744, #6213, #3746, .T. ) ;
#5790 = VERTEX_POINT ( 'NONE', #4232 ) ;
#5791 = ORIENTED_EDGE ( 'NONE', *, *, #6414, .T. ) ;
#5792 = LINE ( 'NONE', #6311, #5186 ) ;
#5793 = EDGE_CURVE ( 'NONE', #5963, #3820, #4270, .T. ) ;
#5794 = VERTEX_POINT ( 'NONE', #5272 ) ;
#5795 = ORIENTED_EDGE ( 'NONE', *, *, #6244, .F. ) ;
#5796 = PLANE ( 'NONE',  #3123 ) ;
#5797 = DIRECTION ( 'NONE',  ( -1.000000000000000000, 0.0000000000000000000, 0.0000000000000000000 ) ) ;
#5798 = DIRECTION ( 'NONE',  ( -1.000000000000000000, 0.0000000000000000000, 0.0000000000000000000 ) ) ;
#5799 = AXIS2_PLACEMENT_3D ( 'NONE', #2678, #211, #2184 ) ;
#5800 = ORIENTED_EDGE ( 'NONE', *, *, #1408, .F. ) ;
#5801 = CARTESIAN_POINT ( 'NONE',  ( 15.89999999999998437, 1.200000000000001066, 50.00000000000000000 ) ) ;
#5802 = PLANE ( 'NONE',  #125 ) ;
#5803 = AXIS2_PLACEMENT_3D ( 'NONE', #554, #4492, #3984 ) ;
#5804 = ORIENTED_EDGE ( 'NONE', *, *, #2220, .F. ) ;
#5805 = PLANE ( 'NONE',  #5417 ) ;
#5806 = LINE ( 'NONE', #883, #5165 ) ;
#5807 = DIRECTION ( 'NONE',  ( -0.0000000000000000000, 1.000000000000000000, -0.0000000000000000000 ) ) ;
#5808 = EDGE_CURVE ( 'NONE', #5443, #4463, #3722, .T. ) ;
#5809 = VECTOR ( 'NONE', #4772, 1000.000000000000000 ) ;
#5810 = DIRECTION ( 'NONE',  ( -1.000000000000000000, -0.0000000000000000000, -0.0000000000000000000 ) ) ;
#5811 = CARTESIAN_POINT ( 'NONE',  ( 31.55000000000037019, 7.449999999999999289, 50.00000000000000000 ) ) ;
#5812 = DIRECTION ( 'NONE',  ( -0.0000000000000000000, -0.0000000000000000000, -1.000000000000000000 ) ) ;
#5813 = CIRCLE ( 'NONE', #843, 1.000000000000000888 ) ;
#5814 = ORIENTED_EDGE ( 'NONE', *, *, #5993, .F. ) ;
#5815 = EDGE_CURVE ( 'NONE', #720, #2850, #1335, .T. ) ;
#5816 = DIRECTION ( 'NONE',  ( -1.000000000000000000, 0.0000000000000000000, 0.0000000000000000000 ) ) ;
#5817 = EDGE_CURVE ( 'NONE', #1193, #4130, #3274, .T. ) ;
#5818 = AXIS2_PLACEMENT_3D ( 'NONE', #4568, #3634, #2140 ) ;
#5819 = DIRECTION ( 'NONE',  ( 0.0000000000000000000, 0.0000000000000000000, 1.000000000000000000 ) ) ;
#5820 = VECTOR ( 'NONE', #5847, 1000.000000000000000 ) ;
#5821 = CARTESIAN_POINT ( 'NONE',  ( 24.29999999999998650, 1.000000000000000444, 0.0000000000000000000 ) ) ;
#5822 = ORIENTED_EDGE ( 'NONE', *, *, #5160, .T. ) ;
#5823 = EDGE_CURVE ( 'NONE', #1000, #5945, #6320, .T. ) ;
#5824 = CARTESIAN_POINT ( 'NONE',  ( 38.70000000000031548, 7.449999999999999289, 50.00000000000000000 ) ) ;
#5825 = CIRCLE ( 'NONE', #5189, 1.000000000000000000 ) ;
#5826 = VECTOR ( 'NONE', #1836, 1000.000000000000000 ) ;
#5827 = ORIENTED_EDGE ( 'NONE', *, *, #2220, .T. ) ;
#5828 = ORIENTED_EDGE ( 'NONE', *, *, #3400, .F. ) ;
#5829 = CIRCLE ( 'NONE', #758, 0.2999999999999999334 ) ;
#5830 = CARTESIAN_POINT ( 'NONE',  ( 2.500000000000001332, 12.60000000000001741, 0.0000000000000000000 ) ) ;
#5831 = ORIENTED_EDGE ( 'NONE', *, *, #5434, .T. ) ;
#5832 = EDGE_CURVE ( 'NONE', #1295, #5285, #4755, .T. ) ;
#5833 = ORIENTED_EDGE ( 'NONE', *, *, #3133, .T. ) ;
#5834 = PLANE ( 'NONE',  #1267 ) ;
#5835 = DIRECTION ( 'NONE',  ( -1.000000000000000000, 3.614007241618369971E-16, 0.0000000000000000000 ) ) ;
#5836 = CARTESIAN_POINT ( 'NONE',  ( 24.29999999999998650, 39.00000000000002132, 50.00000000000000000 ) ) ;
#5837 = ORIENTED_EDGE ( 'NONE', *, *, #5653, .T. ) ;
#5838 = LINE ( 'NONE', #4723, #5550 ) ;
#5839 = PLANE ( 'NONE',  #4368 ) ;
#5840 = ORIENTED_EDGE ( 'NONE', *, *, #5669, .T. ) ;
#5841 = FACE_OUTER_BOUND ( 'NONE', #1802, .T. ) ;
#5842 = DIRECTION ( 'NONE',  ( -1.000000000000000000, 0.0000000000000000000, 0.0000000000000000000 ) ) ;
#5843 = AXIS2_PLACEMENT_3D ( 'NONE', #6258, #1487, #2827 ) ;
#5844 = DIRECTION ( 'NONE',  ( -0.0000000000000000000, -0.0000000000000000000, -1.000000000000000000 ) ) ;
#5845 = CARTESIAN_POINT ( 'NONE',  ( 4.500000000000389022, 1.299999999999867262, 50.00000000000000000 ) ) ;
#5846 = LINE ( 'NONE', #2799, #3124 ) ;
#5847 = DIRECTION ( 'NONE',  ( 1.000000000000000000, 3.614007241618349264E-16, -0.0000000000000000000 ) ) ;
#5848 = VERTEX_POINT ( 'NONE', #359 ) ;
#5849 = CARTESIAN_POINT ( 'NONE',  ( 35.80000000000002558, 26.40000000000248548, 50.00000000000000000 ) ) ;
#5850 = EDGE_CURVE ( 'NONE', #2777, #2576, #5829, .T. ) ;
#5851 = CARTESIAN_POINT ( 'NONE',  ( 26.10000000000043840, 35.80000000000003268, 50.00000000000000000 ) ) ;
#5852 = ORIENTED_EDGE ( 'NONE', *, *, #4421, .T. ) ;
#5853 = CARTESIAN_POINT ( 'NONE',  ( 14.89999999999998259, 0.2000000000000014266, 0.0000000000000000000 ) ) ;
#5854 = ADVANCED_FACE ( 'NONE', ( #3858 ), #5347, .F. ) ;
#5855 = VERTEX_POINT ( 'NONE', #2434 ) ;
#5856 = VECTOR ( 'NONE', #5390, 1000.000000000000000 ) ;
#5857 = VERTEX_POINT ( 'NONE', #4402 ) ;
#5858 = AXIS2_PLACEMENT_3D ( 'NONE', #4176, #5641, #2237 ) ;
#5859 = DIRECTION ( 'NONE',  ( -0.0000000000000000000, -0.0000000000000000000, -1.000000000000000000 ) ) ;
#5860 = EDGE_LOOP ( 'NONE', ( #3702, #2856, #4748, #3655 ) ) ;
#5861 = ORIENTED_EDGE ( 'NONE', *, *, #2368, .F. ) ;
#5862 = DIRECTION ( 'NONE',  ( -0.0000000000000000000, -0.0000000000000000000, -1.000000000000000000 ) ) ;
#5863 = LINE ( 'NONE', #1454, #4960 ) ;
#5864 = AXIS2_PLACEMENT_3D ( 'NONE', #388, #911, #2854 ) ;
#5865 = VECTOR ( 'NONE', #4409, 1000.000000000000000 ) ;
#5866 = DIRECTION ( 'NONE',  ( -0.0000000000000000000, -0.0000000000000000000, -1.000000000000000000 ) ) ;
#5867 = ORIENTED_EDGE ( 'NONE', *, *, #715, .T. ) ;
#5868 = EDGE_CURVE ( 'NONE', #5162, #1799, #2614, .T. ) ;
#5869 = CARTESIAN_POINT ( 'NONE',  ( 35.50000000000002132, 26.10000000000248122, 50.00000000000000000 ) ) ;
#5870 = CARTESIAN_POINT ( 'NONE',  ( 1.199999999999998623, 15.70000000000001883, 50.00000000000000000 ) ) ;
#5871 = VECTOR ( 'NONE', #3474, 1000.000000000000000 ) ;
#5872 = ORIENTED_EDGE ( 'NONE', *, *, #4064, .F. ) ;
#5873 = VERTEX_POINT ( 'NONE', #2920 ) ;
#5874 = DIRECTION ( 'NONE',  ( 0.0000000000000000000, 0.0000000000000000000, 1.000000000000000000 ) ) ;
#5875 = DIRECTION ( 'NONE',  ( 1.000000000000000000, 0.0000000000000000000, 0.0000000000000000000 ) ) ;
#5876 = ADVANCED_FACE ( 'NONE', ( #3406 ), #943, .F. ) ;
#5877 = CARTESIAN_POINT ( 'NONE',  ( 4.500000000000389022, 1.299999999999867262, 50.00000000000000000 ) ) ;
#5878 = CYLINDRICAL_SURFACE ( 'NONE', #18, 2.000000000000000000 ) ;
#5879 = DIRECTION ( 'NONE',  ( -0.0000000000000000000, -0.0000000000000000000, -1.000000000000000000 ) ) ;
#5880 = EDGE_CURVE ( 'NONE', #3509, #1033, #4700, .T. ) ;
#5881 = LINE ( 'NONE', #1020, #644 ) ;
#5882 = EDGE_LOOP ( 'NONE', ( #5100, #6223, #47, #5822 ) ) ;
#5883 = EDGE_CURVE ( 'NONE', #3067, #6343, #5181, .T. ) ;
#5884 = DIRECTION ( 'NONE',  ( 0.0000000000000000000, -1.000000000000000000, 0.0000000000000000000 ) ) ;
#5885 = CARTESIAN_POINT ( 'NONE',  ( 38.50000000000036948, 12.60000000000293596, 50.00000000000000000 ) ) ;
#5886 = ORIENTED_EDGE ( 'NONE', *, *, #3852, .T. ) ;
#5887 = DIRECTION ( 'NONE',  ( -1.000000000000000000, 0.0000000000000000000, 0.0000000000000000000 ) ) ;
#5888 = VERTEX_POINT ( 'NONE', #6134 ) ;
#5889 = ORIENTED_EDGE ( 'NONE', *, *, #4153, .F. ) ;
#5890 = LINE ( 'NONE', #2978, #5826 ) ;
#5891 = ORIENTED_EDGE ( 'NONE', *, *, #2906, .T. ) ;
#5893 = ORIENTED_EDGE ( 'NONE', *, *, #6351, .T. ) ;
#5892 = PLANE ( 'NONE',  #1291 ) ;
#5894 = CARTESIAN_POINT ( 'NONE',  ( 26.10000000000043485, 35.50000000000002842, 50.00000000000000000 ) ) ;
#5895 = EDGE_CURVE ( 'NONE', #4160, #3890, #5414, .T. ) ;
#5896 = CARTESIAN_POINT ( 'NONE',  ( 13.60000000000082743, 35.80000000000002558, 50.00000000000000000 ) ) ;
#5897 = ADVANCED_FACE ( 'NONE', ( #171 ), #4145, .F. ) ;
#5898 = DIRECTION ( 'NONE',  ( -0.0000000000000000000, -0.0000000000000000000, -1.000000000000000000 ) ) ;
#5899 = ORIENTED_EDGE ( 'NONE', *, *, #5770, .F. ) ;
#5900 = CARTESIAN_POINT ( 'NONE',  ( 9.749999999999998224, 2.500000000000006661, 0.0000000000000000000 ) ) ;
#5901 = ORIENTED_EDGE ( 'NONE', *, *, #5584, .T. ) ;
#5902 = ORIENTED_EDGE ( 'NONE', *, *, #1729, .F. ) ;
#5903 = CARTESIAN_POINT ( 'NONE',  ( 7.450000000000308376, 8.449999999999795008, 50.00000000000000000 ) ) ;
#5904 = AXIS2_PLACEMENT_3D ( 'NONE', #1099, #5657, #3677 ) ;
#5905 = CARTESIAN_POINT ( 'NONE',  ( 26.40000000000043912, 35.80000000000003268, 0.0000000000000000000 ) ) ;
#5906 = CARTESIAN_POINT ( 'NONE',  ( 26.39999999999998082, 2.500000000000007550, 50.00000000000000000 ) ) ;
#5907 = CARTESIAN_POINT ( 'NONE',  ( 24.39999999999998437, 4.500000000000000000, 50.00000000000000000 ) ) ;
#5908 = CYLINDRICAL_SURFACE ( 'NONE', #3543, 1.000000000000000888 ) ;
#5909 = CIRCLE ( 'NONE', #6002, 1.000000000000000888 ) ;
#5910 = DIRECTION ( 'NONE',  ( -0.0000000000000000000, -0.0000000000000000000, -1.000000000000000000 ) ) ;
#5911 = ORIENTED_EDGE ( 'NONE', *, *, #1022, .F. ) ;
#5912 = VECTOR ( 'NONE', #1173, 1000.000000000000000 ) ;
#5913 = EDGE_CURVE ( 'NONE', #369, #6064, #860, .T. ) ;
#5914 = FACE_OUTER_BOUND ( 'NONE', #6192, .T. ) ;
#5915 = PRODUCT_RELATED_PRODUCT_CATEGORY ( 'part', '', ( #6356 ) ) ;
#5916 = DIRECTION ( 'NONE',  ( -0.7071067811865495711, 0.7071067811865454633, 0.0000000000000000000 ) ) ;
#5917 = LINE ( 'NONE', #1476, #1052 ) ;
#5918 = ORIENTED_EDGE ( 'NONE', *, *, #6173, .F. ) ;
#5919 = DIRECTION ( 'NONE',  ( -0.0000000000000000000, -0.0000000000000000000, -1.000000000000000000 ) ) ;
#5920 = AXIS2_PLACEMENT_3D ( 'NONE', #5948, #1504, #4055 ) ;
#5921 = ORIENTED_EDGE ( 'NONE', *, *, #1071, .T. ) ;
#5922 = ORIENTED_EDGE ( 'NONE', *, *, #1025, .T. ) ;
#5923 = CARTESIAN_POINT ( 'NONE',  ( 35.50000000000031264, 4.500000000000079936, 50.00000000000000000 ) ) ;
#5924 = AXIS2_PLACEMENT_3D ( 'NONE', #86, #4034, #3556 ) ;
#5925 = AXIS2_PLACEMENT_3D ( 'NONE', #192, #161, #3625 ) ;
#5927 = ORIENTED_EDGE ( 'NONE', *, *, #3253, .T. ) ;
#5926 = LINE ( 'NONE', #5401, #141 ) ;
#5928 = CARTESIAN_POINT ( 'NONE',  ( 40.00000000000000000, 4.500000000000031974, 0.0000000000000000000 ) ) ;
#5929 = DIRECTION ( 'NONE',  ( -1.000000000000000000, 0.0000000000000000000, 0.0000000000000000000 ) ) ;
#5930 = VECTOR ( 'NONE', #1620, 1000.000000000000000 ) ;
#5931 = CIRCLE ( 'NONE', #338, 1.000000000000000000 ) ;
#5932 = ORIENTED_EDGE ( 'NONE', *, *, #5988, .F. ) ;
#5933 = EDGE_CURVE ( 'NONE', #5760, #3001, #2669, .T. ) ;
#5934 = ORIENTED_EDGE ( 'NONE', *, *, #2433, .T. ) ;
#5935 = EDGE_LOOP ( 'NONE', ( #1865, #5326, #4214, #2534 ) ) ;
#5936 = SURFACE_STYLE_FILL_AREA ( #3954 ) ;
#5937 = VECTOR ( 'NONE', #3758, 1000.000000000000000 ) ;
#5938 = DIRECTION ( 'NONE',  ( -0.0000000000000000000, -0.0000000000000000000, -1.000000000000000000 ) ) ;
#5939 = DIRECTION ( 'NONE',  ( -0.0000000000000000000, -0.0000000000000000000, -1.000000000000000000 ) ) ;
#5940 = PLANE ( 'NONE',  #3684 ) ;
#5941 = EDGE_CURVE ( 'NONE', #409, #3855, #6240, .T. ) ;
#5942 = DIRECTION ( 'NONE',  ( -1.000000000000000000, 0.0000000000000000000, 0.0000000000000000000 ) ) ;
#5943 = PLANE ( 'NONE',  #4777 ) ;
#5944 = DIRECTION ( 'NONE',  ( 1.000000000000000000, 0.0000000000000000000, 0.0000000000000000000 ) ) ;
#5945 = VERTEX_POINT ( 'NONE', #136 ) ;
#5946 = CARTESIAN_POINT ( 'NONE',  ( 23.75735931288058822, 12.00000000000000178, 50.00000000000000000 ) ) ;
#5947 = CIRCLE ( 'NONE', #463, 0.2999999999999999334 ) ;
#5948 = CARTESIAN_POINT ( 'NONE',  ( 32.55000000000005400, 32.55000000000008242, 50.00000000000000000 ) ) ;
#5949 = EDGE_CURVE ( 'NONE', #627, #4603, #757, .T. ) ;
#5950 = ORIENTED_EDGE ( 'NONE', *, *, #3243, .T. ) ;
#5951 = DIRECTION ( 'NONE',  ( -0.0000000000000000000, -0.0000000000000000000, -1.000000000000000000 ) ) ;
#5952 = ORIENTED_EDGE ( 'NONE', *, *, #3043, .F. ) ;
#5953 = VERTEX_POINT ( 'NONE', #1626 ) ;
#5954 = SURFACE_STYLE_FILL_AREA ( #2113 ) ;
#5956 = ORIENTED_EDGE ( 'NONE', *, *, #4513, .F. ) ;
#5955 = LINE ( 'NONE', #1964, #2524 ) ;
#5957 = LINE ( 'NONE', #3524, #742 ) ;
#5958 = CYLINDRICAL_SURFACE ( 'NONE', #5055, 2.000000000000001776 ) ;
#5959 = AXIS2_PLACEMENT_3D ( 'NONE', #3903, #4350, #2804 ) ;
#5960 = AXIS2_PLACEMENT_3D ( 'NONE', #5676, #295, #755 ) ;
#5961 = AXIS2_PLACEMENT_3D ( 'NONE', #5824, #245, #728 ) ;
#5962 = EDGE_LOOP ( 'NONE', ( #4400, #5412, #2713, #3539 ) ) ;
#5963 = VERTEX_POINT ( 'NONE', #5642 ) ;
#5964 = AXIS2_PLACEMENT_3D ( 'NONE', #5069, #253, #674 ) ;
#5965 = VERTEX_POINT ( 'NONE', #6069 ) ;
#5966 = VECTOR ( 'NONE', #1310, 1000.000000000000000 ) ;
#5967 = CARTESIAN_POINT ( 'NONE',  ( 25.09999999999998721, 39.20000000000001705, 0.0000000000000000000 ) ) ;
#5968 = CARTESIAN_POINT ( 'NONE',  ( 26.39999999999998082, 4.199999999999997513, 0.0000000000000000000 ) ) ;
#5969 = EDGE_CURVE ( 'NONE', #877, #702, #4633, .T. ) ;
#5970 = FACE_OUTER_BOUND ( 'NONE', #3127, .T. ) ;
#5971 = PLANE ( 'NONE',  #5406 ) ;
#5972 = CARTESIAN_POINT ( 'NONE',  ( 13.41421356237304963, 25.17157287525370535, 50.00000000000000000 ) ) ;
#5973 = DIRECTION ( 'NONE',  ( -1.000000000000000000, -0.0000000000000000000, -0.0000000000000000000 ) ) ;
#5974 = ORIENTED_EDGE ( 'NONE', *, *, #4101, .T. ) ;
#5975 = DIRECTION ( 'NONE',  ( -0.0000000000000000000, -0.0000000000000000000, -1.000000000000000000 ) ) ;
#5976 = EDGE_CURVE ( 'NONE', #3210, #3671, #1693, .T. ) ;
#5977 = CARTESIAN_POINT ( 'NONE',  ( 24.29999999999998295, 1.199999999999999956, 50.00000000000000000 ) ) ;
#5978 = ORIENTED_EDGE ( 'NONE', *, *, #4670, .F. ) ;
#5979 = DIRECTION ( 'NONE',  ( -0.0000000000000000000, -0.0000000000000000000, -1.000000000000000000 ) ) ;
#5980 = VERTEX_POINT ( 'NONE', #4212 ) ;
#5981 = ORIENTED_EDGE ( 'NONE', *, *, #4321, .T. ) ;
#5982 = CARTESIAN_POINT ( 'NONE',  ( 31.55000000000037019, 2.300000000000085976, 50.00000000000000000 ) ) ;
#5983 = VERTEX_POINT ( 'NONE', #3633 ) ;
#5984 = LINE ( 'NONE', #2487, #4467 ) ;
#5985 = CARTESIAN_POINT ( 'NONE',  ( 12.60000000000081855, 38.50000000000004263, 50.00000000000000000 ) ) ;
#5986 = EDGE_CURVE ( 'NONE', #5471, #3685, #4083, .T. ) ;
#5987 = EDGE_LOOP ( 'NONE', ( #5840, #591, #4917, #6073 ) ) ;
#5988 = EDGE_CURVE ( 'NONE', #5873, #1346, #1212, .T. ) ;
#5989 = ORIENTED_EDGE ( 'NONE', *, *, #4670, .T. ) ;
#5990 = ORIENTED_EDGE ( 'NONE', *, *, #562, .F. ) ;
#5991 = CARTESIAN_POINT ( 'NONE',  ( 10.75000000000000000, 2.499999999999999556, 50.00000000000000000 ) ) ;
#5992 = DIRECTION ( 'NONE',  ( 0.0000000000000000000, 0.0000000000000000000, -1.000000000000000000 ) ) ;
#5993 = EDGE_CURVE ( 'NONE', #3450, #3167, #1072, .T. ) ;
#5994 = CARTESIAN_POINT ( 'NONE',  ( 0.2000000000000001776, 14.70000000000001705, 50.00000000000000000 ) ) ;
#5995 = LINE ( 'NONE', #2932, #1783 ) ;
#5996 = PLANE ( 'NONE',  #2510 ) ;
#5997 = CARTESIAN_POINT ( 'NONE',  ( 9.749999999999998224, 7.507359312880706348, 0.0000000000000000000 ) ) ;
#5998 = VECTOR ( 'NONE', #808, 1000.000000000000000 ) ;
#5999 = ORIENTED_EDGE ( 'NONE', *, *, #969, .T. ) ;
#6000 = ADVANCED_FACE ( 'NONE', ( #5150, #5612, #3150, #3119, #236, #5113 ), #200, .T. ) ;
#6001 = CARTESIAN_POINT ( 'NONE',  ( 15.59999999999998543, 35.50000000000003553, 50.00000000000000000 ) ) ;
#6002 = AXIS2_PLACEMENT_3D ( 'NONE', #3237, #1872, #5797 ) ;
#6003 = PLANE ( 'NONE',  #3950 ) ;
#6004 = ADVANCED_FACE ( 'NONE', ( #1723 ), #5083, .T. ) ;
#6005 = VECTOR ( 'NONE', #2167, 1000.000000000000000 ) ;
#6006 = ORIENTED_EDGE ( 'NONE', *, *, #2293, .T. ) ;
#6007 = EDGE_CURVE ( 'NONE', #4521, #2850, #4266, .T. ) ;
#6008 = EDGE_CURVE ( 'NONE', #4049, #2460, #921, .T. ) ;
#6009 = VERTEX_POINT ( 'NONE', #5997 ) ;
#6010 = DIRECTION ( 'NONE',  ( 0.0000000000000000000, 0.0000000000000000000, 1.000000000000000000 ) ) ;
#6011 = AXIS2_PLACEMENT_3D ( 'NONE', #2675, #5224, #1796 ) ;
#6012 = DIRECTION ( 'NONE',  ( -0.0000000000000000000, -0.0000000000000000000, -1.000000000000000000 ) ) ;
#6013 = ORIENTED_EDGE ( 'NONE', *, *, #2499, .T. ) ;
#6014 = ADVANCED_FACE ( 'NONE', ( #4990 ), #4500, .F. ) ;
#6015 = DIRECTION ( 'NONE',  ( -1.000000000000000000, -6.802837160693386290E-16, 0.0000000000000000000 ) ) ;
#6016 = ORIENTED_EDGE ( 'NONE', *, *, #3908, .T. ) ;
#6017 = CYLINDRICAL_SURFACE ( 'NONE', #5077, 1.000000000000000444 ) ;
#6018 = CARTESIAN_POINT ( 'NONE',  ( 4.200000000000001066, 26.10000000000001563, 50.00000000000000000 ) ) ;
#6019 = ORIENTED_EDGE ( 'NONE', *, *, #960, .F. ) ;
#6020 = EDGE_LOOP ( 'NONE', ( #2391, #3203, #6054, #4104 ) ) ;
#6021 = AXIS2_PLACEMENT_3D ( 'NONE', #3286, #3764, #3802 ) ;
#6022 = AXIS2_PLACEMENT_3D ( 'NONE', #3749, #5732, #2786 ) ;
#6023 = CIRCLE ( 'NONE', #965, 0.2000000000000003164 ) ;
#6024 = EDGE_CURVE ( 'NONE', #4005, #5129, #560, .T. ) ;
#6025 = VERTEX_POINT ( 'NONE', #955 ) ;
#6026 = VECTOR ( 'NONE', #1901, 1000.000000000000000 ) ;
#6027 = EDGE_LOOP ( 'NONE', ( #5008, #4590, #1776, #2248 ) ) ;
#6028 = DIRECTION ( 'NONE',  ( -1.000000000000000000, 0.0000000000000000000, 0.0000000000000000000 ) ) ;
#6029 = EDGE_CURVE ( 'NONE', #2046, #4609, #71, .T. ) ;
#6030 = FACE_OUTER_BOUND ( 'NONE', #5337, .T. ) ;
#6031 = VECTOR ( 'NONE', #4337, 1000.000000000000000 ) ;
#6032 = AXIS2_PLACEMENT_3D ( 'NONE', #21, #1125, #4091 ) ;
#6033 = CARTESIAN_POINT ( 'NONE',  ( 25.29999999999999005, 0.0000000000000000000, 0.0000000000000000000 ) ) ;
#6034 = FACE_OUTER_BOUND ( 'NONE', #3421, .T. ) ;
#6035 = DIRECTION ( 'NONE',  ( 1.000000000000000000, 0.0000000000000000000, 0.0000000000000000000 ) ) ;
#6036 = AXIS2_PLACEMENT_3D ( 'NONE', #1469, #5358, #2897 ) ;
#6037 = CYLINDRICAL_SURFACE ( 'NONE', #2513, 2.000000000000000000 ) ;
#6038 = ORIENTED_EDGE ( 'NONE', *, *, #5087, .T. ) ;
#6039 = CARTESIAN_POINT ( 'NONE',  ( 29.24999999999999289, 38.50000000000004263, 0.0000000000000000000 ) ) ;
#6040 = DIRECTION ( 'NONE',  ( -0.0000000000000000000, -0.0000000000000000000, -1.000000000000000000 ) ) ;
#6041 = VERTEX_POINT ( 'NONE', #1919 ) ;
#6042 = LINE ( 'NONE', #4117, #3921 ) ;
#6043 = AXIS2_PLACEMENT_3D ( 'NONE', #1450, #1308, #847 ) ;
#6044 = EDGE_CURVE ( 'NONE', #1180, #2148, #3549, .T. ) ;
#6045 = CARTESIAN_POINT ( 'NONE',  ( -2.602085213965210642E-15, 35.49999999999998579, 0.0000000000000000000 ) ) ;
#6046 = ORIENTED_EDGE ( 'NONE', *, *, #3971, .F. ) ;
#6047 = CARTESIAN_POINT ( 'NONE',  ( 1.500000000000000888, 10.75000000000000888, 50.00000000000000000 ) ) ;
#6048 = ORIENTED_EDGE ( 'NONE', *, *, #4367, .F. ) ;
#6049 = FACE_OUTER_BOUND ( 'NONE', #6020, .T. ) ;
#6050 = DIRECTION ( 'NONE',  ( 1.000000000000000000, 0.0000000000000000000, 0.0000000000000000000 ) ) ;
#6051 = ADVANCED_FACE ( 'NONE', ( #4018 ), #2443, .F. ) ;
#6052 = EDGE_LOOP ( 'NONE', ( #3945, #5161, #988, #3588, #251, #2546, #6148, #2152 ) ) ;
#6053 = ORIENTED_EDGE ( 'NONE', *, *, #4690, .T. ) ;
#6054 = ORIENTED_EDGE ( 'NONE', *, *, #187, .F. ) ;
#6055 = ORIENTED_EDGE ( 'NONE', *, *, #4771, .F. ) ;
#6056 = CARTESIAN_POINT ( 'NONE',  ( 4.199999999999999289, 13.60000000000001918, 50.00000000000000000 ) ) ;
#6057 = DIRECTION ( 'NONE',  ( -0.0000000000000000000, -0.0000000000000000000, -1.000000000000000000 ) ) ;
#6058 = CARTESIAN_POINT ( 'NONE',  ( 32.55000000000037375, 1.300000000000078870, 0.0000000000000000000 ) ) ;
#6059 = LINE ( 'NONE', #5173, #3544 ) ;
#6061 = LINE ( 'NONE', #3206, #5930 ) ;
#6060 = VECTOR ( 'NONE', #3125, 1000.000000000000000 ) ;
#6062 = AXIS2_PLACEMENT_3D ( 'NONE', #2810, #4776, #345 ) ;
#6063 = DIRECTION ( 'NONE',  ( 1.000000000000000000, 0.0000000000000000000, 0.0000000000000000000 ) ) ;
#6064 = VERTEX_POINT ( 'NONE', #3993 ) ;
#6065 = CARTESIAN_POINT ( 'NONE',  ( 32.49264068711971021, 9.749999999999609201, 50.00000000000000000 ) ) ;
#6066 = DIRECTION ( 'NONE',  ( -1.000000000000000000, -1.224510688925414825E-14, 0.0000000000000000000 ) ) ;
#6067 = EDGE_CURVE ( 'NONE', #5690, #4945, #3862, .T. ) ;
#6068 = AXIS2_PLACEMENT_3D ( 'NONE', #3201, #6057, #4553 ) ;
#6069 = CARTESIAN_POINT ( 'NONE',  ( 8.449999999999999289, 37.69999999999978968, 0.0000000000000000000 ) ) ;
#6070 = DIRECTION ( 'NONE',  ( 1.000000000000000000, 0.0000000000000000000, 0.0000000000000000000 ) ) ;
#6071 = EDGE_CURVE ( 'NONE', #1522, #4233, #5881, .T. ) ;
#6072 = VECTOR ( 'NONE', #4954, 1000.000000000000000 ) ;
#6073 = ORIENTED_EDGE ( 'NONE', *, *, #5733, .T. ) ;
#6074 = DIRECTION ( 'NONE',  ( -1.000000000000000000, 0.0000000000000000000, 0.0000000000000000000 ) ) ;
#6075 = LINE ( 'NONE', #2605, #575 ) ;
#6076 = EDGE_LOOP ( 'NONE', ( #5301, #4259, #1738, #213 ) ) ;
#6077 = CYLINDRICAL_SURFACE ( 'NONE', #966, 0.1999999999999994005 ) ;
#6078 = ORIENTED_EDGE ( 'NONE', *, *, #5740, .F. ) ;
#6079 = CARTESIAN_POINT ( 'NONE',  ( 24.89999999999998437, 39.00000000000002132, 0.0000000000000000000 ) ) ;
#6080 = EDGE_CURVE ( 'NONE', #931, #720, #1992, .T. ) ;
#6081 = LINE ( 'NONE', #5159, #2686 ) ;
#6082 = ORIENTED_EDGE ( 'NONE', *, *, #3189, .T. ) ;
#6083 = VERTEX_POINT ( 'NONE', #2964 ) ;
#6084 = EDGE_CURVE ( 'NONE', #5963, #936, #5931, .T. ) ;
#6085 = VERTEX_POINT ( 'NONE', #10 ) ;
#6086 = EDGE_CURVE ( 'NONE', #936, #5443, #3479, .T. ) ;
#6087 = FACE_OUTER_BOUND ( 'NONE', #3491, .T. ) ;
#6088 = PLANE ( 'NONE',  #4503 ) ;
#6089 = AXIS2_PLACEMENT_3D ( 'NONE', #691, #3517, #5121 ) ;
#6090 = ORIENTED_EDGE ( 'NONE', *, *, #4525, .T. ) ;
#6091 = FACE_OUTER_BOUND ( 'NONE', #6310, .T. ) ;
#6092 = DIRECTION ( 'NONE',  ( 0.0000000000000000000, 0.0000000000000000000, 1.000000000000000000 ) ) ;
#6093 = DIRECTION ( 'NONE',  ( -1.000000000000000000, 0.0000000000000000000, 0.0000000000000000000 ) ) ;
#6094 = CARTESIAN_POINT ( 'NONE',  ( 8.449999999999999289, 32.54999999999987637, 0.0000000000000000000 ) ) ;
#6095 = CARTESIAN_POINT ( 'NONE',  ( 26.09999999999998010, 4.200000000000000178, 0.0000000000000000000 ) ) ;
#6096 = CARTESIAN_POINT ( 'NONE',  ( 20.00000000000000000, 20.00000000000000000, 50.00000000000000000 ) ) ;
#6097 = CARTESIAN_POINT ( 'NONE',  ( 25.29999999999999005, 40.00000000000002842, 0.0000000000000000000 ) ) ;
#6098 = DIRECTION ( 'NONE',  ( -0.0000000000000000000, -0.0000000000000000000, -1.000000000000000000 ) ) ;
#6099 = CARTESIAN_POINT ( 'NONE',  ( 35.80000000000002558, 26.40000000000248548, 50.00000000000000000 ) ) ;
#6100 = ADVANCED_FACE ( 'NONE', ( #2411 ), #2993, .T. ) ;
#6101 = ORIENTED_EDGE ( 'NONE', *, *, #6008, .T. ) ;
#6102 = DIRECTION ( 'NONE',  ( 0.0000000000000000000, 0.0000000000000000000, 1.000000000000000000 ) ) ;
#6103 = EDGE_CURVE ( 'NONE', #1695, #845, #4381, .T. ) ;
#6104 = VECTOR ( 'NONE', #5095, 1000.000000000000000 ) ;
#6105 = CARTESIAN_POINT ( 'NONE',  ( 4.199999999999999289, 24.10000000000001563, 50.00000000000000000 ) ) ;
#6106 = EDGE_LOOP ( 'NONE', ( #1395, #5599, #4714, #1227 ) ) ;
#6107 = VECTOR ( 'NONE', #652, 1000.000000000000000 ) ;
#6108 = ORIENTED_EDGE ( 'NONE', *, *, #6122, .T. ) ;
#6109 = DIRECTION ( 'NONE',  ( 0.0000000000000000000, 0.0000000000000000000, 1.000000000000000000 ) ) ;
#6110 = CARTESIAN_POINT ( 'NONE',  ( 4.500000000000001776, 24.40000000000001990, 50.00000000000000000 ) ) ;
#6111 =( GEOMETRIC_REPRESENTATION_CONTEXT ( 3 ) GLOBAL_UNCERTAINTY_ASSIGNED_CONTEXT ( ( #4889 ) ) GLOBAL_UNIT_ASSIGNED_CONTEXT ( ( #2742, #3191, #3736 ) ) REPRESENTATION_CONTEXT ( 'NONE', 'WORKASPACE' ) );
#6112 = VERTEX_POINT ( 'NONE', #1439 ) ;
#6113 = ORIENTED_EDGE ( 'NONE', *, *, #1969, .F. ) ;
#6114 = VECTOR ( 'NONE', #5951, 1000.000000000000000 ) ;
#6115 = ORIENTED_EDGE ( 'NONE', *, *, #4890, .T. ) ;
#6116 = ORIENTED_EDGE ( 'NONE', *, *, #804, .T. ) ;
#6117 = CARTESIAN_POINT ( 'NONE',  ( 26.40000000000043912, 35.80000000000003268, 50.00000000000000000 ) ) ;
#6118 = DIRECTION ( 'NONE',  ( 0.0000000000000000000, 0.0000000000000000000, 1.000000000000000000 ) ) ;
#6119 = VECTOR ( 'NONE', #4146, 1000.000000000000000 ) ;
#6120 = VERTEX_POINT ( 'NONE', #3414 ) ;
#6121 = DIRECTION ( 'NONE',  ( 0.0000000000000000000, 0.0000000000000000000, 1.000000000000000000 ) ) ;
#6122 = EDGE_CURVE ( 'NONE', #5794, #3969, #5722, .T. ) ;
#6123 = LINE ( 'NONE', #5668, #3029 ) ;
#6124 = LINE ( 'NONE', #5144, #6235 ) ;
#6125 = ORIENTED_EDGE ( 'NONE', *, *, #3706, .F. ) ;
#6126 = CARTESIAN_POINT ( 'NONE',  ( 1.300000000000366862, 4.499999999999889866, 0.0000000000000000000 ) ) ;
#6127 = CARTESIAN_POINT ( 'NONE',  ( 24.29999999999998650, 39.00000000000002132, 0.0000000000000000000 ) ) ;
#6128 = VECTOR ( 'NONE', #4226, 1000.000000000000000 ) ;
#6129 = VECTOR ( 'NONE', #4496, 1000.000000000000000 ) ;
#6130 = LINE ( 'NONE', #4597, #2386 ) ;
#6131 = DIRECTION ( 'NONE',  ( 6.928695815834736244E-16, 1.000000000000000000, 0.0000000000000000000 ) ) ;
#6132 = VECTOR ( 'NONE', #1237, 1000.000000000000000 ) ;
#6133 = EDGE_CURVE ( 'NONE', #752, #1200, #28, .T. ) ;
#6134 = CARTESIAN_POINT ( 'NONE',  ( 31.55000000000005755, 37.70000000000000284, 0.0000000000000000000 ) ) ;
#6135 = VECTOR ( 'NONE', #4791, 1000.000000000000000 ) ;
#6136 = CARTESIAN_POINT ( 'NONE',  ( 39.80000000000001137, 14.70000000000001705, 0.0000000000000000000 ) ) ;
#6137 = ORIENTED_EDGE ( 'NONE', *, *, #32, .T. ) ;
#6138 = CARTESIAN_POINT ( 'NONE',  ( 25.17157287525369114, 13.41421356237308338, 50.00000000000000000 ) ) ;
#6139 = EDGE_CURVE ( 'NONE', #5285, #441, #3644, .T. ) ;
#6140 = LINE ( 'NONE', #5619, #4600 ) ;
#6141 = VERTEX_POINT ( 'NONE', #6094 ) ;
#6142 = PRESENTATION_STYLE_ASSIGNMENT (( #765 ) ) ;
#6143 = ORIENTED_EDGE ( 'NONE', *, *, #1341, .T. ) ;
#6144 = CARTESIAN_POINT ( 'NONE',  ( 2.500000000000001332, 12.60000000000001741, 50.00000000000000000 ) ) ;
#6145 = VECTOR ( 'NONE', #1032, 1000.000000000000000 ) ;
#6146 = LINE ( 'NONE', #1129, #1963 ) ;
#6147 = EDGE_CURVE ( 'NONE', #3391, #5737, #4558, .T. ) ;
#6148 = ORIENTED_EDGE ( 'NONE', *, *, #2729, .F. ) ;
#6149 = VERTEX_POINT ( 'NONE', #1649 ) ;
#6150 = ADVANCED_FACE ( 'NONE', ( #614 ), #6037, .F. ) ;
#6151 = ORIENTED_EDGE ( 'NONE', *, *, #26, .T. ) ;
#6152 = ORIENTED_EDGE ( 'NONE', *, *, #2075, .T. ) ;
#6153 = DIRECTION ( 'NONE',  ( -0.0000000000000000000, -0.0000000000000000000, -1.000000000000000000 ) ) ;
#6154 = DIRECTION ( 'NONE',  ( -0.0000000000000000000, -0.0000000000000000000, -1.000000000000000000 ) ) ;
#6155 = ORIENTED_EDGE ( 'NONE', *, *, #4974, .F. ) ;
#6156 = DIRECTION ( 'NONE',  ( -0.0000000000000000000, 1.000000000000000000, -0.0000000000000000000 ) ) ;
#6157 = DIRECTION ( 'NONE',  ( -1.000000000000000000, 0.0000000000000000000, 0.0000000000000000000 ) ) ;
#6158 = CYLINDRICAL_SURFACE ( 'NONE', #5082, 1.000000000000000888 ) ;
#6159 = ORIENTED_EDGE ( 'NONE', *, *, #5976, .T. ) ;
#6160 = LINE ( 'NONE', #2763, #5618 ) ;
#6161 = ORIENTED_EDGE ( 'NONE', *, *, #5933, .T. ) ;
#6162 = CARTESIAN_POINT ( 'NONE',  ( 26.10000000000043840, 35.80000000000003268, 0.0000000000000000000 ) ) ;
#6163 = LINE ( 'NONE', #5112, #4499 ) ;
#6164 = EDGE_CURVE ( 'NONE', #1705, #2021, #3347, .T. ) ;
#6165 = DIRECTION ( 'NONE',  ( 1.000000000000000000, 0.0000000000000000000, 0.0000000000000000000 ) ) ;
#6166 = CIRCLE ( 'NONE', #267, 1.000000000000000000 ) ;
#6167 = VECTOR ( 'NONE', #3026, 1000.000000000000000 ) ;
#6168 = DIRECTION ( 'NONE',  ( 1.000000000000000000, 0.0000000000000000000, 0.0000000000000000000 ) ) ;
#6169 = VERTEX_POINT ( 'NONE', #6126 ) ;
#6170 = EDGE_CURVE ( 'NONE', #4224, #993, #2665, .T. ) ;
#6171 = VECTOR ( 'NONE', #1643, 1000.000000000000000 ) ;
#6172 = DIRECTION ( 'NONE',  ( -0.0000000000000000000, -0.0000000000000000000, -1.000000000000000000 ) ) ;
#6173 = EDGE_CURVE ( 'NONE', #2986, #4317, #2592, .T. ) ;
#6174 = CIRCLE ( 'NONE', #6274, 1.000000000000000888 ) ;
#6175 = CARTESIAN_POINT ( 'NONE',  ( 38.80000000000001137, 15.69999999999928342, 0.0000000000000000000 ) ) ;
#6176 = AXIS2_PLACEMENT_3D ( 'NONE', #390, #1875, #4335 ) ;
#6177 = CARTESIAN_POINT ( 'NONE',  ( 8.450000000000315481, 2.299999999999874145, 50.00000000000000000 ) ) ;
#6178 = ORIENTED_EDGE ( 'NONE', *, *, #2683, .F. ) ;
#6179 = DIRECTION ( 'NONE',  ( 0.0000000000000000000, 0.0000000000000000000, 1.000000000000000000 ) ) ;
#6180 = DIRECTION ( 'NONE',  ( 0.0000000000000000000, -0.0000000000000000000, 1.000000000000000000 ) ) ;
#6181 = ORIENTED_EDGE ( 'NONE', *, *, #1614, .T. ) ;
#6182 = VERTEX_POINT ( 'NONE', #4108 ) ;
#6183 = ORIENTED_EDGE ( 'NONE', *, *, #749, .F. ) ;
#6184 = ADVANCED_FACE ( 'NONE', ( #2692 ), #2101, .F. ) ;
#6185 = ORIENTED_EDGE ( 'NONE', *, *, #1792, .F. ) ;
#6186 = CARTESIAN_POINT ( 'NONE',  ( 26.39999999999998082, 4.199999999999997513, 50.00000000000000000 ) ) ;
#6187 = DIRECTION ( 'NONE',  ( 0.0000000000000000000, -1.000000000000000000, 0.0000000000000000000 ) ) ;
#6188 = DIRECTION ( 'NONE',  ( -1.000000000000000000, 0.0000000000000000000, 0.0000000000000000000 ) ) ;
#6189 = EDGE_LOOP ( 'NONE', ( #1086, #667, #3048, #2583 ) ) ;
#6190 = CARTESIAN_POINT ( 'NONE',  ( 24.09999999999998366, 35.80000000000004690, 0.0000000000000000000 ) ) ;
#6191 = DIRECTION ( 'NONE',  ( -0.0000000000000000000, -0.0000000000000000000, -1.000000000000000000 ) ) ;
#6192 = EDGE_LOOP ( 'NONE', ( #1793, #5527, #4682, #1351 ) ) ;
#6193 = DIRECTION ( 'NONE',  ( 1.000000000000000000, 0.0000000000000000000, 0.0000000000000000000 ) ) ;
#6194 = ORIENTED_EDGE ( 'NONE', *, *, #6303, .F. ) ;
#6195 = DIRECTION ( 'NONE',  ( -0.0000000000000000000, -0.0000000000000000000, -1.000000000000000000 ) ) ;
#6196 = CARTESIAN_POINT ( 'NONE',  ( 14.89999999999998259, 39.20000000000000995, 0.0000000000000000000 ) ) ;
#6197 = DIRECTION ( 'NONE',  ( -0.0000000000000000000, -0.0000000000000000000, -1.000000000000000000 ) ) ;
#6198 = LINE ( 'NONE', #3731, #222 ) ;
#6199 = EDGE_CURVE ( 'NONE', #2674, #4646, #1621, .T. ) ;
#6200 = ORIENTED_EDGE ( 'NONE', *, *, #4192, .T. ) ;
#6201 = DIRECTION ( 'NONE',  ( 1.000000000000000000, 0.0000000000000000000, 0.0000000000000000000 ) ) ;
#6202 = FACE_OUTER_BOUND ( 'NONE', #2378, .T. ) ;
#6203 = EDGE_CURVE ( 'NONE', #6085, #1387, #2835, .T. ) ;
#6204 = CARTESIAN_POINT ( 'NONE',  ( 14.00000000000000000, 23.75735931288055625, 50.00000000000000000 ) ) ;
#6205 = ORIENTED_EDGE ( 'NONE', *, *, #5012, .F. ) ;
#6206 = DIRECTION ( 'NONE',  ( 0.7071067811865420216, -0.7071067811865531239, 0.0000000000000000000 ) ) ;
#6207 = CIRCLE ( 'NONE', #5381, 1.000000000000000888 ) ;
#6208 = DIRECTION ( 'NONE',  ( -1.000000000000000000, 0.0000000000000000000, 0.0000000000000000000 ) ) ;
#6209 = EDGE_CURVE ( 'NONE', #2148, #3868, #5515, .T. ) ;
#6210 = VERTEX_POINT ( 'NONE', #1687 ) ;
#6211 = ORIENTED_EDGE ( 'NONE', *, *, #3178, .F. ) ;
#6212 = VECTOR ( 'NONE', #5101, 1000.000000000000000 ) ;
#6213 = VERTEX_POINT ( 'NONE', #4048 ) ;
#6214 = AXIS2_PLACEMENT_3D ( 'NONE', #2035, #2923, #4951 ) ;
#6215 = VERTEX_POINT ( 'NONE', #4173 ) ;
#6216 = FACE_OUTER_BOUND ( 'NONE', #1274, .T. ) ;
#6217 = CARTESIAN_POINT ( 'NONE',  ( 0.9999999999999986677, 24.90000000000001634, 50.00000000000000000 ) ) ;
#6218 = CARTESIAN_POINT ( 'NONE',  ( 35.80000000000002558, 24.09999999999928022, 50.00000000000000000 ) ) ;
#6219 = ORIENTED_EDGE ( 'NONE', *, *, #84, .F. ) ;
#6220 = EDGE_CURVE ( 'NONE', #5684, #3270, #4787, .T. ) ;
#6221 = CARTESIAN_POINT ( 'NONE',  ( 32.55000000000005400, 38.69999999999998863, 50.00000000000000000 ) ) ;
#6222 = CARTESIAN_POINT ( 'NONE',  ( 38.50000000000036948, 10.74999999999961986, 50.00000000000000000 ) ) ;
#6223 = ORIENTED_EDGE ( 'NONE', *, *, #4128, .F. ) ;
#6224 = CARTESIAN_POINT ( 'NONE',  ( 37.69999999999999574, 32.55000000000008242, 50.00000000000000000 ) ) ;
#6225 = CYLINDRICAL_SURFACE ( 'NONE', #1902, 0.3000000000000016542 ) ;
#6226 = CARTESIAN_POINT ( 'NONE',  ( 25.29999999999999005, 40.00000000000002842, 50.00000000000000000 ) ) ;
#6227 = DIRECTION ( 'NONE',  ( 1.000000000000000000, -6.928695815834736244E-16, 0.0000000000000000000 ) ) ;
#6228 = VECTOR ( 'NONE', #1823, 1000.000000000000000 ) ;
#6229 = DIRECTION ( 'NONE',  ( 0.0000000000000000000, 0.0000000000000000000, -1.000000000000000000 ) ) ;
#6230 = ADVANCED_FACE ( 'NONE', ( #1558 ), #1207, .F. ) ;
#6231 = DIRECTION ( 'NONE',  ( -0.0000000000000000000, -0.0000000000000000000, -1.000000000000000000 ) ) ;
#6232 = DIRECTION ( 'NONE',  ( -1.000000000000000000, 0.0000000000000000000, 0.0000000000000000000 ) ) ;
#6233 = VECTOR ( 'NONE', #6255, 1000.000000000000000 ) ;
#6234 = ORIENTED_EDGE ( 'NONE', *, *, #6007, .F. ) ;
#6235 = VECTOR ( 'NONE', #6093, 1000.000000000000000 ) ;
#6236 = LINE ( 'NONE', #5648, #3024 ) ;
#6237 = LINE ( 'NONE', #3609, #4497 ) ;
#6238 = MECHANICAL_DESIGN_GEOMETRIC_PRESENTATION_REPRESENTATION (  '', ( #5410 ), #6111 ) ;
#6239 = LINE ( 'NONE', #2776, #4351 ) ;
#6240 = CIRCLE ( 'NONE', #237, 0.2999999999999999334 ) ;
#6241 = ORIENTED_EDGE ( 'NONE', *, *, #392, .T. ) ;
#6242 = DIRECTION ( 'NONE',  ( -0.7071067811865495711, 0.7071067811865454633, 0.0000000000000000000 ) ) ;
#6243 = CARTESIAN_POINT ( 'NONE',  ( 24.09999999999998366, 38.80000000000001847, 50.00000000000000000 ) ) ;
#6244 = EDGE_CURVE ( 'NONE', #906, #4744, #5543, .T. ) ;
#6245 = ORIENTED_EDGE ( 'NONE', *, *, #5749, .T. ) ;
#6246 = ORIENTED_EDGE ( 'NONE', *, *, #2928, .T. ) ;
#6247 = ORIENTED_EDGE ( 'NONE', *, *, #5430, .T. ) ;
#6248 = VERTEX_POINT ( 'NONE', #590 ) ;
#6249 = DIRECTION ( 'NONE',  ( 0.7071067811865411334, 0.7071067811865539010, 0.0000000000000000000 ) ) ;
#6250 = EDGE_CURVE ( 'NONE', #2578, #3820, #650, .T. ) ;
#6251 = CARTESIAN_POINT ( 'NONE',  ( 4.500000000000001776, 26.10000000000001563, 0.0000000000000000000 ) ) ;
#6252 = DIRECTION ( 'NONE',  ( 0.0000000000000000000, 0.0000000000000000000, 1.000000000000000000 ) ) ;
#6253 = VERTEX_POINT ( 'NONE', #2069 ) ;
#6254 = CARTESIAN_POINT ( 'NONE',  ( 38.80000000000001137, 24.29999999999927951, 0.0000000000000000000 ) ) ;
#6255 = DIRECTION ( 'NONE',  ( -0.0000000000000000000, -0.0000000000000000000, -1.000000000000000000 ) ) ;
#6256 = ORIENTED_EDGE ( 'NONE', *, *, #2824, .F. ) ;
#6257 = FACE_OUTER_BOUND ( 'NONE', #3743, .T. ) ;
#6258 = CARTESIAN_POINT ( 'NONE',  ( 32.55000000000037375, 7.450000000000006395, 50.00000000000000000 ) ) ;
#6259 = CARTESIAN_POINT ( 'NONE',  ( 4.500000000000032863, 0.0000000000000000000, 0.0000000000000000000 ) ) ;
#6260 = LINE ( 'NONE', #5247, #5865 ) ;
#6261 = PLANE ( 'NONE',  #2648 ) ;
#6262 = ORIENTED_EDGE ( 'NONE', *, *, #5311, .T. ) ;
#6263 = CARTESIAN_POINT ( 'NONE',  ( 35.49999999999999289, 15.59999999999928022, 0.0000000000000000000 ) ) ;
#6264 = PLANE ( 'NONE',  #6332 ) ;
#6265 = ORIENTED_EDGE ( 'NONE', *, *, #5545, .T. ) ;
#6266 = EDGE_CURVE ( 'NONE', #5436, #2687, #2164, .T. ) ;
#6267 = CARTESIAN_POINT ( 'NONE',  ( 26.39999999999998082, 4.199999999999997513, 50.00000000000000000 ) ) ;
#6268 = AXIS2_PLACEMENT_3D ( 'NONE', #5946, #3481, #4959 ) ;
#6269 = CIRCLE ( 'NONE', #2644, 3.400000000000000355 ) ;
#6270 = EDGE_CURVE ( 'NONE', #6248, #2421, #3181, .T. ) ;
#6271 = CARTESIAN_POINT ( 'NONE',  ( 15.69999999999998153, 39.00000000000001421, 50.00000000000000000 ) ) ;
#6272 = CARTESIAN_POINT ( 'NONE',  ( 4.199999999999999289, 26.40000000000001634, 50.00000000000000000 ) ) ;
#6273 = AXIS2_PLACEMENT_3D ( 'NONE', #4883, #5898, #455 ) ;
#6274 = AXIS2_PLACEMENT_3D ( 'NONE', #2006, #1045, #63 ) ;
#6275 = VERTEX_POINT ( 'NONE', #3086 ) ;
#6276 = DIRECTION ( 'NONE',  ( 0.0000000000000000000, -1.000000000000000000, 0.0000000000000000000 ) ) ;
#6277 = DIRECTION ( 'NONE',  ( 0.0000000000000000000, 0.0000000000000000000, 1.000000000000000000 ) ) ;
#6278 = ORIENTED_EDGE ( 'NONE', *, *, #5770, .T. ) ;
#6279 = ORIENTED_EDGE ( 'NONE', *, *, #3058, .T. ) ;
#6280 = CARTESIAN_POINT ( 'NONE',  ( 1.361730811316063890E-16, 14.70000000000001528, 0.0000000000000000000 ) ) ;
#6281 = VERTEX_POINT ( 'NONE', #5047 ) ;
#6282 = AXIS2_PLACEMENT_3D ( 'NONE', #6221, #1777, #5738 ) ;
#6283 = EDGE_LOOP ( 'NONE', ( #4929, #2124, #247, #1676 ) ) ;
#6284 = DIRECTION ( 'NONE',  ( 0.0000000000000000000, 0.0000000000000000000, 1.000000000000000000 ) ) ;
#6285 = DIRECTION ( 'NONE',  ( -1.000000000000000000, -0.0000000000000000000, -0.0000000000000000000 ) ) ;
#6286 = DIRECTION ( 'NONE',  ( 1.000000000000000000, 0.0000000000000000000, 0.0000000000000000000 ) ) ;
#6287 = ORIENTED_EDGE ( 'NONE', *, *, #1320, .F. ) ;
#6288 = DIRECTION ( 'NONE',  ( 0.0000000000000000000, 0.0000000000000000000, 1.000000000000000000 ) ) ;
#6289 = EDGE_CURVE ( 'NONE', #5086, #4652, #814, .T. ) ;
#6290 = CARTESIAN_POINT ( 'NONE',  ( 14.00000000000000000, 23.75735931288055625, 50.00000000000000000 ) ) ;
#6291 = EDGE_CURVE ( 'NONE', #4429, #5175, #3648, .T. ) ;
#6292 = ORIENTED_EDGE ( 'NONE', *, *, #408, .F. ) ;
#6293 = DIRECTION ( 'NONE',  ( 0.0000000000000000000, 0.0000000000000000000, -1.000000000000000000 ) ) ;
#6294 = LINE ( 'NONE', #4759, #944 ) ;
#6295 = CARTESIAN_POINT ( 'NONE',  ( 13.41421356237310114, 14.82842712474610103, 50.00000000000000000 ) ) ;
#6296 = CARTESIAN_POINT ( 'NONE',  ( 38.50000000000036948, 10.74999999999961986, 0.0000000000000000000 ) ) ;
#6297 = EDGE_CURVE ( 'NONE', #865, #4788, #5742, .T. ) ;
#6298 = DIRECTION ( 'NONE',  ( 1.000000000000000000, 0.0000000000000000000, 0.0000000000000000000 ) ) ;
#6299 = DIRECTION ( 'NONE',  ( -1.000000000000000000, 0.0000000000000000000, 0.0000000000000000000 ) ) ;
#6300 = ORIENTED_EDGE ( 'NONE', *, *, #5202, .F. ) ;
#6301 = FACE_OUTER_BOUND ( 'NONE', #3438, .T. ) ;
#6302 = DIRECTION ( 'NONE',  ( 0.0000000000000000000, 0.0000000000000000000, 1.000000000000000000 ) ) ;
#6303 = EDGE_CURVE ( 'NONE', #3733, #133, #3036, .T. ) ;
#6304 = DIRECTION ( 'NONE',  ( 0.0000000000000000000, 0.0000000000000000000, 1.000000000000000000 ) ) ;
#6305 = ORIENTED_EDGE ( 'NONE', *, *, #2855, .F. ) ;
#6306 = ADVANCED_FACE ( 'NONE', ( #1813 ), #4826, .F. ) ;
#6307 = CARTESIAN_POINT ( 'NONE',  ( 1.300000000000051115, 32.54999999999987637, 0.0000000000000000000 ) ) ;
#6308 = CARTESIAN_POINT ( 'NONE',  ( 1.199999999999999956, 15.90000000000001812, 0.0000000000000000000 ) ) ;
#6309 = ORIENTED_EDGE ( 'NONE', *, *, #3968, .F. ) ;
#6310 = EDGE_LOOP ( 'NONE', ( #5145, #3439, #3651, #3303 ) ) ;
#6311 = CARTESIAN_POINT ( 'NONE',  ( 13.41421356237304963, 25.17157287525370535, 0.0000000000000000000 ) ) ;
#6312 = ORIENTED_EDGE ( 'NONE', *, *, #5465, .T. ) ;
#6313 = ORIENTED_EDGE ( 'NONE', *, *, #4974, .T. ) ;
#6314 = CARTESIAN_POINT ( 'NONE',  ( 13.59999999999998366, 4.199999999999997513, 50.00000000000000000 ) ) ;
#6315 = DIRECTION ( 'NONE',  ( 3.614007241618369971E-16, 1.000000000000000000, -0.0000000000000000000 ) ) ;
#6316 = DIRECTION ( 'NONE',  ( -0.0000000000000000000, -0.0000000000000000000, -1.000000000000000000 ) ) ;
#6317 = VECTOR ( 'NONE', #5068, 1000.000000000000000 ) ;
#6318 = ORIENTED_EDGE ( 'NONE', *, *, #1077, .F. ) ;
#6319 = LINE ( 'NONE', #3755, #275 ) ;
#6320 = LINE ( 'NONE', #812, #1789 ) ;
#6321 = AXIS2_PLACEMENT_3D ( 'NONE', #5415, #4981, #3955 ) ;
#6322 = ORIENTED_EDGE ( 'NONE', *, *, #4835, .T. ) ;
#6323 = CYLINDRICAL_SURFACE ( 'NONE', #4962, 1.000000000000000000 ) ;
#6324 = CARTESIAN_POINT ( 'NONE',  ( 38.50000000000036948, 10.74999999999961986, 50.00000000000000000 ) ) ;
#6325 = ADVANCED_FACE ( 'NONE', ( #3824 ), #361, .F. ) ;
#6326 = CARTESIAN_POINT ( 'NONE',  ( 27.40000000000044977, 38.50000000000004263, 50.00000000000000000 ) ) ;
#6327 = DIRECTION ( 'NONE',  ( 1.000000000000000000, 3.614007241618349264E-16, -0.0000000000000000000 ) ) ;
#6328 = EDGE_CURVE ( 'NONE', #4475, #479, #1894, .T. ) ;
#6329 = LINE ( 'NONE', #5748, #1989 ) ;
#6330 = ORIENTED_EDGE ( 'NONE', *, *, #2366, .T. ) ;
#6331 = ADVANCED_FACE ( 'NONE', ( #2826 ), #5773, .F. ) ;
#6332 = AXIS2_PLACEMENT_3D ( 'NONE', #2343, #6364, #1345 ) ;
#6333 = AXIS2_PLACEMENT_3D ( 'NONE', #4749, #874, #5696 ) ;
#6334 = VECTOR ( 'NONE', #4862, 1000.000000000000000 ) ;
#6335 = FACE_OUTER_BOUND ( 'NONE', #1365, .T. ) ;
#6336 = FACE_OUTER_BOUND ( 'NONE', #641, .T. ) ;
#6337 = VERTEX_POINT ( 'NONE', #1781 ) ;
#6338 = CARTESIAN_POINT ( 'NONE',  ( 12.60000000000082565, 37.50000000000004263, 50.00000000000000000 ) ) ;
#6339 = VECTOR ( 'NONE', #2408, 1000.000000000000000 ) ;
#6340 = EDGE_CURVE ( 'NONE', #461, #133, #394, .T. ) ;
#6341 = CIRCLE ( 'NONE', #1786, 2.000000000000001776 ) ;
#6342 = VERTEX_POINT ( 'NONE', #846 ) ;
#6343 = VERTEX_POINT ( 'NONE', #5213 ) ;
#6344 = VECTOR ( 'NONE', #4566, 1000.000000000000000 ) ;
#6345 = CARTESIAN_POINT ( 'NONE',  ( 1.300000000000366862, 7.449999999999787903, 0.0000000000000000000 ) ) ;
#6346 = ORIENTED_EDGE ( 'NONE', *, *, #4691, .T. ) ;
#6347 = VECTOR ( 'NONE', #1042, 1000.000000000000000 ) ;
#6348 = EDGE_LOOP ( 'NONE', ( #4033, #4262, #3823, #322 ) ) ;
#6349 = CARTESIAN_POINT ( 'NONE',  ( 35.50000000000000711, 35.50000000000001421, 50.00000000000000000 ) ) ;
#6350 = CARTESIAN_POINT ( 'NONE',  ( 29.24999999999999289, 38.50000000000004263, 0.0000000000000000000 ) ) ;
#6351 = EDGE_CURVE ( 'NONE', #5760, #1671, #2617, .T. ) ;
#6352 = CARTESIAN_POINT ( 'NONE',  ( 35.50000000000000711, 4.500000000000000000, 50.00000000000000000 ) ) ;
#6353 = ORIENTED_EDGE ( 'NONE', *, *, #3136, .F. ) ;
#6354 = CARTESIAN_POINT ( 'NONE',  ( 24.09999999999998366, 38.80000000000001847, 0.0000000000000000000 ) ) ;
#6355 = EDGE_CURVE ( 'NONE', #353, #616, #4309, .T. ) ;
#6356 = PRODUCT ( '4040 Aluminum Extrusion Profile', '4040 Aluminum Extrusion Profile', '', ( #5473 ) ) ;
#6357 = DIRECTION ( 'NONE',  ( 0.0000000000000000000, 0.0000000000000000000, 1.000000000000000000 ) ) ;
#6358 = ORIENTED_EDGE ( 'NONE', *, *, #3533, .F. ) ;
#6359 = LINE ( 'NONE', #4274, #4450 ) ;
#6360 = DIRECTION ( 'NONE',  ( 0.0000000000000000000, -0.0000000000000000000, -1.000000000000000000 ) ) ;
#6361 = ADVANCED_FACE ( 'NONE', ( #2371 ), #5805, .F. ) ;
#6362 = DIRECTION ( 'NONE',  ( -1.000000000000000000, 0.0000000000000000000, 0.0000000000000000000 ) ) ;
#6363 = CARTESIAN_POINT ( 'NONE',  ( 16.24264068711928743, 12.00000000000000178, 50.00000000000000000 ) ) ;
#6364 = DIRECTION ( 'NONE',  ( -1.000000000000000000, 1.172110456741085581E-16, 0.0000000000000000000 ) ) ;
#6365 = CARTESIAN_POINT ( 'NONE',  ( 37.50000000000036948, 10.74999999999961098, 50.00000000000000000 ) ) ;
#6366 = ORIENTED_EDGE ( 'NONE', *, *, #2205, .F. ) ;
#6367 = EDGE_CURVE ( 'NONE', #5516, #3712, #6160, .T. ) ;
#6368 = CARTESIAN_POINT ( 'NONE',  ( 24.29999999999998295, 38.80000000000001847, 50.00000000000000000 ) ) ;
#6369 = ADVANCED_FACE ( 'NONE', ( #6257 ), #3694, .F. ) ;
#6370 = CARTESIAN_POINT ( 'NONE',  ( 30.25000000000000000, 32.49264068711929809, 50.00000000000000000 ) ) ;
#6371 = EDGE_CURVE ( 'NONE', #3407, #902, #2940, .T. ) ;
#6372 = ORIENTED_EDGE ( 'NONE', *, *, #2726, .T. ) ;
#6373 = LINE ( 'NONE', #899, #215 ) ;
#6374 = VERTEX_POINT ( 'NONE', #1747 ) ;
#6375 = VECTOR ( 'NONE', #2416, 1000.000000000000000 ) ;
#6376 = ORIENTED_EDGE ( 'NONE', *, *, #3098, .T. ) ;
#6377 = AXIS2_PLACEMENT_3D ( 'NONE', #3698, #5707, #4211 ) ;
#6378 = DIRECTION ( 'NONE',  ( 0.0000000000000000000, -1.000000000000000000, 0.0000000000000000000 ) ) ;
#6379 = ORIENTED_EDGE ( 'NONE', *, *, #5261, .T. ) ;
#6381 = ORIENTED_EDGE ( 'NONE', *, *, #2359, .T. ) ;
#6380 = CARTESIAN_POINT ( 'NONE',  ( 13.89999999999998437, 4.200000000000000178, 50.00000000000000000 ) ) ;
#6382 = DIRECTION ( 'NONE',  ( 1.000000000000000000, -0.0000000000000000000, -0.0000000000000000000 ) ) ;
#6383 = DIRECTION ( 'NONE',  ( 1.000000000000000000, 0.0000000000000000000, 0.0000000000000000000 ) ) ;
#6384 = AXIS2_PLACEMENT_3D ( 'NONE', #5239, #1332, #4366 ) ;
#6385 = CARTESIAN_POINT ( 'NONE',  ( 40.00000000000000711, 25.30000000000002203, 50.00000000000000000 ) ) ;
#6386 = ORIENTED_EDGE ( 'NONE', *, *, #2931, .T. ) ;
#6387 = DIRECTION ( 'NONE',  ( -0.0000000000000000000, -0.0000000000000000000, -1.000000000000000000 ) ) ;
#6388 = ADVANCED_FACE ( 'NONE', ( #3724 ), #5704, .F. ) ;
#6389 = VECTOR ( 'NONE', #36, 1000.000000000000000 ) ;
#6390 = ORIENTED_EDGE ( 'NONE', *, *, #5868, .T. ) ;
#6391 = ORIENTED_EDGE ( 'NONE', *, *, #6371, .F. ) ;
#6392 = LINE ( 'NONE', #425, #6347 ) ;
#6393 = DIRECTION ( 'NONE',  ( 0.0000000000000000000, -0.0000000000000000000, -1.000000000000000000 ) ) ;
#6394 = ADVANCED_FACE ( 'NONE', ( #5841 ), #4921, .F. ) ;
#6395 = DIRECTION ( 'NONE',  ( -0.0000000000000000000, -0.0000000000000000000, -1.000000000000000000 ) ) ;
#6396 = PLANE ( 'NONE',  #5450 ) ;
#6397 = CARTESIAN_POINT ( 'NONE',  ( 0.2000000000000001776, 25.10000000000001918, 0.0000000000000000000 ) ) ;
#6398 = CARTESIAN_POINT ( 'NONE',  ( 40.00000000000000000, 35.49999999999998579, 0.0000000000000000000 ) ) ;
#6399 = CARTESIAN_POINT ( 'NONE',  ( 2.300000000000373745, 8.449999999999795008, 50.00000000000000000 ) ) ;
#6400 = EDGE_LOOP ( 'NONE', ( #4912, #6219, #5065, #3610 ) ) ;
#6401 = DIRECTION ( 'NONE',  ( -1.000000000000000000, 0.0000000000000000000, 0.0000000000000000000 ) ) ;
#6402 = LINE ( 'NONE', #2941, #5809 ) ;
#6403 = ORIENTED_EDGE ( 'NONE', *, *, #4476, .T. ) ;
#6404 = DIRECTION ( 'NONE',  ( -0.0000000000000000000, -0.0000000000000000000, -1.000000000000000000 ) ) ;
#6405 = VECTOR ( 'NONE', #3122, 1000.000000000000000 ) ;
#6406 = EDGE_CURVE ( 'NONE', #2676, #4949, #3455, .T. ) ;
#6407 = ORIENTED_EDGE ( 'NONE', *, *, #3773, .F. ) ;
#6408 = ORIENTED_EDGE ( 'NONE', *, *, #2429, .F. ) ;
#6409 = LINE ( 'NONE', #1932, #3228 ) ;
#6411 = ORIENTED_EDGE ( 'NONE', *, *, #840, .T. ) ;
#6410 = CYLINDRICAL_SURFACE ( 'NONE', #5843, 1.000000000000000888 ) ;
#6412 = PLANE ( 'NONE',  #3442 ) ;
#6413 = DIRECTION ( 'NONE',  ( -0.0000000000000000000, -0.0000000000000000000, -1.000000000000000000 ) ) ;
#6414 = EDGE_CURVE ( 'NONE', #3207, #4636, #6392, .T. ) ;
#6415 = ORIENTED_EDGE ( 'NONE', *, *, #1080, .T. ) ;
#6416 = EDGE_LOOP ( 'NONE', ( #1120, #2444, #3800, #696 ) ) ;
ENDSEC;
END-ISO-10303-21;
